source_path,plan_label,beam_number,beam_name,control_point_index,gantry_angle_deg,axial_position_mm,cumulative_meterset_weight,dose_rate_mu_per_min,jaw_x1_mm,jaw_x2_mm,jaw_y1_mm,jaw_y2_mm,delta_gantry_deg,delta_axial_mm,delta_cumulative_meterset_weight,aperture_width_mm
D:\Obsidian\Web Clipper\001_inbox\RTPLAN_57661.dcm,NewPlan,1,Beam1,0,0.0,-60.25,0.0,1400.0,-150.0,150.0,-150.0,150.0,,,,21.8475
D:\Obsidian\Web Clipper\001_inbox\RTPLAN_57661.dcm,NewPlan,1,Beam1,1,356.0,-60.620368958,0.0028959915263,1400.0,-150.0,150.0,-150.0,150.0,-4.0,-0.37036895800000025,0.0028959915263,29.245599999999996
D:\Obsidian\Web Clipper\001_inbox\RTPLAN_57661.dcm,NewPlan,1,Beam1,2,352.0,-60.990737915,0.0058952584935,1400.0,-150.0,150.0,-150.0,150.0,-4.0,-0.3703689569999966,0.0029992669671999998,40.6444
D:\Obsidian\Web Clipper\001_inbox\RTPLAN_57661.dcm,NewPlan,1,Beam1,3,348.0,-61.361106873,0.0088914249694,1400.0,-150.0,150.0,-150.0,150.0,-4.0,-0.37036895800000025,0.0029961664758999997,37.3321
D:\Obsidian\Web Clipper\001_inbox\RTPLAN_57661.dcm,NewPlan,1,Beam1,4,344.0,-61.73147583,0.01194784894,1400.0,-150.0,150.0,-150.0,150.0,-4.0,-0.3703689570000037,0.0030564239706000005,38.941
D:\Obsidian\Web Clipper\001_inbox\RTPLAN_57661.dcm,NewPlan,1,Beam1,5,340.0,-62.101844788,0.014825706311,1400.0,-150.0,150.0,-150.0,150.0,-4.0,-0.37036895800000025,0.002877857370999999,48.5957
D:\Obsidian\Web Clipper\001_inbox\RTPLAN_57661.dcm,NewPlan,1,Beam1,6,336.0,-62.472213745,0.017387271499,1400.0,-150.0,150.0,-150.0,150.0,-4.0,-0.3703689569999966,0.002561565188000001,27.1
D:\Obsidian\Web Clipper\001_inbox\RTPLAN_57661.dcm,NewPlan,1,Beam1,7,332.0,-62.842582703,0.02007782621,1400.0,-150.0,150.0,-150.0,150.0,-4.0,-0.37036895800000025,0.0026905547109999997,33.4764
D:\Obsidian\Web Clipper\001_inbox\RTPLAN_57661.dcm,NewPlan,1,Beam1,8,328.0,-63.21295166,0.022751229767,1400.0,-150.0,150.0,-150.0,150.0,-4.0,-0.3703689570000037,0.0026734035569999995,27.8171
D:\Obsidian\Web Clipper\001_inbox\RTPLAN_57661.dcm,NewPlan,1,Beam1,9,324.0,-63.583320618,0.025336834127,1400.0,-150.0,150.0,-150.0,150.0,-4.0,-0.37036895800000025,0.0025856043600000003,25.6791
D:\Obsidian\Web Clipper\001_inbox\RTPLAN_57661.dcm,NewPlan,1,Beam1,10,320.0,-63.953689575,0.027842504819,1400.0,-150.0,150.0,-150.0,150.0,-4.0,-0.3703689569999966,0.0025056706920000005,27.739199999999993
D:\Obsidian\Web Clipper\001_inbox\RTPLAN_57661.dcm,NewPlan,1,Beam1,11,316.0,-64.324058533,0.030396730267,1400.0,-150.0,150.0,-150.0,150.0,-4.0,-0.37036895800000025,0.0025542254479999985,34.127500000000005
D:\Obsidian\Web Clipper\001_inbox\RTPLAN_57661.dcm,NewPlan,1,Beam1,12,312.0,-64.69442749,0.032964953343,1400.0,-150.0,150.0,-150.0,150.0,-4.0,-0.3703689569999966,0.002568223076000003,27.9071
D:\Obsidian\Web Clipper\001_inbox\RTPLAN_57661.dcm,NewPlan,1,Beam1,13,308.0,-65.064796447754,0.035452602506,1400.0,-150.0,150.0,-150.0,150.0,-4.0,-0.37036895775401035,0.002487649162999997,27.114099999999997
D:\Obsidian\Web Clipper\001_inbox\RTPLAN_57661.dcm,NewPlan,1,Beam1,14,304.0,-65.435155869,0.037820246467,1400.0,-150.0,150.0,-150.0,150.0,-4.0,-0.3703594212459933,0.0023676439610000044,28.619300000000006
D:\Obsidian\Web Clipper\001_inbox\RTPLAN_57661.dcm,NewPlan,1,Beam1,15,300.0,-65.805524826,0.04010195177,1400.0,-150.0,150.0,-150.0,150.0,-4.0,-0.3703689569999966,0.002281705302999995,25.086999999999996
D:\Obsidian\Web Clipper\001_inbox\RTPLAN_57661.dcm,NewPlan,1,Beam1,16,296.0,-66.175893784,0.042341817204,1400.0,-150.0,150.0,-150.0,150.0,-4.0,-0.37036895800000025,0.002239865434000003,26.670500000000004
D:\Obsidian\Web Clipper\001_inbox\RTPLAN_57661.dcm,NewPlan,1,Beam1,17,292.0,-66.546262741,0.044582150058,1400.0,-150.0,150.0,-150.0,150.0,-4.0,-0.3703689570000108,0.0022403328540000003,36.46670000000001
D:\Obsidian\Web Clipper\001_inbox\RTPLAN_57661.dcm,NewPlan,1,Beam1,18,288.0,-66.916631699,0.046866393027,1400.0,-150.0,150.0,-150.0,150.0,-4.0,-0.37036895800000025,0.002284242968999997,41.7072
D:\Obsidian\Web Clipper\001_inbox\RTPLAN_57661.dcm,NewPlan,1,Beam1,19,284.0,-67.287000656128,0.049291061402,1400.0,-150.0,150.0,-150.0,150.0,-4.0,-0.3703689571279938,0.002424668375000001,43.8885
D:\Obsidian\Web Clipper\001_inbox\RTPLAN_57661.dcm,NewPlan,1,Beam1,20,280.0,-67.657369614,0.051639967996,1400.0,-150.0,150.0,-150.0,150.0,-4.0,-0.3703689578720031,0.002348906594,43.58839999999999
D:\Obsidian\Web Clipper\001_inbox\RTPLAN_57661.dcm,NewPlan,1,Beam1,21,276.0,-68.027738571167,0.053869907407,1400.0,-150.0,150.0,-150.0,150.0,-4.0,-0.3703689571670026,0.002229939410999998,44.5118
D:\Obsidian\Web Clipper\001_inbox\RTPLAN_57661.dcm,NewPlan,1,Beam1,22,272.0,-68.398107529,0.055890617754,1400.0,-150.0,150.0,-150.0,150.0,-4.0,-0.3703689578329943,0.002020710347,37.3736
D:\Obsidian\Web Clipper\001_inbox\RTPLAN_57661.dcm,NewPlan,1,Beam1,23,268.0,-68.768476486,0.057856964497,1400.0,-150.0,150.0,-150.0,150.0,-4.0,-0.3703689569999966,0.0019663467430000026,38.0073
D:\Obsidian\Web Clipper\001_inbox\RTPLAN_57661.dcm,NewPlan,1,Beam1,24,264.0,-69.138845444,0.059989518395,1400.0,-150.0,150.0,-150.0,150.0,-4.0,-0.37036895800000025,0.002132553897999996,43.623400000000004
D:\Obsidian\Web Clipper\001_inbox\RTPLAN_57661.dcm,NewPlan,1,Beam1,25,260.0,-69.509214401,0.062217368967,1400.0,-150.0,150.0,-150.0,150.0,-4.0,-0.3703689569999966,0.0022278505720000064,48.245900000000006
D:\Obsidian\Web Clipper\001_inbox\RTPLAN_57661.dcm,NewPlan,1,Beam1,26,256.0,-69.879583359,0.06431069534,1400.0,-150.0,150.0,-150.0,150.0,-4.0,-0.37036895800000025,0.0020933263729999985,75.366
D:\Obsidian\Web Clipper\001_inbox\RTPLAN_57661.dcm,NewPlan,1,Beam1,27,252.0,-70.249952316,0.066242934086,1400.0,-150.0,150.0,-150.0,150.0,-4.0,-0.3703689570000108,0.0019322387460000007,68.7684
D:\Obsidian\Web Clipper\001_inbox\RTPLAN_57661.dcm,NewPlan,1,Beam1,28,248.0,-70.620321274,0.068185106323,1400.0,-150.0,150.0,-150.0,150.0,-4.0,-0.37036895800000025,0.001942172236999995,96.54180000000001
D:\Obsidian\Web Clipper\001_inbox\RTPLAN_57661.dcm,NewPlan,1,Beam1,29,244.0,-70.990690231,0.070102267361,1400.0,-150.0,150.0,-150.0,150.0,-4.0,-0.3703689569999966,0.0019171610380000065,91.23819999999999
D:\Obsidian\Web Clipper\001_inbox\RTPLAN_57661.dcm,NewPlan,1,Beam1,30,240.0,-71.361059189,0.071963018018,1400.0,-150.0,150.0,-150.0,150.0,-4.0,-0.37036895800000025,0.0018607506569999904,96.52
D:\Obsidian\Web Clipper\001_inbox\RTPLAN_57661.dcm,NewPlan,1,Beam1,31,236.0,-71.731428146,0.073780913649,1400.0,-150.0,150.0,-150.0,150.0,-4.0,-0.3703689569999966,0.0018178956310000022,52.5293
D:\Obsidian\Web Clipper\001_inbox\RTPLAN_57661.dcm,NewPlan,1,Beam1,32,232.0,-72.101797104,0.075678962559,1400.0,-150.0,150.0,-150.0,150.0,-4.0,-0.37036895800000025,0.0018980489100000053,38.633799999999994
D:\Obsidian\Web Clipper\001_inbox\RTPLAN_57661.dcm,NewPlan,1,Beam1,33,228.0,-72.472166061,0.077595163913,1400.0,-150.0,150.0,-150.0,150.0,-4.0,-0.3703689569999966,0.0019162013540000022,41.4347
D:\Obsidian\Web Clipper\001_inbox\RTPLAN_57661.dcm,NewPlan,1,Beam1,34,224.0,-72.842535018921,0.079434731893,1400.0,-150.0,150.0,-150.0,150.0,-4.0,-0.3703689579210021,0.001839567979999998,43.416399999999996
D:\Obsidian\Web Clipper\001_inbox\RTPLAN_57661.dcm,NewPlan,1,Beam1,35,220.0,-73.212903976,0.081309891209,1400.0,-150.0,150.0,-150.0,150.0,-4.0,-0.37036895707900896,0.0018751593159999913,37.10979999999999
D:\Obsidian\Web Clipper\001_inbox\RTPLAN_57661.dcm,NewPlan,1,Beam1,36,216.0,-73.58327293396,0.083166017648,1400.0,-150.0,150.0,-150.0,150.0,-4.0,-0.3703689579599967,0.0018561264390000026,34.1214
D:\Obsidian\Web Clipper\001_inbox\RTPLAN_57661.dcm,NewPlan,1,Beam1,37,212.0,-73.953641891,0.085256392579,1400.0,-150.0,150.0,-150.0,150.0,-4.0,-0.37036895704000017,0.0020903749310000053,33.266799999999996
D:\Obsidian\Web Clipper\001_inbox\RTPLAN_57661.dcm,NewPlan,1,Beam1,38,208.0,-74.324010849,0.08753343922,1400.0,-150.0,150.0,-150.0,150.0,-4.0,-0.37036895800000025,0.002277046640999994,33.3102
D:\Obsidian\Web Clipper\001_inbox\RTPLAN_57661.dcm,NewPlan,1,Beam1,39,204.0,-74.694379807,0.089853289985,1400.0,-150.0,150.0,-150.0,150.0,-4.0,-0.37036895800000025,0.002319850765000006,36.9626
D:\Obsidian\Web Clipper\001_inbox\RTPLAN_57661.dcm,NewPlan,1,Beam1,40,200.0,-75.064748764,0.092096108994,1400.0,-150.0,150.0,-150.0,150.0,-4.0,-0.3703689569999966,0.002242819009000002,31.242700000000003
D:\Obsidian\Web Clipper\001_inbox\RTPLAN_57661.dcm,NewPlan,1,Beam1,41,196.0,-75.435117722,0.094156718964,1400.0,-150.0,150.0,-150.0,150.0,-4.0,-0.37036895800000025,0.002060609970000002,32.6661
D:\Obsidian\Web Clipper\001_inbox\RTPLAN_57661.dcm,NewPlan,1,Beam1,42,192.0,-75.805486679,0.09616075472134,1400.0,-150.0,150.0,-150.0,150.0,-4.0,-0.3703689569999966,0.0020040357573399975,36.868300000000005
D:\Obsidian\Web Clipper\001_inbox\RTPLAN_57661.dcm,NewPlan,1,Beam1,43,188.0,-76.175855637,0.098246177158,1400.0,-150.0,150.0,-150.0,150.0,-4.0,-0.37036895800000025,0.0020854224366600033,37.7765
D:\Obsidian\Web Clipper\001_inbox\RTPLAN_57661.dcm,NewPlan,1,Beam1,44,184.0,-76.546224594,0.10049517565982,1400.0,-150.0,150.0,-150.0,150.0,-4.0,-0.3703689569999966,0.0022489985018199904,37.6887
D:\Obsidian\Web Clipper\001_inbox\RTPLAN_57661.dcm,NewPlan,1,Beam1,45,180.0,-76.916593552,0.10277874912,1400.0,-150.0,150.0,-150.0,150.0,-4.0,-0.37036895800000025,0.0022835734601800023,27.821399999999997
D:\Obsidian\Web Clipper\001_inbox\RTPLAN_57661.dcm,NewPlan,1,Beam1,46,176.0,-77.286962509,0.10498215879,1400.0,-150.0,150.0,-150.0,150.0,-4.0,-0.3703689570000108,0.0022034096700000033,42.053599999999996
D:\Obsidian\Web Clipper\001_inbox\RTPLAN_57661.dcm,NewPlan,1,Beam1,47,172.0,-77.657331467,0.10713701202,1400.0,-150.0,150.0,-150.0,150.0,-4.0,-0.37036895800000025,0.0021548532300000034,42.1689
D:\Obsidian\Web Clipper\001_inbox\RTPLAN_57661.dcm,NewPlan,1,Beam1,48,168.0,-78.027700424,0.1092522648,1400.0,-150.0,150.0,-150.0,150.0,-4.0,-0.3703689569999966,0.002115252779999993,32.5202
D:\Obsidian\Web Clipper\001_inbox\RTPLAN_57661.dcm,NewPlan,1,Beam1,49,164.0,-78.398069382,0.11112999912,1400.0,-150.0,150.0,-150.0,150.0,-4.0,-0.37036895800000025,0.0018777343200000046,35.2274
D:\Obsidian\Web Clipper\001_inbox\RTPLAN_57661.dcm,NewPlan,1,Beam1,50,160.0,-78.768438339,0.11300861769,1400.0,-150.0,150.0,-150.0,150.0,-4.0,-0.3703689569999966,0.0018786185699999902,40.016799999999996
D:\Obsidian\Web Clipper\001_inbox\RTPLAN_57661.dcm,NewPlan,1,Beam1,51,156.0,-79.138807296753,0.11490353349,1400.0,-150.0,150.0,-150.0,150.0,-4.0,-0.3703689577530014,0.0018949158000000077,71.3801
D:\Obsidian\Web Clipper\001_inbox\RTPLAN_57661.dcm,NewPlan,1,Beam1,52,152.0,-79.509176254,0.11686453438,1400.0,-150.0,150.0,-150.0,150.0,-4.0,-0.3703689572469955,0.0019610008899999948,74.168
D:\Obsidian\Web Clipper\001_inbox\RTPLAN_57661.dcm,NewPlan,1,Beam1,53,148.0,-79.879545211792,0.11879073324,1400.0,-150.0,150.0,-150.0,150.0,-4.0,-0.3703689577920102,0.0019261988600000057,32.3967
D:\Obsidian\Web Clipper\001_inbox\RTPLAN_57661.dcm,NewPlan,1,Beam1,54,144.0,-80.249914169,0.12077314572,1400.0,-150.0,150.0,-150.0,150.0,-4.0,-0.3703689572079867,0.001982412480000001,36.5779
D:\Obsidian\Web Clipper\001_inbox\RTPLAN_57661.dcm,NewPlan,1,Beam1,55,140.0,-80.620283127,0.12253257703,1400.0,-150.0,150.0,-150.0,150.0,-4.0,-0.37036895800000025,0.0017594313100000036,48.2615
D:\Obsidian\Web Clipper\001_inbox\RTPLAN_57661.dcm,NewPlan,1,Beam1,56,136.0,-80.990652084,0.12433661662,1400.0,-150.0,150.0,-150.0,150.0,-4.0,-0.3703689570000108,0.0018040395900000006,42.929199999999994
D:\Obsidian\Web Clipper\001_inbox\RTPLAN_57661.dcm,NewPlan,1,Beam1,57,132.0,-81.361021042,0.12616696131,1400.0,-150.0,150.0,-150.0,150.0,-4.0,-0.37036895800000025,0.0018303446899999853,32.28639999999999
D:\Obsidian\Web Clipper\001_inbox\RTPLAN_57661.dcm,NewPlan,1,Beam1,58,128.0,-81.731389999,0.1280395031,1400.0,-150.0,150.0,-150.0,150.0,-4.0,-0.3703689569999966,0.0018725417900000152,27.8948
D:\Obsidian\Web Clipper\001_inbox\RTPLAN_57661.dcm,NewPlan,1,Beam1,59,124.0,-82.101758957,0.12994421005,1400.0,-150.0,150.0,-150.0,150.0,-4.0,-0.37036895800000025,0.0019047069500000013,26.76
D:\Obsidian\Web Clipper\001_inbox\RTPLAN_57661.dcm,NewPlan,1,Beam1,60,120.0,-82.472127914,0.13177639241,1400.0,-150.0,150.0,-150.0,150.0,-4.0,-0.3703689569999966,0.0018321823599999898,29.316
D:\Obsidian\Web Clipper\001_inbox\RTPLAN_57661.dcm,NewPlan,1,Beam1,61,116.0,-82.842496872,0.13381067214,1400.0,-150.0,150.0,-150.0,150.0,-4.0,-0.37036895800000025,0.002034279730000005,31.918400000000002
D:\Obsidian\Web Clipper\001_inbox\RTPLAN_57661.dcm,NewPlan,1,Beam1,62,112.0,-83.212865829,0.13573412636,1400.0,-150.0,150.0,-150.0,150.0,-4.0,-0.3703689569999966,0.0019234542200000093,33.936600000000006
D:\Obsidian\Web Clipper\001_inbox\RTPLAN_57661.dcm,NewPlan,1,Beam1,63,108.0,-83.583234787,0.13759619439,1400.0,-150.0,150.0,-150.0,150.0,-4.0,-0.37036895800000025,0.001862068029999997,41.2858
D:\Obsidian\Web Clipper\001_inbox\RTPLAN_57661.dcm,NewPlan,1,Beam1,64,104.0,-83.953603745,0.13934932642,1400.0,-150.0,150.0,-150.0,150.0,-4.0,-0.37036895800000025,0.001753132029999993,44.919900000000005
D:\Obsidian\Web Clipper\001_inbox\RTPLAN_57661.dcm,NewPlan,1,Beam1,65,100.0,-84.323972702,0.14110324652585,1400.0,-150.0,150.0,-150.0,150.0,-4.0,-0.3703689570000108,0.0017539201058499876,49.992399999999996
D:\Obsidian\Web Clipper\001_inbox\RTPLAN_57661.dcm,NewPlan,1,Beam1,66,96.0,-84.694341659546,0.14297108942,1400.0,-150.0,150.0,-150.0,150.0,-4.0,-0.37036895754599186,0.0018678428941500125,53.983
D:\Obsidian\Web Clipper\001_inbox\RTPLAN_57661.dcm,NewPlan,1,Beam1,67,92.0,-85.064710617,0.14480795727,1400.0,-150.0,150.0,-150.0,150.0,-4.0,-0.370368957454005,0.0018368678500000069,44.933299999999996
D:\Obsidian\Web Clipper\001_inbox\RTPLAN_57661.dcm,NewPlan,1,Beam1,68,88.0,-85.435079574585,0.1466884222,1400.0,-150.0,150.0,-150.0,150.0,-4.0,-0.37036895758500066,0.001880464929999992,32.4055
D:\Obsidian\Web Clipper\001_inbox\RTPLAN_57661.dcm,NewPlan,1,Beam1,69,84.0,-85.805448532,0.14864367094,1400.0,-150.0,150.0,-150.0,150.0,-4.0,-0.3703689574149962,0.0019552487399999985,36.5974
D:\Obsidian\Web Clipper\001_inbox\RTPLAN_57661.dcm,NewPlan,1,Beam1,70,80.0,-86.17581749,0.15059688327,1400.0,-150.0,150.0,-150.0,150.0,-4.0,-0.37036895800000025,0.0019532123300000093,42.820299999999996
D:\Obsidian\Web Clipper\001_inbox\RTPLAN_57661.dcm,NewPlan,1,Beam1,71,76.0,-86.546186447,0.15259599488,1400.0,-150.0,150.0,-150.0,150.0,-4.0,-0.3703689569999966,0.001999111609999993,39.092
D:\Obsidian\Web Clipper\001_inbox\RTPLAN_57661.dcm,NewPlan,1,Beam1,72,72.0,-86.916555405,0.1545924469,1400.0,-150.0,150.0,-150.0,150.0,-4.0,-0.37036895800000025,0.0019964520200000113,35.66859999999999
D:\Obsidian\Web Clipper\001_inbox\RTPLAN_57661.dcm,NewPlan,1,Beam1,73,68.0,-87.286924362,0.15664971619,1400.0,-150.0,150.0,-150.0,150.0,-4.0,-0.3703689569999966,0.0020572692899999967,35.796
D:\Obsidian\Web Clipper\001_inbox\RTPLAN_57661.dcm,NewPlan,1,Beam1,74,64.0,-87.65729332,0.15867127801,1400.0,-150.0,150.0,-150.0,150.0,-4.0,-0.37036895800000025,0.0020215618199999896,31.2892
D:\Obsidian\Web Clipper\001_inbox\RTPLAN_57661.dcm,NewPlan,1,Beam1,75,60.0,-88.027662277,0.16070172601,1400.0,-150.0,150.0,-150.0,150.0,-4.0,-0.3703689570000108,0.0020304479999999903,30.408499999999993
D:\Obsidian\Web Clipper\001_inbox\RTPLAN_57661.dcm,NewPlan,1,Beam1,76,56.0,-88.398031235,0.16276042424,1400.0,-150.0,150.0,-150.0,150.0,-4.0,-0.37036895800000025,0.0020586982300000167,30.382399999999997
D:\Obsidian\Web Clipper\001_inbox\RTPLAN_57661.dcm,NewPlan,1,Beam1,77,52.0,-88.768400192,0.16479528263,1400.0,-150.0,150.0,-150.0,150.0,-4.0,-0.3703689569999966,0.002034858390000005,35.1082
D:\Obsidian\Web Clipper\001_inbox\RTPLAN_57661.dcm,NewPlan,1,Beam1,78,48.0,-89.13876915,0.16678614389,1400.0,-150.0,150.0,-150.0,150.0,-4.0,-0.37036895800000025,0.0019908612599999764,37.5017
D:\Obsidian\Web Clipper\001_inbox\RTPLAN_57661.dcm,NewPlan,1,Beam1,79,44.0,-89.509138107,0.16880621186,1400.0,-150.0,150.0,-150.0,150.0,-4.0,-0.3703689569999966,0.0020200679700000113,37.3224
D:\Obsidian\Web Clipper\001_inbox\RTPLAN_57661.dcm,NewPlan,1,Beam1,80,40.0,-89.879507065,0.17089432589,1400.0,-150.0,150.0,-150.0,150.0,-4.0,-0.37036895800000025,0.0020881140300000045,40.82769999999999
D:\Obsidian\Web Clipper\001_inbox\RTPLAN_57661.dcm,NewPlan,1,Beam1,81,36.0,-90.249876022,0.17298256199,1400.0,-150.0,150.0,-150.0,150.0,-4.0,-0.3703689569999966,0.0020882361000000016,42.2757
D:\Obsidian\Web Clipper\001_inbox\RTPLAN_57661.dcm,NewPlan,1,Beam1,82,32.0,-90.62024498,0.17511575797,1400.0,-150.0,150.0,-150.0,150.0,-4.0,-0.37036895800000025,0.002133195980000002,50.9895
D:\Obsidian\Web Clipper\001_inbox\RTPLAN_57661.dcm,NewPlan,1,Beam1,83,28.0,-90.990613937378,0.17737765009,1400.0,-150.0,150.0,-150.0,150.0,-4.0,-0.37036895737800535,0.0022618921199999975,42.56720000000001
D:\Obsidian\Web Clipper\001_inbox\RTPLAN_57661.dcm,NewPlan,1,Beam1,84,24.0,-91.360982895,0.17969985533,1400.0,-150.0,150.0,-150.0,150.0,-4.0,-0.3703689576220057,0.002322205239999986,40.2632
D:\Obsidian\Web Clipper\001_inbox\RTPLAN_57661.dcm,NewPlan,1,Beam1,85,20.0,-91.731351852417,0.18229368032,1400.0,-150.0,150.0,-150.0,150.0,-4.0,-0.37036895741699993,0.002593824990000021,37.4381
D:\Obsidian\Web Clipper\001_inbox\RTPLAN_57661.dcm,NewPlan,1,Beam1,86,16.0,-92.10172081,0.18491559018,1400.0,-150.0,150.0,-150.0,150.0,-4.0,-0.3703689575829969,0.0026219098599999935,42.3705
D:\Obsidian\Web Clipper\001_inbox\RTPLAN_57661.dcm,NewPlan,1,Beam1,87,12.0,-92.472089767,0.18752028395585,1400.0,-150.0,150.0,-150.0,150.0,-4.0,-0.3703689569999966,0.0026046937758499866,53.98309999999999
D:\Obsidian\Web Clipper\001_inbox\RTPLAN_57661.dcm,NewPlan,1,Beam1,88,8.0,-92.842458725,0.19009060014,1400.0,-150.0,150.0,-150.0,150.0,-4.0,-0.37036895800000025,0.0025703161841500177,34.4825
D:\Obsidian\Web Clipper\001_inbox\RTPLAN_57661.dcm,NewPlan,1,Beam1,89,4.0,-93.212827682,0.19253933573,1400.0,-150.0,150.0,-150.0,150.0,-4.0,-0.3703689569999966,0.0024487355900000007,42.06270000000001
D:\Obsidian\Web Clipper\001_inbox\RTPLAN_57661.dcm,NewPlan,1,Beam1,90,0.0,-93.58319664,0.19498929801,1400.0,-150.0,150.0,-150.0,150.0,-4.0,-0.37036895800000025,0.0024499622799999954,37.3515
D:\Obsidian\Web Clipper\001_inbox\RTPLAN_57661.dcm,NewPlan,1,Beam1,91,356.0,-93.953565598,0.19743348375,1400.0,-150.0,150.0,-150.0,150.0,-4.0,-0.37036895800000025,0.0024441857399999933,48.3116
D:\Obsidian\Web Clipper\001_inbox\RTPLAN_57661.dcm,NewPlan,1,Beam1,92,352.0,-94.323934555,0.19994453854,1400.0,-150.0,150.0,-150.0,150.0,-4.0,-0.3703689569999966,0.0025110547899999947,54.3964
D:\Obsidian\Web Clipper\001_inbox\RTPLAN_57661.dcm,NewPlan,1,Beam1,93,348.0,-94.694303513,0.20261646348,1400.0,-150.0,150.0,-150.0,150.0,-4.0,-0.37036895800000025,0.0026719249400000145,54.7034
D:\Obsidian\Web Clipper\001_inbox\RTPLAN_57661.dcm,NewPlan,1,Beam1,94,344.0,-95.06467247,0.20527899978,1400.0,-150.0,150.0,-150.0,150.0,-4.0,-0.3703689570000108,0.00266253629999999,56.4311
D:\Obsidian\Web Clipper\001_inbox\RTPLAN_57661.dcm,NewPlan,1,Beam1,95,340.0,-95.435041428,0.20781276265,1400.0,-150.0,150.0,-150.0,150.0,-4.0,-0.37036895800000025,0.0025337628700000114,50.2352
D:\Obsidian\Web Clipper\001_inbox\RTPLAN_57661.dcm,NewPlan,1,Beam1,96,336.0,-95.805410385,0.21030902504,1400.0,-150.0,150.0,-150.0,150.0,-4.0,-0.3703689569999966,0.0024962623900000036,44.4879
D:\Obsidian\Web Clipper\001_inbox\RTPLAN_57661.dcm,NewPlan,1,Beam1,97,332.0,-96.175779343,0.21280072157,1400.0,-150.0,150.0,-150.0,150.0,-4.0,-0.37036895800000025,0.002491696529999976,41.29809999999999
D:\Obsidian\Web Clipper\001_inbox\RTPLAN_57661.dcm,NewPlan,1,Beam1,98,328.0,-96.546148300171,0.21518185931,1400.0,-150.0,150.0,-150.0,150.0,-4.0,-0.3703689571709958,0.002381137740000011,47.8144
D:\Obsidian\Web Clipper\001_inbox\RTPLAN_57661.dcm,NewPlan,1,Beam1,99,324.0,-96.916517258,0.21738833351,1400.0,-150.0,150.0,-150.0,150.0,-4.0,-0.37036895782900103,0.0022064742000000026,50.4446
D:\Obsidian\Web Clipper\001_inbox\RTPLAN_57661.dcm,NewPlan,1,Beam1,100,320.0,-97.28688621521,0.21955166295,1400.0,-150.0,150.0,-150.0,150.0,-4.0,-0.3703689572100046,0.0021633294400000003,49.7499
D:\Obsidian\Web Clipper\001_inbox\RTPLAN_57661.dcm,NewPlan,1,Beam1,101,316.0,-97.657255173,0.22173594982,1400.0,-150.0,150.0,-150.0,150.0,-4.0,-0.37036895778999224,0.002184286869999996,44.8558
D:\Obsidian\Web Clipper\001_inbox\RTPLAN_57661.dcm,NewPlan,1,Beam1,102,312.0,-98.02762413,0.22400627578,1400.0,-150.0,150.0,-150.0,150.0,-4.0,-0.3703689570000108,0.0022703259600000136,33.5005
D:\Obsidian\Web Clipper\001_inbox\RTPLAN_57661.dcm,NewPlan,1,Beam1,103,308.0,-98.397993088,0.22614663806,1400.0,-150.0,150.0,-150.0,150.0,-4.0,-0.37036895800000025,0.0021403622799999744,35.3266
D:\Obsidian\Web Clipper\001_inbox\RTPLAN_57661.dcm,NewPlan,1,Beam1,104,304.0,-98.768362045,0.22825335946,1400.0,-150.0,150.0,-150.0,150.0,-4.0,-0.3703689569999966,0.002106721400000011,34.255100000000006
D:\Obsidian\Web Clipper\001_inbox\RTPLAN_57661.dcm,NewPlan,1,Beam1,105,300.0,-99.138731003,0.23031659579,1400.0,-150.0,150.0,-150.0,150.0,-4.0,-0.37036895800000025,0.0020632363299999956,32.2508
D:\Obsidian\Web Clipper\001_inbox\RTPLAN_57661.dcm,NewPlan,1,Beam1,106,296.0,-99.50909996,0.23228680322,1400.0,-150.0,150.0,-150.0,150.0,-4.0,-0.3703689569999966,0.0019702074300000094,34.6708
D:\Obsidian\Web Clipper\001_inbox\RTPLAN_57661.dcm,NewPlan,1,Beam1,107,292.0,-99.879468918,0.23424412784,1400.0,-150.0,150.0,-150.0,150.0,-4.0,-0.37036895800000025,0.001957324620000006,37.086200000000005
D:\Obsidian\Web Clipper\001_inbox\RTPLAN_57661.dcm,NewPlan,1,Beam1,108,288.0,-100.24983788,0.23618666340501,1400.0,-150.0,150.0,-150.0,150.0,-4.0,-0.3703689620000006,0.0019425355650099785,35.6567
D:\Obsidian\Web Clipper\001_inbox\RTPLAN_57661.dcm,NewPlan,1,Beam1,109,284.0,-100.62020683,0.23826144794,1400.0,-150.0,150.0,-150.0,150.0,-4.0,-0.3703689499999996,0.0020747845349900207,36.085100000000004
D:\Obsidian\Web Clipper\001_inbox\RTPLAN_57661.dcm,NewPlan,1,Beam1,110,280.0,-100.99057579,0.24035860314,1400.0,-150.0,150.0,-150.0,150.0,-4.0,-0.3703689599999933,0.0020971551999999782,41.1994
D:\Obsidian\Web Clipper\001_inbox\RTPLAN_57661.dcm,NewPlan,1,Beam1,111,276.0,-101.36094475,0.24246153,1400.0,-150.0,150.0,-150.0,150.0,-4.0,-0.3703689600000075,0.0021029268600000206,49.0876
D:\Obsidian\Web Clipper\001_inbox\RTPLAN_57661.dcm,NewPlan,1,Beam1,112,272.0,-101.73131371,0.24448756822,1400.0,-150.0,150.0,-150.0,150.0,-4.0,-0.3703689599999933,0.0020260382199999982,50.22709999999999
D:\Obsidian\Web Clipper\001_inbox\RTPLAN_57661.dcm,NewPlan,1,Beam1,113,268.0,-102.10168266,0.2464167208,1400.0,-150.0,150.0,-150.0,150.0,-4.0,-0.3703689499999996,0.001929152579999982,63.68919999999999
D:\Obsidian\Web Clipper\001_inbox\RTPLAN_57661.dcm,NewPlan,1,Beam1,114,264.0,-102.47205162,0.24830265837,1400.0,-150.0,150.0,-150.0,150.0,-4.0,-0.3703689600000075,0.0018859375700000236,62.6418
D:\Obsidian\Web Clipper\001_inbox\RTPLAN_57661.dcm,NewPlan,1,Beam1,115,260.0,-102.84242058,0.25016749832,1400.0,-150.0,150.0,-150.0,150.0,-4.0,-0.3703689599999933,0.0018648399500000024,55.3679
D:\Obsidian\Web Clipper\001_inbox\RTPLAN_57661.dcm,NewPlan,1,Beam1,116,256.0,-103.21278954,0.25215393912,1400.0,-150.0,150.0,-150.0,150.0,-4.0,-0.3703689600000075,0.001986440799999989,48.2072
D:\Obsidian\Web Clipper\001_inbox\RTPLAN_57661.dcm,NewPlan,1,Beam1,117,252.0,-103.58315849,0.25430002978,1400.0,-150.0,150.0,-150.0,150.0,-4.0,-0.3703689499999996,0.0021460906599999885,45.7163
D:\Obsidian\Web Clipper\001_inbox\RTPLAN_57661.dcm,NewPlan,1,Beam1,118,248.0,-103.95352745,0.25661388576,1400.0,-150.0,150.0,-150.0,150.0,-4.0,-0.3703689599999933,0.0023138559800000014,42.6376
D:\Obsidian\Web Clipper\001_inbox\RTPLAN_57661.dcm,NewPlan,1,Beam1,119,244.0,-104.32389641,0.25879309684,1400.0,-150.0,150.0,-150.0,150.0,-4.0,-0.3703689600000075,0.002179211080000021,37.8444
D:\Obsidian\Web Clipper\001_inbox\RTPLAN_57661.dcm,NewPlan,1,Beam1,120,240.0,-104.69426537,0.26074739733,1400.0,-150.0,150.0,-150.0,150.0,-4.0,-0.3703689599999933,0.001954300490000005,40.32299999999999
D:\Obsidian\Web Clipper\001_inbox\RTPLAN_57661.dcm,NewPlan,1,Beam1,121,236.0,-105.06463432312,0.26244952807,1400.0,-150.0,150.0,-150.0,150.0,-4.0,-0.37036895312000695,0.001702130739999974,42.564400000000006
D:\Obsidian\Web Clipper\001_inbox\RTPLAN_57661.dcm,NewPlan,1,Beam1,122,232.0,-105.43500328064,0.26413675759,1400.0,-150.0,150.0,-150.0,150.0,-4.0,-0.3703689575200002,0.0016872295199999998,48.825700000000005
D:\Obsidian\Web Clipper\001_inbox\RTPLAN_57661.dcm,NewPlan,1,Beam1,123,228.0,-105.80537224,0.26577823292,1400.0,-150.0,150.0,-150.0,150.0,-4.0,-0.37036895935999326,0.0016414753300000307,50.2355
D:\Obsidian\Web Clipper\001_inbox\RTPLAN_57661.dcm,NewPlan,1,Beam1,124,224.0,-106.1757412,0.26748211218,1400.0,-150.0,150.0,-150.0,150.0,-4.0,-0.3703689600000075,0.0017038792599999852,59.920100000000005
D:\Obsidian\Web Clipper\001_inbox\RTPLAN_57661.dcm,NewPlan,1,Beam1,125,220.0,-106.54611015,0.26921464402,1400.0,-150.0,150.0,-150.0,150.0,-4.0,-0.3703689499999996,0.0017325318399999956,68.4309
D:\Obsidian\Web Clipper\001_inbox\RTPLAN_57661.dcm,NewPlan,1,Beam1,126,216.0,-106.91647911,0.27083928991208,1400.0,-150.0,150.0,-150.0,150.0,-4.0,-0.3703689599999933,0.001624645892080001,59.9542
D:\Obsidian\Web Clipper\001_inbox\RTPLAN_57661.dcm,NewPlan,1,Beam1,127,212.0,-107.28684807,0.27237509005446,1400.0,-150.0,150.0,-150.0,150.0,-4.0,-0.3703689600000075,0.0015358001423799728,56.38449999999999
D:\Obsidian\Web Clipper\001_inbox\RTPLAN_57661.dcm,NewPlan,1,Beam1,128,208.0,-107.65721703,0.27393246059,1400.0,-150.0,150.0,-150.0,150.0,-4.0,-0.3703689599999933,0.0015573705355400036,50.2704
D:\Obsidian\Web Clipper\001_inbox\RTPLAN_57661.dcm,NewPlan,1,Beam1,129,204.0,-108.02758598,0.27548597029,1400.0,-150.0,150.0,-150.0,150.0,-4.0,-0.3703689499999996,0.0015535097000000109,43.5529
D:\Obsidian\Web Clipper\001_inbox\RTPLAN_57661.dcm,NewPlan,1,Beam1,130,200.0,-108.39795494,0.27701617083,1400.0,-150.0,150.0,-150.0,150.0,-4.0,-0.3703689600000075,0.0015302005400000263,49.2537
D:\Obsidian\Web Clipper\001_inbox\RTPLAN_57661.dcm,NewPlan,1,Beam1,131,196.0,-108.7683239,0.27857113400646,1400.0,-150.0,150.0,-150.0,150.0,-4.0,-0.3703689599999933,0.001554963176459978,49.3534
D:\Obsidian\Web Clipper\001_inbox\RTPLAN_57661.dcm,NewPlan,1,Beam1,132,192.0,-109.13869286,0.2802647393141,1400.0,-150.0,150.0,-150.0,150.0,-4.0,-0.3703689600000075,0.0016936053076400115,49.677099999999996
D:\Obsidian\Web Clipper\001_inbox\RTPLAN_57661.dcm,NewPlan,1,Beam1,133,188.0,-109.50906181,0.28216131586,1400.0,-150.0,150.0,-150.0,150.0,-4.0,-0.3703689499999996,0.001896576545899975,46.2042
D:\Obsidian\Web Clipper\001_inbox\RTPLAN_57661.dcm,NewPlan,1,Beam1,134,184.0,-109.87943077,0.28394755367793,1400.0,-150.0,150.0,-150.0,150.0,-4.0,-0.3703689599999933,0.0017862378179300253,52.58879999999999
D:\Obsidian\Web Clipper\001_inbox\RTPLAN_57661.dcm,NewPlan,1,Beam1,135,180.0,-110.24979973,0.28563297844,1400.0,-150.0,150.0,-150.0,150.0,-4.0,-0.3703689600000075,0.0016854247620700091,54.4449
D:\Obsidian\Web Clipper\001_inbox\RTPLAN_57661.dcm,NewPlan,1,Beam1,136,176.0,-110.62016869,0.28720422315,1400.0,-150.0,150.0,-150.0,150.0,-4.0,-0.3703689599999933,0.001571244709999975,57.7276
D:\Obsidian\Web Clipper\001_inbox\RTPLAN_57661.dcm,NewPlan,1,Beam1,137,172.0,-110.99053764,0.28868301168,1400.0,-150.0,150.0,-150.0,150.0,-4.0,-0.3703689499999996,0.001478788529999997,58.57110000000001
D:\Obsidian\Web Clipper\001_inbox\RTPLAN_57661.dcm,NewPlan,1,Beam1,138,168.0,-111.3609066,0.29021056986,1400.0,-150.0,150.0,-150.0,150.0,-4.0,-0.3703689600000075,0.0015275581799999993,56.3229
D:\Obsidian\Web Clipper\001_inbox\RTPLAN_57661.dcm,NewPlan,1,Beam1,139,164.0,-111.73127556,0.29169033499,1400.0,-150.0,150.0,-150.0,150.0,-4.0,-0.3703689599999933,0.0014797651300000325,54.6864
D:\Obsidian\Web Clipper\001_inbox\RTPLAN_57661.dcm,NewPlan,1,Beam1,140,160.0,-112.10164452,0.29318385954,1400.0,-150.0,150.0,-150.0,150.0,-4.0,-0.3703689599999933,0.0014935245499999583,46.099999999999994
D:\Obsidian\Web Clipper\001_inbox\RTPLAN_57661.dcm,NewPlan,1,Beam1,141,156.0,-112.47201347,0.29471214118,1400.0,-150.0,150.0,-150.0,150.0,-4.0,-0.3703689499999996,0.0015282816400000176,45.0794
D:\Obsidian\Web Clipper\001_inbox\RTPLAN_57661.dcm,NewPlan,1,Beam1,142,152.0,-112.84238243103,0.29619586574,1400.0,-150.0,150.0,-150.0,150.0,-4.0,-0.37036896103001027,0.0014837245600000104,42.93999999999999
D:\Obsidian\Web Clipper\001_inbox\RTPLAN_57661.dcm,NewPlan,1,Beam1,143,148.0,-113.21275138855,0.29769422757,1400.0,-150.0,150.0,-150.0,150.0,-4.0,-0.3703689575200002,0.0014983618300000168,52.936299999999996
D:\Obsidian\Web Clipper\001_inbox\RTPLAN_57661.dcm,NewPlan,1,Beam1,144,144.0,-113.58312035,0.299212863,1400.0,-150.0,150.0,-150.0,150.0,-4.0,-0.37036896144999787,0.0015186354299999705,46.6315
D:\Obsidian\Web Clipper\001_inbox\RTPLAN_57661.dcm,NewPlan,1,Beam1,145,140.0,-113.9534893,0.30069107468366,1400.0,-150.0,150.0,-150.0,150.0,-4.0,-0.3703689499999996,0.0014782116836600245,41.6478
D:\Obsidian\Web Clipper\001_inbox\RTPLAN_57661.dcm,NewPlan,1,Beam1,146,136.0,-114.32385826,0.3021472769,1400.0,-150.0,150.0,-150.0,150.0,-4.0,-0.3703689599999933,0.0014562022163399635,41.7781
D:\Obsidian\Web Clipper\001_inbox\RTPLAN_57661.dcm,NewPlan,1,Beam1,147,132.0,-114.69422722,0.30357002722,1400.0,-150.0,150.0,-150.0,150.0,-4.0,-0.3703689600000075,0.0014227503199999991,42.9127
D:\Obsidian\Web Clipper\001_inbox\RTPLAN_57661.dcm,NewPlan,1,Beam1,148,128.0,-115.06459618,0.30505979443,1400.0,-150.0,150.0,-150.0,150.0,-4.0,-0.3703689599999933,0.0014897672099999926,44.626599999999996
D:\Obsidian\Web Clipper\001_inbox\RTPLAN_57661.dcm,NewPlan,1,Beam1,149,124.0,-115.43496513,0.30650200115,1400.0,-150.0,150.0,-150.0,150.0,-4.0,-0.3703689499999996,0.0014422067200000055,38.391799999999996
D:\Obsidian\Web Clipper\001_inbox\RTPLAN_57661.dcm,NewPlan,1,Beam1,150,120.0,-115.80533409,0.3079660846,1400.0,-150.0,150.0,-150.0,150.0,-4.0,-0.3703689600000075,0.0014640834500000421,43.2802
D:\Obsidian\Web Clipper\001_inbox\RTPLAN_57661.dcm,NewPlan,1,Beam1,151,116.0,-116.17570305,0.30950783807,1400.0,-150.0,150.0,-150.0,150.0,-4.0,-0.3703689599999933,0.0015417534699999624,50.368300000000005
D:\Obsidian\Web Clipper\001_inbox\RTPLAN_57661.dcm,NewPlan,1,Beam1,152,112.0,-116.54607201,0.31104930578523,1400.0,-150.0,150.0,-150.0,150.0,-4.0,-0.3703689600000075,0.001541467715230005,52.25339999999999
D:\Obsidian\Web Clipper\001_inbox\RTPLAN_57661.dcm,NewPlan,1,Beam1,153,108.0,-116.91644096,0.31258719218,1400.0,-150.0,150.0,-150.0,150.0,-4.0,-0.3703689499999996,0.0015378863947699828,42.6019
D:\Obsidian\Web Clipper\001_inbox\RTPLAN_57661.dcm,NewPlan,1,Beam1,154,104.0,-117.28680992,0.31414689478,1400.0,-150.0,150.0,-150.0,150.0,-4.0,-0.3703689599999933,0.0015597026000000458,50.2456
D:\Obsidian\Web Clipper\001_inbox\RTPLAN_57661.dcm,NewPlan,1,Beam1,155,100.0,-117.65717888,0.31570370341,1400.0,-150.0,150.0,-150.0,150.0,-4.0,-0.3703689600000075,0.0015568086299999617,40.4665
D:\Obsidian\Web Clipper\001_inbox\RTPLAN_57661.dcm,NewPlan,1,Beam1,156,96.0,-118.02754784,0.31755141018,1400.0,-150.0,150.0,-150.0,150.0,-4.0,-0.3703689599999933,0.0018477067700000127,45.752900000000004
D:\Obsidian\Web Clipper\001_inbox\RTPLAN_57661.dcm,NewPlan,1,Beam1,157,92.0,-118.39791679,0.31978837751,1400.0,-150.0,150.0,-150.0,150.0,-4.0,-0.3703689499999996,0.002236967330000006,50.026500000000006
D:\Obsidian\Web Clipper\001_inbox\RTPLAN_57661.dcm,NewPlan,1,Beam1,158,88.0,-118.76828575,0.3220915866,1400.0,-150.0,150.0,-150.0,150.0,-4.0,-0.3703689600000075,0.00230320908999998,48.977
D:\Obsidian\Web Clipper\001_inbox\RTPLAN_57661.dcm,NewPlan,1,Beam1,159,84.0,-119.13865471,0.32456401876,1400.0,-150.0,150.0,-150.0,150.0,-4.0,-0.3703689599999933,0.0024724321600000376,45.90539999999999
D:\Obsidian\Web Clipper\001_inbox\RTPLAN_57661.dcm,NewPlan,1,Beam1,160,80.0,-119.50902367,0.32703262179,1400.0,-150.0,150.0,-150.0,150.0,-4.0,-0.3703689600000075,0.0024686030299999606,49.400000000000006
D:\Obsidian\Web Clipper\001_inbox\RTPLAN_57661.dcm,NewPlan,1,Beam1,161,76.0,-119.87939262,0.32915187957,1400.0,-150.0,150.0,-150.0,150.0,-4.0,-0.3703689499999996,0.00211925778000005,33.62800000000001
D:\Obsidian\Web Clipper\001_inbox\RTPLAN_57661.dcm,NewPlan,1,Beam1,162,72.0,-120.24976158,0.33094421337,1400.0,-150.0,150.0,-150.0,150.0,-4.0,-0.3703689599999933,0.00179233379999999,34.9052
D:\Obsidian\Web Clipper\001_inbox\RTPLAN_57661.dcm,NewPlan,1,Beam1,163,68.0,-120.62013053894,0.33260182484,1400.0,-150.0,150.0,-150.0,150.0,-4.0,-0.37036895894000565,0.0016576114699999867,38.336800000000004
D:\Obsidian\Web Clipper\001_inbox\RTPLAN_57661.dcm,NewPlan,1,Beam1,164,64.0,-120.99049949646,0.33440455528,1400.0,-150.0,150.0,-150.0,150.0,-4.0,-0.3703689575200002,0.001802730440000011,40.922000000000004
D:\Obsidian\Web Clipper\001_inbox\RTPLAN_57661.dcm,NewPlan,1,Beam1,165,60.0,-121.36086845398,0.33641502124,1400.0,-150.0,150.0,-150.0,150.0,-4.0,-0.3703689575200002,0.0020104659599999852,51.3306
D:\Obsidian\Web Clipper\001_inbox\RTPLAN_57661.dcm,NewPlan,1,Beam1,166,56.0,-121.73123741,0.33837550442,1400.0,-150.0,150.0,-150.0,150.0,-4.0,-0.37036895602000186,0.0019604831799999722,56.9162
D:\Obsidian\Web Clipper\001_inbox\RTPLAN_57661.dcm,NewPlan,1,Beam1,167,52.0,-122.10160637,0.34059262047,1400.0,-150.0,150.0,-150.0,150.0,-4.0,-0.3703689599999933,0.002217116050000023,49.933699999999995
D:\Obsidian\Web Clipper\001_inbox\RTPLAN_57661.dcm,NewPlan,1,Beam1,168,48.0,-122.47197533,0.34314603269,1400.0,-150.0,150.0,-150.0,150.0,-4.0,-0.3703689600000075,0.0025534122199999953,67.7757
D:\Obsidian\Web Clipper\001_inbox\RTPLAN_57661.dcm,NewPlan,1,Beam1,169,44.0,-122.84234428,0.34579513159,1400.0,-150.0,150.0,-150.0,150.0,-4.0,-0.3703689499999996,0.0026490989000000353,43.8016
D:\Obsidian\Web Clipper\001_inbox\RTPLAN_57661.dcm,NewPlan,1,Beam1,170,40.0,-123.21271324,0.34835665685,1400.0,-150.0,150.0,-150.0,150.0,-4.0,-0.3703689599999933,0.002561525259999975,47.720800000000004
D:\Obsidian\Web Clipper\001_inbox\RTPLAN_57661.dcm,NewPlan,1,Beam1,171,36.0,-123.5830822,0.35097584082,1400.0,-150.0,150.0,-150.0,150.0,-4.0,-0.3703689600000075,0.002619183969999994,54.7787
D:\Obsidian\Web Clipper\001_inbox\RTPLAN_57661.dcm,NewPlan,1,Beam1,172,32.0,-123.95345116,0.35382167614,1400.0,-150.0,150.0,-150.0,150.0,-4.0,-0.3703689599999933,0.0028458353199999897,42.272999999999996
D:\Obsidian\Web Clipper\001_inbox\RTPLAN_57661.dcm,NewPlan,1,Beam1,173,28.0,-124.32382011,0.35655977365,1400.0,-150.0,150.0,-150.0,150.0,-4.0,-0.3703689499999996,0.002738097510000037,54.7474
D:\Obsidian\Web Clipper\001_inbox\RTPLAN_57661.dcm,NewPlan,1,Beam1,174,24.0,-124.69418907,0.35910077644,1400.0,-150.0,150.0,-150.0,150.0,-4.0,-0.3703689599999933,0.0025410027899999688,54.6304
D:\Obsidian\Web Clipper\001_inbox\RTPLAN_57661.dcm,NewPlan,1,Beam1,175,20.0,-125.06455803,0.3619684734,1400.0,-150.0,150.0,-150.0,150.0,-4.0,-0.3703689600000075,0.002867696959999999,58.691100000000006
D:\Obsidian\Web Clipper\001_inbox\RTPLAN_57661.dcm,NewPlan,1,Beam1,176,16.0,-125.43492699,0.36505118723,1400.0,-150.0,150.0,-150.0,150.0,-4.0,-0.3703689599999933,0.003082713830000028,51.37329999999999
D:\Obsidian\Web Clipper\001_inbox\RTPLAN_57661.dcm,NewPlan,1,Beam1,177,12.0,-125.80529594,0.3681012947,1400.0,-150.0,150.0,-150.0,150.0,-4.0,-0.3703689499999996,0.0030501074700000075,61.418800000000005
D:\Obsidian\Web Clipper\001_inbox\RTPLAN_57661.dcm,NewPlan,1,Beam1,178,8.0,-126.1756649,0.37104816939,1400.0,-150.0,150.0,-150.0,150.0,-4.0,-0.3703689600000075,0.00294687468999999,62.9077
D:\Obsidian\Web Clipper\001_inbox\RTPLAN_57661.dcm,NewPlan,1,Beam1,179,4.0,-126.54603386,0.37385905225,1400.0,-150.0,150.0,-150.0,150.0,-4.0,-0.3703689599999933,0.0028108828599999747,104.48599999999999
D:\Obsidian\Web Clipper\001_inbox\RTPLAN_57661.dcm,NewPlan,1,Beam1,180,0.0,-126.91640282,0.37621241969,1400.0,-150.0,150.0,-150.0,150.0,-4.0,-0.3703689600000075,0.0023533674400000315,106.28949999999999
D:\Obsidian\Web Clipper\001_inbox\RTPLAN_57661.dcm,NewPlan,1,Beam1,181,356.0,-127.28677177,0.3784822197,1400.0,-150.0,150.0,-150.0,150.0,-4.0,-0.3703689499999996,0.0022698000099999893,82.5347
D:\Obsidian\Web Clipper\001_inbox\RTPLAN_57661.dcm,NewPlan,1,Beam1,182,352.0,-127.65714073,0.38130377749,1400.0,-150.0,150.0,-150.0,150.0,-4.0,-0.3703689599999933,0.0028215577899999844,87.1034
D:\Obsidian\Web Clipper\001_inbox\RTPLAN_57661.dcm,NewPlan,1,Beam1,183,348.0,-128.02750969,0.3845280721,1400.0,-150.0,150.0,-150.0,150.0,-4.0,-0.3703689599999933,0.0032242946100000114,73.8729
D:\Obsidian\Web Clipper\001_inbox\RTPLAN_57661.dcm,NewPlan,1,Beam1,184,344.0,-128.39787865,0.38799156723896,1400.0,-150.0,150.0,-150.0,150.0,-4.0,-0.3703689600000075,0.0034634951389599933,57.77139999999999
D:\Obsidian\Web Clipper\001_inbox\RTPLAN_57661.dcm,NewPlan,1,Beam1,185,340.0,-128.76824760437,0.39128276351,1400.0,-150.0,150.0,-150.0,150.0,-4.0,-0.37036895437000794,0.00329119627104002,84.9655
D:\Obsidian\Web Clipper\001_inbox\RTPLAN_57661.dcm,NewPlan,1,Beam1,186,336.0,-129.13861656189,0.39425322932,1400.0,-150.0,150.0,-150.0,150.0,-4.0,-0.370368957519986,0.002970465809999989,81.1447
D:\Obsidian\Web Clipper\001_inbox\RTPLAN_57661.dcm,NewPlan,1,Beam1,187,332.0,-129.50898552,0.39664020532417,1400.0,-150.0,150.0,-150.0,150.0,-4.0,-0.3703689581100207,0.002386976004169983,58.7535
D:\Obsidian\Web Clipper\001_inbox\RTPLAN_57661.dcm,NewPlan,1,Beam1,188,328.0,-129.87935448,0.39952066788,1400.0,-150.0,150.0,-150.0,150.0,-4.0,-0.3703689599999791,0.002880462555830021,75.1815
D:\Obsidian\Web Clipper\001_inbox\RTPLAN_57661.dcm,NewPlan,1,Beam1,189,324.0,-130.24972343,0.40279794912,1400.0,-150.0,150.0,-150.0,150.0,-4.0,-0.3703689499999996,0.003277281239999985,80.99950000000001
D:\Obsidian\Web Clipper\001_inbox\RTPLAN_57661.dcm,NewPlan,1,Beam1,190,320.0,-130.62009239,0.40583863929,1400.0,-150.0,150.0,-150.0,150.0,-4.0,-0.3703689600000075,0.0030406901700000266,94.23140000000001
D:\Obsidian\Web Clipper\001_inbox\RTPLAN_57661.dcm,NewPlan,1,Beam1,191,316.0,-130.99046135,0.40885514428,1400.0,-150.0,150.0,-150.0,150.0,-4.0,-0.3703689600000075,0.003016504990000002,100.0062
D:\Obsidian\Web Clipper\001_inbox\RTPLAN_57661.dcm,NewPlan,1,Beam1,192,312.0,-131.36083031,0.41133437561,1400.0,-150.0,150.0,-150.0,150.0,-4.0,-0.3703689600000075,0.002479231329999998,81.4691
D:\Obsidian\Web Clipper\001_inbox\RTPLAN_57661.dcm,NewPlan,1,Beam1,193,308.0,-131.73119926,0.41346019191,1400.0,-150.0,150.0,-150.0,150.0,-4.0,-0.3703689499999996,0.002125816299999972,83.9316
D:\Obsidian\Web Clipper\001_inbox\RTPLAN_57661.dcm,NewPlan,1,Beam1,194,304.0,-132.10156822,0.41566852984,1400.0,-150.0,150.0,-150.0,150.0,-4.0,-0.3703689599999791,0.002208337930000026,79.8628
D:\Obsidian\Web Clipper\001_inbox\RTPLAN_57661.dcm,NewPlan,1,Beam1,195,300.0,-132.47193718,0.41790718214,1400.0,-150.0,150.0,-150.0,150.0,-4.0,-0.3703689600000075,0.002238652299999977,64.2283
D:\Obsidian\Web Clipper\001_inbox\RTPLAN_57661.dcm,NewPlan,1,Beam1,196,296.0,-132.84230614,0.42058171257,1400.0,-150.0,150.0,-150.0,150.0,-4.0,-0.3703689600000075,0.0026745304299999884,65.2472
D:\Obsidian\Web Clipper\001_inbox\RTPLAN_57661.dcm,NewPlan,1,Beam1,197,292.0,-133.21267509,0.42295007008,1400.0,-150.0,150.0,-150.0,150.0,-4.0,-0.3703689499999996,0.00236835751000003,51.597699999999996
D:\Obsidian\Web Clipper\001_inbox\RTPLAN_57661.dcm,NewPlan,1,Beam1,198,288.0,-133.58304405,0.42533712991,1400.0,-150.0,150.0,-150.0,150.0,-4.0,-0.3703689600000075,0.0023870598299999823,85.3339
D:\Obsidian\Web Clipper\001_inbox\RTPLAN_57661.dcm,NewPlan,1,Beam1,199,284.0,-133.95341301,0.42810724277,1400.0,-150.0,150.0,-150.0,150.0,-4.0,-0.3703689599999791,0.002770112860000007,97.0517
D:\Obsidian\Web Clipper\001_inbox\RTPLAN_57661.dcm,NewPlan,1,Beam1,200,280.0,-134.32378197,0.43148231904,1400.0,-150.0,150.0,-150.0,150.0,-4.0,-0.3703689600000075,0.003375076269999999,69.4244
D:\Obsidian\Web Clipper\001_inbox\RTPLAN_57661.dcm,NewPlan,1,Beam1,201,276.0,-134.69415092,0.43577739723,1400.0,-150.0,150.0,-150.0,150.0,-4.0,-0.3703689499999996,0.004295078189999968,63.523
D:\Obsidian\Web Clipper\001_inbox\RTPLAN_57661.dcm,NewPlan,1,Beam1,202,272.0,-135.06451988,0.44055929921,1400.0,-150.0,150.0,-150.0,150.0,-4.0,-0.3703689600000075,0.004781901980000003,77.94669999999999
D:\Obsidian\Web Clipper\001_inbox\RTPLAN_57661.dcm,NewPlan,1,Beam1,203,268.0,-135.43488884,0.44549977462,1400.0,-150.0,150.0,-150.0,150.0,-4.0,-0.3703689600000075,0.004940475410000034,59.0288
D:\Obsidian\Web Clipper\001_inbox\RTPLAN_57661.dcm,NewPlan,1,Beam1,204,264.0,-135.8052578,0.44964599691768,1400.0,-150.0,150.0,-150.0,150.0,-4.0,-0.3703689599999791,0.004146222297679969,75.0806
D:\Obsidian\Web Clipper\001_inbox\RTPLAN_57661.dcm,NewPlan,1,Beam1,205,260.0,-136.17562675,0.45315864393,1400.0,-150.0,150.0,-150.0,150.0,-4.0,-0.3703689499999996,0.0035126470123200138,68.30170000000001
D:\Obsidian\Web Clipper\001_inbox\RTPLAN_57661.dcm,NewPlan,1,Beam1,206,256.0,-136.54599571228,0.45617257879,1400.0,-150.0,150.0,-150.0,150.0,-4.0,-0.37036896227999705,0.0030139348600000115,76.62530000000001
D:\Obsidian\Web Clipper\001_inbox\RTPLAN_57661.dcm,NewPlan,1,Beam1,207,252.0,-136.9163646698,0.45788769262,1400.0,-150.0,150.0,-150.0,150.0,-4.0,-0.3703689575200144,0.0017151138300000035,105.37429999999999
D:\Obsidian\Web Clipper\001_inbox\RTPLAN_57661.dcm,NewPlan,1,Beam1,208,248.0,-137.28673363,0.45880550169,1400.0,-150.0,150.0,-150.0,150.0,-4.0,-0.37036896019998267,0.0009178090699999975,107.7784
D:\Obsidian\Web Clipper\001_inbox\RTPLAN_57661.dcm,NewPlan,1,Beam1,209,244.0,-137.65710258,0.4592436342,1400.0,-150.0,150.0,-150.0,150.0,-4.0,-0.3703689499999996,0.00043813250999996667,92.7545
D:\Obsidian\Web Clipper\001_inbox\RTPLAN_57661.dcm,NewPlan,1,Beam1,210,240.0,-138.02747154,0.46023803428,1400.0,-150.0,150.0,-150.0,150.0,-4.0,-0.3703689600000075,0.000994400080000013,103.3038
D:\Obsidian\Web Clipper\001_inbox\RTPLAN_57661.dcm,NewPlan,1,Beam1,211,236.0,-138.3978405,0.46164793533,1400.0,-150.0,150.0,-150.0,150.0,-4.0,-0.3703689600000075,0.0014099010499999953,114.2657
D:\Obsidian\Web Clipper\001_inbox\RTPLAN_57661.dcm,NewPlan,1,Beam1,212,232.0,-138.76820946,0.46392924575,1400.0,-150.0,150.0,-150.0,150.0,-4.0,-0.3703689600000075,0.0022813104200000156,102.1529
D:\Obsidian\Web Clipper\001_inbox\RTPLAN_57661.dcm,NewPlan,1,Beam1,213,228.0,-139.13857841,0.46639547144,1400.0,-150.0,150.0,-150.0,150.0,-4.0,-0.3703689499999996,0.00246622568999999,76.5558
D:\Obsidian\Web Clipper\001_inbox\RTPLAN_57661.dcm,NewPlan,1,Beam1,214,224.0,-139.50894737,0.46856267467,1400.0,-150.0,150.0,-150.0,150.0,-4.0,-0.3703689599999791,0.0021672032300000255,108.37100000000001
D:\Obsidian\Web Clipper\001_inbox\RTPLAN_57661.dcm,NewPlan,1,Beam1,215,220.0,-139.87931633,0.47090264602,1400.0,-150.0,150.0,-150.0,150.0,-4.0,-0.3703689600000075,0.0023399713499999697,101.4096
D:\Obsidian\Web Clipper\001_inbox\RTPLAN_57661.dcm,NewPlan,1,Beam1,216,216.0,-140.24968529,0.47331378495,1400.0,-150.0,150.0,-150.0,150.0,-4.0,-0.3703689600000075,0.002411138930000001,118.8996
D:\Obsidian\Web Clipper\001_inbox\RTPLAN_57661.dcm,NewPlan,1,Beam1,217,212.0,-140.62005424,0.47580875678,1400.0,-150.0,150.0,-150.0,150.0,-4.0,-0.3703689499999996,0.0024949718300000256,121.096
D:\Obsidian\Web Clipper\001_inbox\RTPLAN_57661.dcm,NewPlan,1,Beam1,218,208.0,-140.9904232,0.47935041161,1400.0,-150.0,150.0,-150.0,150.0,-4.0,-0.3703689600000075,0.0035416548300000184,119.5572
D:\Obsidian\Web Clipper\001_inbox\RTPLAN_57661.dcm,NewPlan,1,Beam1,219,204.0,-141.36079216,0.48342135434,1400.0,-150.0,150.0,-150.0,150.0,-4.0,-0.3703689599999791,0.004070942729999971,125.2187
D:\Obsidian\Web Clipper\001_inbox\RTPLAN_57661.dcm,NewPlan,1,Beam1,220,200.0,-141.73116112,0.48791915779,1400.0,-150.0,150.0,-150.0,150.0,-4.0,-0.3703689600000075,0.004497803450000004,120.7098
D:\Obsidian\Web Clipper\001_inbox\RTPLAN_57661.dcm,NewPlan,1,Beam1,221,196.0,-142.10153008,0.49232182474,1400.0,-150.0,150.0,-150.0,150.0,-4.0,-0.3703689600000075,0.004402666950000023,143.9571
D:\Obsidian\Web Clipper\001_inbox\RTPLAN_57661.dcm,NewPlan,1,Beam1,222,192.0,-142.47189903,0.49566348629843,1400.0,-150.0,150.0,-150.0,150.0,-4.0,-0.3703689499999996,0.0033416615584299647,126.42729999999999
D:\Obsidian\Web Clipper\001_inbox\RTPLAN_57661.dcm,NewPlan,1,Beam1,223,188.0,-142.84226799,0.49974259784,1400.0,-150.0,150.0,-150.0,150.0,-4.0,-0.3703689600000075,0.004079111541570035,132.8576
D:\Obsidian\Web Clipper\001_inbox\RTPLAN_57661.dcm,NewPlan,1,Beam1,224,184.0,-143.21263695,0.50469176724,1400.0,-150.0,150.0,-150.0,150.0,-4.0,-0.3703689599999791,0.004949169399999953,126.4226
D:\Obsidian\Web Clipper\001_inbox\RTPLAN_57661.dcm,NewPlan,1,Beam1,225,180.0,-143.58300591,0.50960199609,1400.0,-150.0,150.0,-150.0,150.0,-4.0,-0.3703689600000075,0.004910228850000031,81.6817
D:\Obsidian\Web Clipper\001_inbox\RTPLAN_57661.dcm,NewPlan,1,Beam1,226,176.0,-143.95337486,0.51443894946,1400.0,-150.0,150.0,-150.0,150.0,-4.0,-0.3703689499999996,0.004836953370000008,75.2549
D:\Obsidian\Web Clipper\001_inbox\RTPLAN_57661.dcm,NewPlan,1,Beam1,227,172.0,-144.32374382019,0.5192952864,1400.0,-150.0,150.0,-150.0,150.0,-4.0,-0.37036896019000665,0.004856336939999983,123.3777
D:\Obsidian\Web Clipper\001_inbox\RTPLAN_57661.dcm,NewPlan,1,Beam1,228,168.0,-144.69411277771,0.52427633551,1400.0,-150.0,150.0,-150.0,150.0,-4.0,-0.370368957519986,0.004981049109999969,118.1853
D:\Obsidian\Web Clipper\001_inbox\RTPLAN_57661.dcm,NewPlan,1,Beam1,229,164.0,-145.06448173523,0.52929938085,1400.0,-150.0,150.0,-150.0,150.0,-4.0,-0.3703689575200144,0.005023045339999976,113.2697
D:\Obsidian\Web Clipper\001_inbox\RTPLAN_57661.dcm,NewPlan,1,Beam1,230,160.0,-145.43485069,0.53438167722,1400.0,-150.0,150.0,-150.0,150.0,-4.0,-0.37036895476998666,0.005082296370000017,117.3656
D:\Obsidian\Web Clipper\001_inbox\RTPLAN_57661.dcm,NewPlan,1,Beam1,231,156.0,-145.80521965,0.53937650632,1400.0,-150.0,150.0,-150.0,150.0,-4.0,-0.3703689600000075,0.004994829100000042,95.5877
D:\Obsidian\Web Clipper\001_inbox\RTPLAN_57661.dcm,NewPlan,1,Beam1,232,152.0,-146.17558861,0.54306113947,1400.0,-150.0,150.0,-150.0,150.0,-4.0,-0.3703689600000075,0.003684633150000005,113.4195
D:\Obsidian\Web Clipper\001_inbox\RTPLAN_57661.dcm,NewPlan,1,Beam1,233,148.0,-146.54595757,0.54683758428,1400.0,-150.0,150.0,-150.0,150.0,-4.0,-0.3703689600000075,0.003776444809999946,131.8238
D:\Obsidian\Web Clipper\001_inbox\RTPLAN_57661.dcm,NewPlan,1,Beam1,234,144.0,-146.91632652,0.55104440059,1400.0,-150.0,150.0,-150.0,150.0,-4.0,-0.3703689499999996,0.004206816310000083,113.9182
D:\Obsidian\Web Clipper\001_inbox\RTPLAN_57661.dcm,NewPlan,1,Beam1,235,140.0,-147.28669548,0.55577231097,1400.0,-150.0,150.0,-150.0,150.0,-4.0,-0.3703689599999791,0.004727910379999978,116.8261
D:\Obsidian\Web Clipper\001_inbox\RTPLAN_57661.dcm,NewPlan,1,Beam1,236,136.0,-147.65706444,0.56047142416,1400.0,-150.0,150.0,-150.0,150.0,-4.0,-0.3703689600000075,0.004699113189999937,130.1605
D:\Obsidian\Web Clipper\001_inbox\RTPLAN_57661.dcm,NewPlan,1,Beam1,237,132.0,-148.0274334,0.56447620163,1400.0,-150.0,150.0,-150.0,150.0,-4.0,-0.3703689600000075,0.004004777470000054,89.6732
D:\Obsidian\Web Clipper\001_inbox\RTPLAN_57661.dcm,NewPlan,1,Beam1,238,128.0,-148.39780235,0.56819564764,1400.0,-150.0,150.0,-150.0,150.0,-4.0,-0.3703689499999996,0.0037194460099999604,91.90690000000001
D:\Obsidian\Web Clipper\001_inbox\RTPLAN_57661.dcm,NewPlan,1,Beam1,239,124.0,-148.76817131,0.57094848681,1400.0,-150.0,150.0,-150.0,150.0,-4.0,-0.3703689600000075,0.002752839170000021,100.523
D:\Obsidian\Web Clipper\001_inbox\RTPLAN_57661.dcm,NewPlan,1,Beam1,240,120.0,-149.13854027,0.57293149671,1400.0,-150.0,150.0,-150.0,150.0,-4.0,-0.3703689599999791,0.001983009899999999,114.7055
D:\Obsidian\Web Clipper\001_inbox\RTPLAN_57661.dcm,NewPlan,1,Beam1,241,116.0,-149.50890923,0.57326146159,1400.0,-150.0,150.0,-150.0,150.0,-4.0,-0.3703689600000075,0.0003299648800000332,98.9672
D:\Obsidian\Web Clipper\001_inbox\RTPLAN_57661.dcm,NewPlan,1,Beam1,242,112.0,-149.87927818,0.5736740413,1400.0,-150.0,150.0,-150.0,150.0,-4.0,-0.3703689499999996,0.00041257970999997173,67.9801
D:\Obsidian\Web Clipper\001_inbox\RTPLAN_57661.dcm,NewPlan,1,Beam1,243,108.0,-150.24964714,0.57500186376,1400.0,-150.0,150.0,-150.0,150.0,-4.0,-0.3703689600000075,0.001327822459999961,66.1728
D:\Obsidian\Web Clipper\001_inbox\RTPLAN_57661.dcm,NewPlan,1,Beam1,244,104.0,-150.6200161,0.57650261116,1400.0,-150.0,150.0,-150.0,150.0,-4.0,-0.3703689599999791,0.0015007474000000576,75.6344
D:\Obsidian\Web Clipper\001_inbox\RTPLAN_57661.dcm,NewPlan,1,Beam1,245,100.0,-150.99038506,0.57896841301542,1400.0,-150.0,150.0,-150.0,150.0,-4.0,-0.3703689600000075,0.0024658018554200023,57.45399999999999
D:\Obsidian\Web Clipper\001_inbox\RTPLAN_57661.dcm,NewPlan,1,Beam1,246,96.0,-151.36075401,0.58109328107,1400.0,-150.0,150.0,-150.0,150.0,-4.0,-0.3703689499999996,0.002124868054580009,56.94
D:\Obsidian\Web Clipper\001_inbox\RTPLAN_57661.dcm,NewPlan,1,Beam1,247,92.0,-151.73112297,0.58446578111,1400.0,-150.0,150.0,-150.0,150.0,-4.0,-0.3703689600000075,0.003372500040000004,65.8204
D:\Obsidian\Web Clipper\001_inbox\RTPLAN_57661.dcm,NewPlan,1,Beam1,248,88.0,-152.10149193,0.58802922991,1400.0,-150.0,150.0,-150.0,150.0,-4.0,-0.3703689600000075,0.0035634487999999243,89.7602
D:\Obsidian\Web Clipper\001_inbox\RTPLAN_57661.dcm,NewPlan,1,Beam1,249,84.0,-152.47186088562,0.59149703105,1400.0,-150.0,150.0,-150.0,150.0,-4.0,-0.3703689556199947,0.003467801140000004,116.02929999999999
D:\Obsidian\Web Clipper\001_inbox\RTPLAN_57661.dcm,NewPlan,1,Beam1,250,80.0,-152.84222984314,0.59503438354,1400.0,-150.0,150.0,-150.0,150.0,-4.0,-0.370368957519986,0.0035373524900000897,99.20270000000001
D:\Obsidian\Web Clipper\001_inbox\RTPLAN_57661.dcm,NewPlan,1,Beam1,251,76.0,-153.2125988,0.5969620857,1400.0,-150.0,150.0,-150.0,150.0,-4.0,-0.3703689568600055,0.0019277021599999333,100.04599999999999
D:\Obsidian\Web Clipper\001_inbox\RTPLAN_57661.dcm,NewPlan,1,Beam1,252,72.0,-153.58296776,0.59805176188,1400.0,-150.0,150.0,-150.0,150.0,-4.0,-0.3703689600000075,0.0010896761799999988,120.5926
D:\Obsidian\Web Clipper\001_inbox\RTPLAN_57661.dcm,NewPlan,1,Beam1,253,68.0,-153.95333672,0.59834789788,1400.0,-150.0,150.0,-150.0,150.0,-4.0,-0.3703689600000075,0.0002961360000000024,85.0603
D:\Obsidian\Web Clipper\001_inbox\RTPLAN_57661.dcm,NewPlan,1,Beam1,254,64.0,-154.32370567,0.59968127163,1400.0,-150.0,150.0,-150.0,150.0,-4.0,-0.3703689499999996,0.0013333737499999776,110.5942
D:\Obsidian\Web Clipper\001_inbox\RTPLAN_57661.dcm,NewPlan,1,Beam1,255,60.0,-154.69407463,0.60225922961,1400.0,-150.0,150.0,-150.0,150.0,-4.0,-0.3703689599999791,0.002577957980000045,102.00359999999999
D:\Obsidian\Web Clipper\001_inbox\RTPLAN_57661.dcm,NewPlan,1,Beam1,256,56.0,-155.06444359,0.60470408882,1400.0,-150.0,150.0,-150.0,150.0,-4.0,-0.3703689600000075,0.002444859210000039,89.0341
D:\Obsidian\Web Clipper\001_inbox\RTPLAN_57661.dcm,NewPlan,1,Beam1,257,52.0,-155.43481255,0.6071928455,1400.0,-150.0,150.0,-150.0,150.0,-4.0,-0.3703689600000075,0.002488756679999926,110.3983
D:\Obsidian\Web Clipper\001_inbox\RTPLAN_57661.dcm,NewPlan,1,Beam1,258,48.0,-155.8051815,0.60986308212,1400.0,-150.0,150.0,-150.0,150.0,-4.0,-0.3703689499999996,0.0026702366199999883,108.8299
D:\Obsidian\Web Clipper\001_inbox\RTPLAN_57661.dcm,NewPlan,1,Beam1,259,44.0,-156.17555046,0.61242074913,1400.0,-150.0,150.0,-150.0,150.0,-4.0,-0.3703689600000075,0.002557667010000042,103.4263
D:\Obsidian\Web Clipper\001_inbox\RTPLAN_57661.dcm,NewPlan,1,Beam1,260,40.0,-156.54591942,0.6151540179,1400.0,-150.0,150.0,-150.0,150.0,-4.0,-0.3703689599999791,0.002733268770000019,130.184
D:\Obsidian\Web Clipper\001_inbox\RTPLAN_57661.dcm,NewPlan,1,Beam1,261,36.0,-156.91628838,0.61805625978761,1400.0,-150.0,150.0,-150.0,150.0,-4.0,-0.3703689600000075,0.002902241887610013,113.9977
D:\Obsidian\Web Clipper\001_inbox\RTPLAN_57661.dcm,NewPlan,1,Beam1,262,32.0,-157.28665733,0.62171110877,1400.0,-150.0,150.0,-150.0,150.0,-4.0,-0.3703689499999996,0.003654848982389991,112.83500000000001
D:\Obsidian\Web Clipper\001_inbox\RTPLAN_57661.dcm,NewPlan,1,Beam1,263,28.0,-157.65702629,0.62557639461,1400.0,-150.0,150.0,-150.0,150.0,-4.0,-0.3703689600000075,0.00386528584000001,102.5718
D:\Obsidian\Web Clipper\001_inbox\RTPLAN_57661.dcm,NewPlan,1,Beam1,264,24.0,-158.02739525,0.62927885161463,1400.0,-150.0,150.0,-150.0,150.0,-4.0,-0.3703689600000075,0.003702457004630011,106.7125
D:\Obsidian\Web Clipper\001_inbox\RTPLAN_57661.dcm,NewPlan,1,Beam1,265,20.0,-158.39776421,0.63303325526,1400.0,-150.0,150.0,-150.0,150.0,-4.0,-0.3703689599999791,0.0037544036453699414,119.8704
D:\Obsidian\Web Clipper\001_inbox\RTPLAN_57661.dcm,NewPlan,1,Beam1,266,16.0,-158.76813316,0.63639947172,1400.0,-150.0,150.0,-150.0,150.0,-4.0,-0.3703689499999996,0.0033662164600000155,83.0949
D:\Obsidian\Web Clipper\001_inbox\RTPLAN_57661.dcm,NewPlan,1,Beam1,267,12.0,-159.13850212,0.63972324053,1400.0,-150.0,150.0,-150.0,150.0,-4.0,-0.3703689600000075,0.0033237688099999607,97.74199999999999
D:\Obsidian\Web Clipper\001_inbox\RTPLAN_57661.dcm,NewPlan,1,Beam1,268,8.0,-159.50887108,0.64339835426,1400.0,-150.0,150.0,-150.0,150.0,-4.0,-0.3703689600000075,0.003675113730000068,90.0014
D:\Obsidian\Web Clipper\001_inbox\RTPLAN_57661.dcm,NewPlan,1,Beam1,269,4.0,-159.87924004,0.64739353856,1400.0,-150.0,150.0,-150.0,150.0,-4.0,-0.3703689600000075,0.00399518430000001,80.8638
D:\Obsidian\Web Clipper\001_inbox\RTPLAN_57661.dcm,NewPlan,1,Beam1,270,0.0,-160.24960899353,0.65118131913,1400.0,-150.0,150.0,-150.0,150.0,-4.0,-0.3703689535299759,0.0037877805699999545,69.2314
D:\Obsidian\Web Clipper\001_inbox\RTPLAN_57661.dcm,NewPlan,1,Beam1,271,356.0,-160.61997795105,0.65510309657829,1400.0,-150.0,150.0,-150.0,150.0,-4.0,-0.3703689575200144,0.003921777448290031,78.1097
D:\Obsidian\Web Clipper\001_inbox\RTPLAN_57661.dcm,NewPlan,1,Beam1,272,352.0,-160.99034691,0.65880937494,1400.0,-150.0,150.0,-150.0,150.0,-4.0,-0.3703689589499959,0.0037062783617100026,77.67840000000001
D:\Obsidian\Web Clipper\001_inbox\RTPLAN_57661.dcm,NewPlan,1,Beam1,273,348.0,-161.36071587,0.66309003487996,1400.0,-150.0,150.0,-150.0,150.0,-4.0,-0.3703689600000075,0.004280659939959963,79.425
D:\Obsidian\Web Clipper\001_inbox\RTPLAN_57661.dcm,NewPlan,1,Beam1,274,344.0,-161.73108482,0.66719288078,1400.0,-150.0,150.0,-150.0,150.0,-4.0,-0.3703689499999996,0.004102845900040064,95.8199
D:\Obsidian\Web Clipper\001_inbox\RTPLAN_57661.dcm,NewPlan,1,Beam1,275,340.0,-162.10145378,0.67076367694,1400.0,-150.0,150.0,-150.0,150.0,-4.0,-0.3703689600000075,0.0035707961600000004,90.26050000000001
D:\Obsidian\Web Clipper\001_inbox\RTPLAN_57661.dcm,NewPlan,1,Beam1,276,336.0,-162.47182274,0.67424177749,1400.0,-150.0,150.0,-150.0,150.0,-4.0,-0.3703689599999791,0.003478100549999974,86.9168
D:\Obsidian\Web Clipper\001_inbox\RTPLAN_57661.dcm,NewPlan,1,Beam1,277,332.0,-162.8421917,0.67784588961,1400.0,-150.0,150.0,-150.0,150.0,-4.0,-0.3703689600000075,0.0036041121200000026,93.3644
D:\Obsidian\Web Clipper\001_inbox\RTPLAN_57661.dcm,NewPlan,1,Beam1,278,328.0,-163.21256065,0.68133370586,1400.0,-150.0,150.0,-150.0,150.0,-4.0,-0.3703689499999996,0.003487816249999942,94.1444
D:\Obsidian\Web Clipper\001_inbox\RTPLAN_57661.dcm,NewPlan,1,Beam1,279,324.0,-163.58292961,0.68488142177,1400.0,-150.0,150.0,-150.0,150.0,-4.0,-0.3703689600000075,0.0035477159100000266,79.3934
D:\Obsidian\Web Clipper\001_inbox\RTPLAN_57661.dcm,NewPlan,1,Beam1,280,320.0,-163.95329857,0.68793286734,1400.0,-150.0,150.0,-150.0,150.0,-4.0,-0.3703689599999791,0.003051445570000033,70.90370000000001
D:\Obsidian\Web Clipper\001_inbox\RTPLAN_57661.dcm,NewPlan,1,Beam1,281,316.0,-164.32366753,0.69029213842,1400.0,-150.0,150.0,-150.0,150.0,-4.0,-0.3703689600000075,0.0023592710800000027,81.0779
D:\Obsidian\Web Clipper\001_inbox\RTPLAN_57661.dcm,NewPlan,1,Beam1,282,312.0,-164.69403648,0.69256306333,1400.0,-150.0,150.0,-150.0,150.0,-4.0,-0.3703689499999996,0.0022709249099999163,73.47800000000001
D:\Obsidian\Web Clipper\001_inbox\RTPLAN_57661.dcm,NewPlan,1,Beam1,283,308.0,-165.06440544,0.69519157255,1400.0,-150.0,150.0,-150.0,150.0,-4.0,-0.3703689600000075,0.0026285092200000193,100.6069
D:\Obsidian\Web Clipper\001_inbox\RTPLAN_57661.dcm,NewPlan,1,Beam1,284,304.0,-165.4347744,0.69773335976,1400.0,-150.0,150.0,-150.0,150.0,-4.0,-0.3703689600000075,0.0025417872099999794,77.9686
D:\Obsidian\Web Clipper\001_inbox\RTPLAN_57661.dcm,NewPlan,1,Beam1,285,300.0,-165.80514336,0.70021795491,1400.0,-150.0,150.0,-150.0,150.0,-4.0,-0.3703689599999791,0.0024845951500001018,79.2008
D:\Obsidian\Web Clipper\001_inbox\RTPLAN_57661.dcm,NewPlan,1,Beam1,286,296.0,-166.17551231,0.70225713867,1400.0,-150.0,150.0,-150.0,150.0,-4.0,-0.3703689499999996,0.0020391837599998963,67.998
D:\Obsidian\Web Clipper\001_inbox\RTPLAN_57661.dcm,NewPlan,1,Beam1,287,292.0,-166.54588127,0.70408392657,1400.0,-150.0,150.0,-150.0,150.0,-4.0,-0.3703689600000075,0.0018267879000000153,36.979
D:\Obsidian\Web Clipper\001_inbox\RTPLAN_57661.dcm,NewPlan,1,Beam1,288,288.0,-166.91625023,0.70593495527,1400.0,-150.0,150.0,-150.0,150.0,-4.0,-0.3703689600000075,0.0018510287000000902,43.25939999999999
D:\Obsidian\Web Clipper\001_inbox\RTPLAN_57661.dcm,NewPlan,1,Beam1,289,284.0,-167.28661919,0.7078072424,1400.0,-150.0,150.0,-150.0,150.0,-4.0,-0.3703689600000075,0.0018722871299999833,50.3906
D:\Obsidian\Web Clipper\001_inbox\RTPLAN_57661.dcm,NewPlan,1,Beam1,290,280.0,-167.65698814,0.70973290464,1400.0,-150.0,150.0,-150.0,150.0,-4.0,-0.3703689499999996,0.0019256622400000145,48.7074
D:\Obsidian\Web Clipper\001_inbox\RTPLAN_57661.dcm,NewPlan,1,Beam1,291,276.0,-168.02735710144,0.71172971404,1400.0,-150.0,150.0,-150.0,150.0,-4.0,-0.3703689614399934,0.0019968093999999104,57.9762
D:\Obsidian\Web Clipper\001_inbox\RTPLAN_57661.dcm,NewPlan,1,Beam1,292,272.0,-168.39772605896,0.71410296187334,1400.0,-150.0,150.0,-150.0,150.0,-4.0,-0.370368957519986,0.002373247833340031,57.0864
D:\Obsidian\Web Clipper\001_inbox\RTPLAN_57661.dcm,NewPlan,1,Beam1,293,268.0,-168.76809501648,0.71648363951,1400.0,-150.0,150.0,-150.0,150.0,-4.0,-0.3703689575200144,0.0023806776366600557,62.243100000000005
D:\Obsidian\Web Clipper\001_inbox\RTPLAN_57661.dcm,NewPlan,1,Beam1,294,264.0,-169.13846397,0.71849906833,1400.0,-150.0,150.0,-150.0,150.0,-4.0,-0.3703689535199999,0.0020154288199999426,63.1582
D:\Obsidian\Web Clipper\001_inbox\RTPLAN_57661.dcm,NewPlan,1,Beam1,295,260.0,-169.50883293,0.72062952348,1400.0,-150.0,150.0,-150.0,150.0,-4.0,-0.3703689600000075,0.002130455149999988,60.6438
D:\Obsidian\Web Clipper\001_inbox\RTPLAN_57661.dcm,NewPlan,1,Beam1,296,256.0,-169.87920189,0.72290090209,1400.0,-150.0,150.0,-150.0,150.0,-4.0,-0.3703689599999791,0.002271378610000041,58.7679
D:\Obsidian\Web Clipper\001_inbox\RTPLAN_57661.dcm,NewPlan,1,Beam1,297,252.0,-170.24957085,0.72512990072,1400.0,-150.0,150.0,-150.0,150.0,-4.0,-0.3703689600000075,0.002228998630000034,55.490500000000004
D:\Obsidian\Web Clipper\001_inbox\RTPLAN_57661.dcm,NewPlan,1,Beam1,298,248.0,-170.6199398,0.72702938953,1400.0,-150.0,150.0,-150.0,150.0,-4.0,-0.3703689499999996,0.0018994888099999052,45.979099999999995
D:\Obsidian\Web Clipper\001_inbox\RTPLAN_57661.dcm,NewPlan,1,Beam1,299,244.0,-170.99030876,0.72886197180493,1400.0,-150.0,150.0,-150.0,150.0,-4.0,-0.3703689600000075,0.0018325822749299947,56.2908
D:\Obsidian\Web Clipper\001_inbox\RTPLAN_57661.dcm,NewPlan,1,Beam1,300,240.0,-171.36067772,0.73066308327,1400.0,-150.0,150.0,-150.0,150.0,-4.0,-0.3703689600000075,0.0018011114650700044,48.8832
D:\Obsidian\Web Clipper\001_inbox\RTPLAN_57661.dcm,NewPlan,1,Beam1,301,236.0,-171.73104668,0.73206145501,1400.0,-150.0,150.0,-150.0,150.0,-4.0,-0.3703689599999791,0.001398371740000015,47.997600000000006
D:\Obsidian\Web Clipper\001_inbox\RTPLAN_57661.dcm,NewPlan,1,Beam1,302,232.0,-172.10141563,0.73341564141,1400.0,-150.0,150.0,-150.0,150.0,-4.0,-0.3703689499999996,0.001354186400000068,47.767700000000005
D:\Obsidian\Web Clipper\001_inbox\RTPLAN_57661.dcm,NewPlan,1,Beam1,303,228.0,-172.47178459,0.73484070719,1400.0,-150.0,150.0,-150.0,150.0,-4.0,-0.3703689600000075,0.0014250657800000122,57.8241
D:\Obsidian\Web Clipper\001_inbox\RTPLAN_57661.dcm,NewPlan,1,Beam1,304,224.0,-172.84215355,0.73624373333,1400.0,-150.0,150.0,-150.0,150.0,-4.0,-0.3703689600000075,0.0014030261399999855,60.375099999999996
D:\Obsidian\Web Clipper\001_inbox\RTPLAN_57661.dcm,NewPlan,1,Beam1,305,220.0,-173.21252251,0.7375987235,1400.0,-150.0,150.0,-150.0,150.0,-4.0,-0.3703689600000075,0.001354990169999959,53.3121
D:\Obsidian\Web Clipper\001_inbox\RTPLAN_57661.dcm,NewPlan,1,Beam1,306,216.0,-173.58289146,0.73900066117,1400.0,-150.0,150.0,-150.0,150.0,-4.0,-0.3703689499999996,0.0014019376699999642,46.365100000000005
D:\Obsidian\Web Clipper\001_inbox\RTPLAN_57661.dcm,NewPlan,1,Beam1,307,212.0,-173.95326042,0.74067273952,1400.0,-150.0,150.0,-150.0,150.0,-4.0,-0.3703689599999791,0.0016720783500000502,41.1184
D:\Obsidian\Web Clipper\001_inbox\RTPLAN_57661.dcm,NewPlan,1,Beam1,308,208.0,-174.32362938,0.74246567425,1400.0,-150.0,150.0,-150.0,150.0,-4.0,-0.3703689600000075,0.0017929347299999732,46.720200000000006
D:\Obsidian\Web Clipper\001_inbox\RTPLAN_57661.dcm,NewPlan,1,Beam1,309,204.0,-174.69399834,0.74430834683,1400.0,-150.0,150.0,-150.0,150.0,-4.0,-0.3703689600000075,0.0018426725800000376,43.007600000000004
D:\Obsidian\Web Clipper\001_inbox\RTPLAN_57661.dcm,NewPlan,1,Beam1,310,200.0,-175.06436729,0.74615039975,1400.0,-150.0,150.0,-150.0,150.0,-4.0,-0.3703689499999996,0.001842052919999948,39.011199999999995
D:\Obsidian\Web Clipper\001_inbox\RTPLAN_57661.dcm,NewPlan,1,Beam1,311,196.0,-175.43473625,0.74800805708,1400.0,-150.0,150.0,-150.0,150.0,-4.0,-0.3703689599999791,0.0018576573299999843,36.542899999999996
D:\Obsidian\Web Clipper\001_inbox\RTPLAN_57661.dcm,NewPlan,1,Beam1,312,192.0,-175.80510521,0.74986036261,1400.0,-150.0,150.0,-150.0,150.0,-4.0,-0.3703689600000075,0.0018523055300000424,35.5832
D:\Obsidian\Web Clipper\001_inbox\RTPLAN_57661.dcm,NewPlan,1,Beam1,313,188.0,-176.17547416687,0.75155182772,1400.0,-150.0,150.0,-150.0,150.0,-4.0,-0.3703689568700099,0.0016914651099999567,33.840900000000005
D:\Obsidian\Web Clipper\001_inbox\RTPLAN_57661.dcm,NewPlan,1,Beam1,314,184.0,-176.54584312439,0.75316042449,1400.0,-150.0,150.0,-150.0,150.0,-4.0,-0.370368957519986,0.0016085967700000259,40.9882
D:\Obsidian\Web Clipper\001_inbox\RTPLAN_57661.dcm,NewPlan,1,Beam1,315,180.0,-176.91621208,0.75469432401,1400.0,-150.0,150.0,-150.0,150.0,-4.0,-0.3703689556100187,0.0015338995200000483,52.9728
D:\Obsidian\Web Clipper\001_inbox\RTPLAN_57661.dcm,NewPlan,1,Beam1,316,176.0,-177.28658104,0.75613628034,1400.0,-150.0,150.0,-150.0,150.0,-4.0,-0.3703689599999791,0.0014419563299999938,47.23779999999999
D:\Obsidian\Web Clipper\001_inbox\RTPLAN_57661.dcm,NewPlan,1,Beam1,317,172.0,-177.65695,0.75747303744,1400.0,-150.0,150.0,-150.0,150.0,-4.0,-0.3703689600000075,0.00133675710000003,47.7878
D:\Obsidian\Web Clipper\001_inbox\RTPLAN_57661.dcm,NewPlan,1,Beam1,318,168.0,-178.02731895,0.75876072192,1400.0,-150.0,150.0,-150.0,150.0,-4.0,-0.3703689499999996,0.0012876844799999398,42.3849
D:\Obsidian\Web Clipper\001_inbox\RTPLAN_57661.dcm,NewPlan,1,Beam1,319,164.0,-178.39768791,0.76027111949,1400.0,-150.0,150.0,-150.0,150.0,-4.0,-0.3703689600000075,0.0015103975700000438,38.3439
D:\Obsidian\Web Clipper\001_inbox\RTPLAN_57661.dcm,NewPlan,1,Beam1,320,160.0,-178.76805687,0.76190517156,1400.0,-150.0,150.0,-150.0,150.0,-4.0,-0.3703689600000075,0.0016340520700000027,38.6901
D:\Obsidian\Web Clipper\001_inbox\RTPLAN_57661.dcm,NewPlan,1,Beam1,321,156.0,-179.13842583,0.76357051704,1400.0,-150.0,150.0,-150.0,150.0,-4.0,-0.3703689599999791,0.001665345479999969,41.6205
D:\Obsidian\Web Clipper\001_inbox\RTPLAN_57661.dcm,NewPlan,1,Beam1,322,152.0,-179.50879478,0.76520650402,1400.0,-150.0,150.0,-150.0,150.0,-4.0,-0.3703689499999996,0.0016359869800000038,53.831799999999994
D:\Obsidian\Web Clipper\001_inbox\RTPLAN_57661.dcm,NewPlan,1,Beam1,323,148.0,-179.87916374,0.76687909323,1400.0,-150.0,150.0,-150.0,150.0,-4.0,-0.3703689600000075,0.0016725892100000195,42.1389
D:\Obsidian\Web Clipper\001_inbox\RTPLAN_57661.dcm,NewPlan,1,Beam1,324,144.0,-180.2495327,0.76858059729,1400.0,-150.0,150.0,-150.0,150.0,-4.0,-0.3703689600000075,0.0017015040599999143,47.3538
D:\Obsidian\Web Clipper\001_inbox\RTPLAN_57661.dcm,NewPlan,1,Beam1,325,140.0,-180.61990166,0.77021568295459,1400.0,-150.0,150.0,-150.0,150.0,-4.0,-0.3703689600000075,0.0016350856645900302,44.966899999999995
D:\Obsidian\Web Clipper\001_inbox\RTPLAN_57661.dcm,NewPlan,1,Beam1,326,136.0,-180.99027061,0.77185952282,1400.0,-150.0,150.0,-150.0,150.0,-4.0,-0.3703689499999996,0.0016438398654100572,38.2089
D:\Obsidian\Web Clipper\001_inbox\RTPLAN_57661.dcm,NewPlan,1,Beam1,327,132.0,-181.36063957,0.77355125067,1400.0,-150.0,150.0,-150.0,150.0,-4.0,-0.3703689599999791,0.0016917278499999355,42.3404
D:\Obsidian\Web Clipper\001_inbox\RTPLAN_57661.dcm,NewPlan,1,Beam1,328,128.0,-181.73100853,0.77531230949,1400.0,-150.0,150.0,-150.0,150.0,-4.0,-0.3703689600000075,0.0017610588199999944,49.1587
D:\Obsidian\Web Clipper\001_inbox\RTPLAN_57661.dcm,NewPlan,1,Beam1,329,124.0,-182.10137749,0.77707002215,1400.0,-150.0,150.0,-150.0,150.0,-4.0,-0.3703689600000075,0.0017577126600000215,40.5739
D:\Obsidian\Web Clipper\001_inbox\RTPLAN_57661.dcm,NewPlan,1,Beam1,330,120.0,-182.47174644,0.77879331987897,1400.0,-150.0,150.0,-150.0,150.0,-4.0,-0.3703689499999996,0.0017232977289700635,35.8687
D:\Obsidian\Web Clipper\001_inbox\RTPLAN_57661.dcm,NewPlan,1,Beam1,331,116.0,-182.8421154,0.78096998369,1400.0,-150.0,150.0,-150.0,150.0,-4.0,-0.3703689600000075,0.0021766638110299885,40.5431
D:\Obsidian\Web Clipper\001_inbox\RTPLAN_57661.dcm,NewPlan,1,Beam1,332,112.0,-183.21248436,0.78307493066,1400.0,-150.0,150.0,-150.0,150.0,-4.0,-0.3703689599999791,0.0021049469699999657,45.94070000000001
D:\Obsidian\Web Clipper\001_inbox\RTPLAN_57661.dcm,NewPlan,1,Beam1,333,108.0,-183.58285332,0.78519497789032,1400.0,-150.0,150.0,-150.0,150.0,-4.0,-0.3703689600000075,0.002120047230319999,40.6762
D:\Obsidian\Web Clipper\001_inbox\RTPLAN_57661.dcm,NewPlan,1,Beam1,334,104.0,-183.95322227478,0.78733412689,1400.0,-150.0,150.0,-150.0,150.0,-4.0,-0.3703689547799911,0.0021391489996800406,39.260600000000004
D:\Obsidian\Web Clipper\001_inbox\RTPLAN_57661.dcm,NewPlan,1,Beam1,335,100.0,-184.3235912323,0.78953593784,1400.0,-150.0,150.0,-150.0,150.0,-4.0,-0.3703689575200144,0.0022018109499999383,39.5501
D:\Obsidian\Web Clipper\001_inbox\RTPLAN_57661.dcm,NewPlan,1,Beam1,336,96.0,-184.69396019,0.79171612933,1400.0,-150.0,150.0,-150.0,150.0,-4.0,-0.3703689577000091,0.0021801914900000385,34.982
D:\Obsidian\Web Clipper\001_inbox\RTPLAN_57661.dcm,NewPlan,1,Beam1,337,92.0,-185.06432915,0.79382251498595,1400.0,-150.0,150.0,-150.0,150.0,-4.0,-0.3703689599999791,0.002106385655950005,50.5736
D:\Obsidian\Web Clipper\001_inbox\RTPLAN_57661.dcm,NewPlan,1,Beam1,338,88.0,-185.43471956,0.79595804669064,1400.0,-150.0,150.0,-150.0,150.0,-4.0,-0.37039040999999884,0.0021355317046899414,45.594
D:\Obsidian\Web Clipper\001_inbox\RTPLAN_57661.dcm,NewPlan,1,Beam1,339,84.0,-185.80508852005,0.7979972565,1400.0,-150.0,150.0,-150.0,150.0,-4.0,-0.3703689600500013,0.0020392098093600097,38.0314
D:\Obsidian\Web Clipper\001_inbox\RTPLAN_57661.dcm,NewPlan,1,Beam1,340,80.0,-186.17545747757,0.79994203377,1400.0,-150.0,150.0,-150.0,150.0,-4.0,-0.3703689575200144,0.0019447772699999755,36.3908
D:\Obsidian\Web Clipper\001_inbox\RTPLAN_57661.dcm,NewPlan,1,Beam1,341,76.0,-186.54582644,0.80201423994982,1400.0,-150.0,150.0,-150.0,150.0,-4.0,-0.37036896243000683,0.0020722061798200686,40.4972
D:\Obsidian\Web Clipper\001_inbox\RTPLAN_57661.dcm,NewPlan,1,Beam1,342,72.0,-186.91619539,0.80418115803,1400.0,-150.0,150.0,-150.0,150.0,-4.0,-0.3703689499999996,0.0021669180801799914,46.3042
D:\Obsidian\Web Clipper\001_inbox\RTPLAN_57661.dcm,NewPlan,1,Beam1,343,68.0,-187.28656435,0.80616016324,1400.0,-150.0,150.0,-150.0,150.0,-4.0,-0.3703689599999791,0.00197900520999994,39.5777
D:\Obsidian\Web Clipper\001_inbox\RTPLAN_57661.dcm,NewPlan,1,Beam1,344,64.0,-187.65693331,0.80802594,1400.0,-150.0,150.0,-150.0,150.0,-4.0,-0.3703689600000075,0.001865776760000104,29.4652
D:\Obsidian\Web Clipper\001_inbox\RTPLAN_57661.dcm,NewPlan,1,Beam1,345,60.0,-188.02732134,0.80981116205,1400.0,-150.0,150.0,-150.0,150.0,-4.0,-0.37038802999998666,0.0017852220499999794,27.897999999999996
D:\Obsidian\Web Clipper\001_inbox\RTPLAN_57661.dcm,NewPlan,1,Beam1,346,56.0,-188.3976903,0.81159807822,1400.0,-150.0,150.0,-150.0,150.0,-4.0,-0.3703689600000075,0.0017869161699999303,25.706999999999997
D:\Obsidian\Web Clipper\001_inbox\RTPLAN_57661.dcm,NewPlan,1,Beam1,347,52.0,-188.76805925,0.81336531502,1400.0,-150.0,150.0,-150.0,150.0,-4.0,-0.3703689499999996,0.001767236800000016,48.2481
D:\Obsidian\Web Clipper\001_inbox\RTPLAN_57661.dcm,NewPlan,1,Beam1,348,48.0,-189.13842821,0.81526544347,1400.0,-150.0,150.0,-150.0,150.0,-4.0,-0.3703689600000075,0.0019001284499999826,42.205
D:\Obsidian\Web Clipper\001_inbox\RTPLAN_57661.dcm,NewPlan,1,Beam1,349,44.0,-189.50879717,0.81709438711516,1400.0,-150.0,150.0,-150.0,150.0,-4.0,-0.3703689600000075,0.0018289436451600638,41.89639999999999
D:\Obsidian\Web Clipper\001_inbox\RTPLAN_57661.dcm,NewPlan,1,Beam1,350,40.0,-189.87916613,0.81895319814,1400.0,-150.0,150.0,-150.0,150.0,-4.0,-0.3703689599999791,0.0018588110248399792,34.6271
D:\Obsidian\Web Clipper\001_inbox\RTPLAN_57661.dcm,NewPlan,1,Beam1,351,36.0,-190.24953508,0.82068503745,1400.0,-150.0,150.0,-150.0,150.0,-4.0,-0.3703689499999996,0.001731839309999983,37.1167
D:\Obsidian\Web Clipper\001_inbox\RTPLAN_57661.dcm,NewPlan,1,Beam1,352,32.0,-190.61990404129,0.82238352393,1400.0,-150.0,150.0,-150.0,150.0,-4.0,-0.37036896129001207,0.0016984864800000388,41.059999999999995
D:\Obsidian\Web Clipper\001_inbox\RTPLAN_57661.dcm,NewPlan,1,Beam1,353,28.0,-190.99027299881,0.82415647204,1400.0,-150.0,150.0,-150.0,150.0,-4.0,-0.3703689575200144,0.00177294810999995,42.424
D:\Obsidian\Web Clipper\001_inbox\RTPLAN_57661.dcm,NewPlan,1,Beam1,354,24.0,-191.36066103,0.82600198771,1400.0,-150.0,150.0,-150.0,150.0,-4.0,-0.3703880311899752,0.0018455156700000197,43.2913
D:\Obsidian\Web Clipper\001_inbox\RTPLAN_57661.dcm,NewPlan,1,Beam1,355,20.0,-191.73102999,0.82798841845,1400.0,-150.0,150.0,-150.0,150.0,-4.0,-0.3703689600000075,0.0019864307400000447,32.6985
D:\Obsidian\Web Clipper\001_inbox\RTPLAN_57661.dcm,NewPlan,1,Beam1,356,16.0,-192.10139894,0.83005361972226,1400.0,-150.0,150.0,-150.0,150.0,-4.0,-0.3703689499999996,0.0020652012722599533,29.4163
D:\Obsidian\Web Clipper\001_inbox\RTPLAN_57661.dcm,NewPlan,1,Beam1,357,12.0,-192.4717679,0.83224377183,1400.0,-150.0,150.0,-150.0,150.0,-4.0,-0.3703689600000075,0.0021901521077399844,27.6541
D:\Obsidian\Web Clipper\001_inbox\RTPLAN_57661.dcm,NewPlan,1,Beam1,358,8.0,-192.84213686,0.83443252503,1400.0,-150.0,150.0,-150.0,150.0,-4.0,-0.3703689600000075,0.0021887532000000043,43.1023
D:\Obsidian\Web Clipper\001_inbox\RTPLAN_57661.dcm,NewPlan,1,Beam1,359,4.0,-193.21250582,0.83655219872,1400.0,-150.0,150.0,-150.0,150.0,-4.0,-0.3703689599999791,0.00211967368999999,37.5003
D:\Obsidian\Web Clipper\001_inbox\RTPLAN_57661.dcm,NewPlan,1,Beam1,360,0.0,-193.58287477,0.83855524066,1400.0,-150.0,150.0,-150.0,150.0,-4.0,-0.3703689499999996,0.0020030419400000055,21.2092
D:\Obsidian\Web Clipper\001_inbox\RTPLAN_57661.dcm,NewPlan,1,Beam1,361,356.0,-193.95326281,0.84072391961,1400.0,-150.0,150.0,-150.0,150.0,-4.0,-0.370388040000023,0.002168678950000058,19.848200000000002
D:\Obsidian\Web Clipper\001_inbox\RTPLAN_57661.dcm,NewPlan,1,Beam1,362,352.0,-194.32363176,0.84300929737,1400.0,-150.0,150.0,-150.0,150.0,-4.0,-0.3703689499999996,0.002285377759999929,27.581500000000005
D:\Obsidian\Web Clipper\001_inbox\RTPLAN_57661.dcm,NewPlan,1,Beam1,363,348.0,-194.69400072,0.84531915841,1400.0,-150.0,150.0,-150.0,150.0,-4.0,-0.3703689599999791,0.002309861040000083,31.3592
D:\Obsidian\Web Clipper\001_inbox\RTPLAN_57661.dcm,NewPlan,1,Beam1,364,344.0,-195.06436968,0.84771512026,1400.0,-150.0,150.0,-150.0,150.0,-4.0,-0.3703689600000075,0.002395961849999906,36.512
D:\Obsidian\Web Clipper\001_inbox\RTPLAN_57661.dcm,NewPlan,1,Beam1,365,340.0,-195.43473864,0.85034704149,1400.0,-150.0,150.0,-150.0,150.0,-4.0,-0.3703689600000075,0.0026319212300000006,39.3838
D:\Obsidian\Web Clipper\001_inbox\RTPLAN_57661.dcm,NewPlan,1,Beam1,366,336.0,-195.80510759,0.85299355959,1400.0,-150.0,150.0,-150.0,150.0,-4.0,-0.3703689499999996,0.0026465181000000504,39.162200000000006
D:\Obsidian\Web Clipper\001_inbox\RTPLAN_57661.dcm,NewPlan,1,Beam1,367,332.0,-196.17547655,0.85563788217357,1400.0,-150.0,150.0,-150.0,150.0,-4.0,-0.3703689600000075,0.002644322583569947,32.827600000000004
D:\Obsidian\Web Clipper\001_inbox\RTPLAN_57661.dcm,NewPlan,1,Beam1,368,328.0,-196.54584551,0.85851419966172,1400.0,-150.0,150.0,-150.0,150.0,-4.0,-0.3703689599999791,0.002876317488150093,34.5239
D:\Obsidian\Web Clipper\001_inbox\RTPLAN_57661.dcm,NewPlan,1,Beam1,369,324.0,-196.91621447,0.86147057213,1400.0,-150.0,150.0,-150.0,150.0,-4.0,-0.3703689600000075,0.0029563724682799553,32.1092
D:\Obsidian\Web Clipper\001_inbox\RTPLAN_57661.dcm,NewPlan,1,Beam1,370,320.0,-197.2866025,0.86471102697,1400.0,-150.0,150.0,-150.0,150.0,-4.0,-0.37038802999998666,0.0032404548400000177,38.165
D:\Obsidian\Web Clipper\001_inbox\RTPLAN_57661.dcm,NewPlan,1,Beam1,371,316.0,-197.65697145462,0.86849861368,1400.0,-150.0,150.0,-150.0,150.0,-4.0,-0.3703689546200053,0.0037875867100000127,40.152
D:\Obsidian\Web Clipper\001_inbox\RTPLAN_57661.dcm,NewPlan,1,Beam1,372,312.0,-198.02734041214,0.87289843861,1400.0,-150.0,150.0,-150.0,150.0,-4.0,-0.3703689575200144,0.004399824930000018,48.899300000000004
D:\Obsidian\Web Clipper\001_inbox\RTPLAN_57661.dcm,NewPlan,1,Beam1,373,308.0,-198.39770937,0.87673903757,1400.0,-150.0,150.0,-150.0,150.0,-4.0,-0.3703689578599949,0.003840598959999997,30.153100000000002
D:\Obsidian\Web Clipper\001_inbox\RTPLAN_57661.dcm,NewPlan,1,Beam1,374,304.0,-198.76807833,0.87986168562092,1400.0,-150.0,150.0,-150.0,150.0,-4.0,-0.3703689600000075,0.003122648050919996,28.210600000000003
D:\Obsidian\Web Clipper\001_inbox\RTPLAN_57661.dcm,NewPlan,1,Beam1,375,300.0,-199.13844728,0.88288020782,1400.0,-150.0,150.0,-150.0,150.0,-4.0,-0.3703689499999996,0.0030185221990799427,28.1391
D:\Obsidian\Web Clipper\001_inbox\RTPLAN_57661.dcm,NewPlan,1,Beam1,376,296.0,-199.50881624,0.88580744262,1400.0,-150.0,150.0,-150.0,150.0,-4.0,-0.3703689599999791,0.0029272348000000115,48.422799999999995
D:\Obsidian\Web Clipper\001_inbox\RTPLAN_57661.dcm,NewPlan,1,Beam1,377,292.0,-199.87920427,0.8888546148,1400.0,-150.0,150.0,-150.0,150.0,-4.0,-0.3703880300000151,0.0030471721800000573,40.1297
D:\Obsidian\Web Clipper\001_inbox\RTPLAN_57661.dcm,NewPlan,1,Beam1,378,288.0,-200.24957323,0.8919688127,1400.0,-150.0,150.0,-150.0,150.0,-4.0,-0.3703689600000075,0.003114197899999893,36.97189999999999
D:\Obsidian\Web Clipper\001_inbox\RTPLAN_57661.dcm,NewPlan,1,Beam1,379,284.0,-200.61994219,0.89507112468,1400.0,-150.0,150.0,-150.0,150.0,-4.0,-0.3703689599999791,0.0031023119800001053,31.772400000000005
D:\Obsidian\Web Clipper\001_inbox\RTPLAN_57661.dcm,NewPlan,1,Beam1,380,280.0,-200.99031115,0.89821416306,1400.0,-150.0,150.0,-150.0,150.0,-4.0,-0.3703689600000075,0.003143038379999963,25.172200000000004
D:\Obsidian\Web Clipper\001_inbox\RTPLAN_57661.dcm,NewPlan,1,Beam1,381,276.0,-201.3606801,0.90173017331,1400.0,-150.0,150.0,-150.0,150.0,-4.0,-0.3703689499999996,0.0035160102500000345,31.666200000000003
D:\Obsidian\Web Clipper\001_inbox\RTPLAN_57661.dcm,NewPlan,1,Beam1,382,272.0,-201.73104906,0.90540530228,1400.0,-150.0,150.0,-150.0,150.0,-4.0,-0.3703689600000075,0.0036751289699999967,35.575199999999995
D:\Obsidian\Web Clipper\001_inbox\RTPLAN_57661.dcm,NewPlan,1,Beam1,383,268.0,-202.10141802,0.90929878851,1400.0,-150.0,150.0,-150.0,150.0,-4.0,-0.3703689600000075,0.003893486229999965,32.1045
D:\Obsidian\Web Clipper\001_inbox\RTPLAN_57661.dcm,NewPlan,1,Beam1,384,264.0,-202.47178698,0.91358851034,1400.0,-150.0,150.0,-150.0,150.0,-4.0,-0.3703689599999791,0.004289721829999982,22.405099999999997
D:\Obsidian\Web Clipper\001_inbox\RTPLAN_57661.dcm,NewPlan,1,Beam1,385,260.0,-202.84215593338,0.91834949193,1400.0,-150.0,150.0,-150.0,150.0,-4.0,-0.37036895338002296,0.004760981590000046,36.8088
D:\Obsidian\Web Clipper\001_inbox\RTPLAN_57661.dcm,NewPlan,1,Beam1,386,256.0,-203.21254396,0.92340056819,1400.0,-150.0,150.0,-150.0,150.0,-4.0,-0.3703880266199917,0.005051076260000009,29.299699999999998
D:\Obsidian\Web Clipper\001_inbox\RTPLAN_57661.dcm,NewPlan,1,Beam1,387,252.0,-203.58291292,0.92790403037,1400.0,-150.0,150.0,-150.0,150.0,-4.0,-0.3703689600000075,0.004503462179999973,36.0103
D:\Obsidian\Web Clipper\001_inbox\RTPLAN_57661.dcm,NewPlan,1,Beam1,388,248.0,-203.95328188,0.93216965482,1400.0,-150.0,150.0,-150.0,150.0,-4.0,-0.3703689599999791,0.004265624450000005,35.8981
D:\Obsidian\Web Clipper\001_inbox\RTPLAN_57661.dcm,NewPlan,1,Beam1,389,244.0,-204.32365084,0.93633743181202,1400.0,-150.0,150.0,-150.0,150.0,-4.0,-0.3703689600000075,0.004167776992019978,35.4002
D:\Obsidian\Web Clipper\001_inbox\RTPLAN_57661.dcm,NewPlan,1,Beam1,390,240.0,-204.69401979,0.94038121719,1400.0,-150.0,150.0,-150.0,150.0,-4.0,-0.3703689499999996,0.004043785377980003,35.589
D:\Obsidian\Web Clipper\001_inbox\RTPLAN_57661.dcm,NewPlan,1,Beam1,391,236.0,-205.06438875,0.9442251867,1400.0,-150.0,150.0,-150.0,150.0,-4.0,-0.3703689600000075,0.0038439695099999893,36.0589
D:\Obsidian\Web Clipper\001_inbox\RTPLAN_57661.dcm,NewPlan,1,Beam1,392,232.0,-205.43476725,0.94802871692,1400.0,-150.0,150.0,-150.0,150.0,-4.0,-0.37037849999998684,0.0038035302200000176,37.4577
D:\Obsidian\Web Clipper\001_inbox\RTPLAN_57661.dcm,NewPlan,1,Beam1,393,228.0,-205.8051362,0.95197324025,1400.0,-150.0,150.0,-150.0,150.0,-4.0,-0.3703689499999996,0.003944523329999949,47.5832
D:\Obsidian\Web Clipper\001_inbox\RTPLAN_57661.dcm,NewPlan,1,Beam1,394,224.0,-206.17550516,0.95581752096,1400.0,-150.0,150.0,-150.0,150.0,-4.0,-0.3703689600000075,0.003844280710000092,43.323499999999996
D:\Obsidian\Web Clipper\001_inbox\RTPLAN_57661.dcm,NewPlan,1,Beam1,395,220.0,-206.54587412,0.95962653526033,1400.0,-150.0,150.0,-150.0,150.0,-4.0,-0.3703689600000075,0.0038090143003299826,42.036699999999996
D:\Obsidian\Web Clipper\001_inbox\RTPLAN_57661.dcm,NewPlan,1,Beam1,396,216.0,-206.91624308,0.96342567627,1400.0,-150.0,150.0,-150.0,150.0,-4.0,-0.3703689599999791,0.0037991410096699374,35.6686
D:\Obsidian\Web Clipper\001_inbox\RTPLAN_57661.dcm,NewPlan,1,Beam1,397,212.0,-207.28661203,0.96723437418,1400.0,-150.0,150.0,-150.0,150.0,-4.0,-0.3703689499999996,0.0038086979100000473,35.571200000000005
D:\Obsidian\Web Clipper\001_inbox\RTPLAN_57661.dcm,NewPlan,1,Beam1,398,208.0,-207.65698099,0.97106427199,1400.0,-150.0,150.0,-150.0,150.0,-4.0,-0.3703689600000075,0.0038298978099999825,34.1077
D:\Obsidian\Web Clipper\001_inbox\RTPLAN_57661.dcm,NewPlan,1,Beam1,399,204.0,-208.02735949,0.97487343412,1400.0,-150.0,150.0,-150.0,150.0,-4.0,-0.37037850000001526,0.0038091621300000433,38.492
D:\Obsidian\Web Clipper\001_inbox\RTPLAN_57661.dcm,NewPlan,1,Beam1,400,200.0,-208.39772844,0.97859660333,1400.0,-150.0,150.0,-150.0,150.0,-4.0,-0.3703689499999996,0.0037231692099999325,40.8663
D:\Obsidian\Web Clipper\001_inbox\RTPLAN_57661.dcm,NewPlan,1,Beam1,401,196.0,-208.7680974,0.98244074383,1400.0,-150.0,150.0,-150.0,150.0,-4.0,-0.3703689599999791,0.0038441405000000373,41.8125
D:\Obsidian\Web Clipper\001_inbox\RTPLAN_57661.dcm,NewPlan,1,Beam1,402,192.0,-209.13846636,0.98648330603,1400.0,-150.0,150.0,-150.0,150.0,-4.0,-0.3703689600000075,0.004042562199999988,43.862
D:\Obsidian\Web Clipper\001_inbox\RTPLAN_57661.dcm,NewPlan,1,Beam1,403,188.0,-209.50883532,0.99074406393,1400.0,-150.0,150.0,-150.0,150.0,-4.0,-0.3703689600000075,0.004260757900000023,40.9647
D:\Obsidian\Web Clipper\001_inbox\RTPLAN_57661.dcm,NewPlan,1,Beam1,404,184.0,-209.87920427,0.99523787594,1400.0,-150.0,150.0,-150.0,150.0,-4.0,-0.3703689499999996,0.004493812009999987,39.924099999999996
D:\Obsidian\Web Clipper\001_inbox\RTPLAN_57661.dcm,NewPlan,1,Beam1,405,180.0,-210.24957323,1.0,1400.0,-150.0,150.0,-150.0,150.0,-4.0,-0.3703689600000075,0.004762124059999984,30.245700000000003
D:\Obsidian\Web Clipper\001_inbox\RTPLAN_57661.dcm,NewPlan,2,Beam11,0,180.0,-210.24957323,0.0,1400.0,-150.0,150.0,-150.0,150.0,,,,25.454900000000006
D:\Obsidian\Web Clipper\001_inbox\RTPLAN_57661.dcm,NewPlan,2,Beam11,1,184.0,-209.87920427,0.0037505394594,1400.0,-150.0,150.0,-150.0,150.0,4.0,0.3703689600000075,0.0037505394594,33.1689
D:\Obsidian\Web Clipper\001_inbox\RTPLAN_57661.dcm,NewPlan,2,Beam11,2,188.0,-209.50883532,0.0069848061386,1400.0,-150.0,150.0,-150.0,150.0,4.0,0.3703689499999996,0.0032342666792,31.179199999999998
D:\Obsidian\Web Clipper\001_inbox\RTPLAN_57661.dcm,NewPlan,2,Beam11,3,192.0,-209.13846636,0.0096532330358,1400.0,-150.0,150.0,-150.0,150.0,4.0,0.3703689600000075,0.0026684268972000007,29.328500000000002
D:\Obsidian\Web Clipper\001_inbox\RTPLAN_57661.dcm,NewPlan,2,Beam11,4,196.0,-208.7680974,0.011997289112,1400.0,-150.0,150.0,-150.0,150.0,4.0,0.3703689600000075,0.0023440560762,36.1914
D:\Obsidian\Web Clipper\001_inbox\RTPLAN_57661.dcm,NewPlan,2,Beam11,5,200.0,-208.39772844,0.01441395911,1400.0,-150.0,150.0,-150.0,150.0,4.0,0.3703689599999791,0.0024166699979999984,42.7723
D:\Obsidian\Web Clipper\001_inbox\RTPLAN_57661.dcm,NewPlan,2,Beam11,6,204.0,-208.02735949,0.017109771058,1400.0,-150.0,150.0,-150.0,150.0,4.0,0.3703689499999996,0.0026958119480000008,40.238
D:\Obsidian\Web Clipper\001_inbox\RTPLAN_57661.dcm,NewPlan,2,Beam11,7,208.0,-207.65698099,0.020051886996,1400.0,-150.0,150.0,-150.0,150.0,4.0,0.37037850000001526,0.002942115937999999,42.1269
D:\Obsidian\Web Clipper\001_inbox\RTPLAN_57661.dcm,NewPlan,2,Beam11,8,212.0,-207.28661203,0.02295635427,1400.0,-150.0,150.0,-150.0,150.0,4.0,0.3703689600000075,0.0029044672740000006,38.6148
D:\Obsidian\Web Clipper\001_inbox\RTPLAN_57661.dcm,NewPlan,2,Beam11,9,216.0,-206.91624308,0.025729330793,1400.0,-150.0,150.0,-150.0,150.0,4.0,0.3703689499999996,0.002772976523000001,30.7932
D:\Obsidian\Web Clipper\001_inbox\RTPLAN_57661.dcm,NewPlan,2,Beam11,10,220.0,-206.54587412,0.028509149298,1400.0,-150.0,150.0,-150.0,150.0,4.0,0.3703689599999791,0.002779818505,29.7206
D:\Obsidian\Web Clipper\001_inbox\RTPLAN_57661.dcm,NewPlan,2,Beam11,11,224.0,-206.17550516,0.031348177176,1400.0,-150.0,150.0,-150.0,150.0,4.0,0.3703689600000075,0.0028390278779999965,31.7129
D:\Obsidian\Web Clipper\001_inbox\RTPLAN_57661.dcm,NewPlan,2,Beam11,12,228.0,-205.8051362,0.034235632473,1400.0,-150.0,150.0,-150.0,150.0,4.0,0.3703689600000075,0.002887455297000005,30.7515
D:\Obsidian\Web Clipper\001_inbox\RTPLAN_57661.dcm,NewPlan,2,Beam11,13,232.0,-205.43476725,0.037370640324,1400.0,-150.0,150.0,-150.0,150.0,4.0,0.3703689499999996,0.003135007850999995,33.28920000000001
D:\Obsidian\Web Clipper\001_inbox\RTPLAN_57661.dcm,NewPlan,2,Beam11,14,236.0,-205.06438875,0.040743077463,1400.0,-150.0,150.0,-150.0,150.0,4.0,0.37037849999998684,0.003372437139000005,37.703199999999995
D:\Obsidian\Web Clipper\001_inbox\RTPLAN_57661.dcm,NewPlan,2,Beam11,15,240.0,-204.69401979,0.044269599225,1400.0,-150.0,150.0,-150.0,150.0,4.0,0.3703689600000075,0.0035265217619999956,33.7623
D:\Obsidian\Web Clipper\001_inbox\RTPLAN_57661.dcm,NewPlan,2,Beam11,16,244.0,-204.32365084,0.047972954069,1400.0,-150.0,150.0,-150.0,150.0,4.0,0.3703689499999996,0.003703354844000001,31.1215
D:\Obsidian\Web Clipper\001_inbox\RTPLAN_57661.dcm,NewPlan,2,Beam11,17,248.0,-203.95328188,0.05170254702,1400.0,-150.0,150.0,-150.0,150.0,4.0,0.3703689600000075,0.0037295929510000048,34.7254
D:\Obsidian\Web Clipper\001_inbox\RTPLAN_57661.dcm,NewPlan,2,Beam11,18,252.0,-203.58291292,0.055340247068,1400.0,-150.0,150.0,-150.0,150.0,4.0,0.3703689599999791,0.0036377000479999935,35.6423
D:\Obsidian\Web Clipper\001_inbox\RTPLAN_57661.dcm,NewPlan,2,Beam11,19,256.0,-203.21254396,0.059057517922,1400.0,-150.0,150.0,-150.0,150.0,4.0,0.3703689600000075,0.0037172708540000043,30.975699999999996
D:\Obsidian\Web Clipper\001_inbox\RTPLAN_57661.dcm,NewPlan,2,Beam11,20,260.0,-202.84215593338,0.063144157543,1400.0,-150.0,150.0,-150.0,150.0,4.0,0.3703880266199917,0.0040866396209999975,28.7132
D:\Obsidian\Web Clipper\001_inbox\RTPLAN_57661.dcm,NewPlan,2,Beam11,21,264.0,-202.47178698,0.067252090301,1400.0,-150.0,150.0,-150.0,150.0,4.0,0.37036895338002296,0.004107932758000005,30.6495
D:\Obsidian\Web Clipper\001_inbox\RTPLAN_57661.dcm,NewPlan,2,Beam11,22,268.0,-202.10141802,0.071121837141,1400.0,-150.0,150.0,-150.0,150.0,4.0,0.3703689599999791,0.0038697468399999935,21.770899999999997
D:\Obsidian\Web Clipper\001_inbox\RTPLAN_57661.dcm,NewPlan,2,Beam11,23,272.0,-201.73104906,0.07463453187,1400.0,-150.0,150.0,-150.0,150.0,4.0,0.3703689600000075,0.00351269472900001,17.879199999999997
D:\Obsidian\Web Clipper\001_inbox\RTPLAN_57661.dcm,NewPlan,2,Beam11,24,276.0,-201.3606801,0.078151447587,1400.0,-150.0,150.0,-150.0,150.0,4.0,0.3703689600000075,0.0035169157169999965,20.6201
D:\Obsidian\Web Clipper\001_inbox\RTPLAN_57661.dcm,NewPlan,2,Beam11,25,280.0,-200.99031115,0.081738488739,1400.0,-150.0,150.0,-150.0,150.0,4.0,0.3703689499999996,0.003587041151999995,27.7896
D:\Obsidian\Web Clipper\001_inbox\RTPLAN_57661.dcm,NewPlan,2,Beam11,26,284.0,-200.61994219,0.085100071589,1400.0,-150.0,150.0,-150.0,150.0,4.0,0.3703689600000075,0.003361582850000003,33.4566
D:\Obsidian\Web Clipper\001_inbox\RTPLAN_57661.dcm,NewPlan,2,Beam11,27,288.0,-200.24957323,0.088527124561,1400.0,-150.0,150.0,-150.0,150.0,4.0,0.3703689599999791,0.0034270529719999943,34.3186
D:\Obsidian\Web Clipper\001_inbox\RTPLAN_57661.dcm,NewPlan,2,Beam11,28,292.0,-199.87920427,0.091937003604,1400.0,-150.0,150.0,-150.0,150.0,4.0,0.3703689600000075,0.003409879043000011,36.8248
D:\Obsidian\Web Clipper\001_inbox\RTPLAN_57661.dcm,NewPlan,2,Beam11,29,296.0,-199.50881624,0.095325152626,1400.0,-150.0,150.0,-150.0,150.0,4.0,0.3703880300000151,0.003388149021999992,35.84440000000001
D:\Obsidian\Web Clipper\001_inbox\RTPLAN_57661.dcm,NewPlan,2,Beam11,30,300.0,-199.13844728,0.098599894764,1400.0,-150.0,150.0,-150.0,150.0,4.0,0.3703689599999791,0.0032747421379999975,30.586199999999998
D:\Obsidian\Web Clipper\001_inbox\RTPLAN_57661.dcm,NewPlan,2,Beam11,31,304.0,-198.76807833,0.10177344233,1400.0,-150.0,150.0,-150.0,150.0,4.0,0.3703689499999996,0.0031735475660000095,29.404400000000003
D:\Obsidian\Web Clipper\001_inbox\RTPLAN_57661.dcm,NewPlan,2,Beam11,32,308.0,-198.39770937,0.104901613,1400.0,-150.0,150.0,-150.0,150.0,4.0,0.3703689600000075,0.0031281706699999995,32.084
D:\Obsidian\Web Clipper\001_inbox\RTPLAN_57661.dcm,NewPlan,2,Beam11,33,312.0,-198.02734041214,0.10835352941,1400.0,-150.0,150.0,-150.0,150.0,4.0,0.3703689578599949,0.0034519164099999916,38.861900000000006
D:\Obsidian\Web Clipper\001_inbox\RTPLAN_57661.dcm,NewPlan,2,Beam11,34,316.0,-197.65697145462,0.1118578321,1400.0,-150.0,150.0,-150.0,150.0,4.0,0.3703689575200144,0.0035043026900000024,38.5793
D:\Obsidian\Web Clipper\001_inbox\RTPLAN_57661.dcm,NewPlan,2,Beam11,35,320.0,-197.2866025,0.11533671251,1400.0,-150.0,150.0,-150.0,150.0,4.0,0.3703689546200053,0.003478880409999996,34.9101
D:\Obsidian\Web Clipper\001_inbox\RTPLAN_57661.dcm,NewPlan,2,Beam11,36,324.0,-196.91621447,0.11858256834,1400.0,-150.0,150.0,-150.0,150.0,4.0,0.37038802999998666,0.003245855830000005,39.037499999999994
D:\Obsidian\Web Clipper\001_inbox\RTPLAN_57661.dcm,NewPlan,2,Beam11,37,328.0,-196.54584551,0.12163387658,1400.0,-150.0,150.0,-150.0,150.0,4.0,0.3703689600000075,0.0030513082399999947,53.18470000000001
D:\Obsidian\Web Clipper\001_inbox\RTPLAN_57661.dcm,NewPlan,2,Beam11,38,332.0,-196.17547655,0.1245906706,1400.0,-150.0,150.0,-150.0,150.0,4.0,0.3703689599999791,0.0029567940200000004,43.0499
D:\Obsidian\Web Clipper\001_inbox\RTPLAN_57661.dcm,NewPlan,2,Beam11,39,336.0,-195.80510759,0.12725302478,1400.0,-150.0,150.0,-150.0,150.0,4.0,0.3703689600000075,0.0026623541800000067,35.9852
D:\Obsidian\Web Clipper\001_inbox\RTPLAN_57661.dcm,NewPlan,2,Beam11,40,340.0,-195.43473864,0.12987611863,1400.0,-150.0,150.0,-150.0,150.0,4.0,0.3703689499999996,0.002623093850000008,36.7676
D:\Obsidian\Web Clipper\001_inbox\RTPLAN_57661.dcm,NewPlan,2,Beam11,41,344.0,-195.06436968,0.13249637783676,1400.0,-150.0,150.0,-150.0,150.0,4.0,0.3703689600000075,0.002620259206759984,37.6424
D:\Obsidian\Web Clipper\001_inbox\RTPLAN_57661.dcm,NewPlan,2,Beam11,42,348.0,-194.69400072,0.13489580925,1400.0,-150.0,150.0,-150.0,150.0,4.0,0.3703689600000075,0.002399431413240005,43.2165
D:\Obsidian\Web Clipper\001_inbox\RTPLAN_57661.dcm,NewPlan,2,Beam11,43,352.0,-194.32363176,0.137250429,1400.0,-150.0,150.0,-150.0,150.0,4.0,0.3703689599999791,0.0023546197500000088,41.531400000000005
D:\Obsidian\Web Clipper\001_inbox\RTPLAN_57661.dcm,NewPlan,2,Beam11,44,356.0,-193.95326281,0.13952611375,1400.0,-150.0,150.0,-150.0,150.0,4.0,0.3703689499999996,0.0022756847500000066,38.061499999999995
D:\Obsidian\Web Clipper\001_inbox\RTPLAN_57661.dcm,NewPlan,2,Beam11,45,0.0,-193.58287477,0.14177892521,1400.0,-150.0,150.0,-150.0,150.0,4.0,0.370388040000023,0.002252811459999976,35.7955
D:\Obsidian\Web Clipper\001_inbox\RTPLAN_57661.dcm,NewPlan,2,Beam11,46,4.0,-193.21250582,0.14396800705,1400.0,-150.0,150.0,-150.0,150.0,4.0,0.3703689499999996,0.0021890818400000234,36.8048
D:\Obsidian\Web Clipper\001_inbox\RTPLAN_57661.dcm,NewPlan,2,Beam11,47,8.0,-192.84213686,0.14606719414,1400.0,-150.0,150.0,-150.0,150.0,4.0,0.3703689599999791,0.002099187089999982,39.9111
D:\Obsidian\Web Clipper\001_inbox\RTPLAN_57661.dcm,NewPlan,2,Beam11,48,12.0,-192.4717679,0.14805683222,1400.0,-150.0,150.0,-150.0,150.0,4.0,0.3703689600000075,0.0019896380799999946,37.3184
D:\Obsidian\Web Clipper\001_inbox\RTPLAN_57661.dcm,NewPlan,2,Beam11,49,16.0,-192.10139894,0.14997983467,1400.0,-150.0,150.0,-150.0,150.0,4.0,0.3703689600000075,0.0019230024500000165,35.792500000000004
D:\Obsidian\Web Clipper\001_inbox\RTPLAN_57661.dcm,NewPlan,2,Beam11,50,20.0,-191.73102999,0.15176315756,1400.0,-150.0,150.0,-150.0,150.0,4.0,0.3703689499999996,0.0017833228899999942,34.884699999999995
D:\Obsidian\Web Clipper\001_inbox\RTPLAN_57661.dcm,NewPlan,2,Beam11,51,24.0,-191.36066103,0.15365257439,1400.0,-150.0,150.0,-150.0,150.0,4.0,0.3703689600000075,0.0018894168299999903,34.04900000000001
D:\Obsidian\Web Clipper\001_inbox\RTPLAN_57661.dcm,NewPlan,2,Beam11,52,28.0,-190.99027299881,0.1554259707,1400.0,-150.0,150.0,-150.0,150.0,4.0,0.3703880311899752,0.0017733963100000083,41.651199999999996
D:\Obsidian\Web Clipper\001_inbox\RTPLAN_57661.dcm,NewPlan,2,Beam11,53,32.0,-190.61990404129,0.15702865864,1400.0,-150.0,150.0,-150.0,150.0,4.0,0.3703689575200144,0.0016026879400000138,43.347500000000004
D:\Obsidian\Web Clipper\001_inbox\RTPLAN_57661.dcm,NewPlan,2,Beam11,54,36.0,-190.24953508,0.15856121491,1400.0,-150.0,150.0,-150.0,150.0,4.0,0.37036896129001207,0.001532556269999985,40.1061
D:\Obsidian\Web Clipper\001_inbox\RTPLAN_57661.dcm,NewPlan,2,Beam11,55,40.0,-189.87916613,0.16014748428,1400.0,-150.0,150.0,-150.0,150.0,4.0,0.3703689499999996,0.0015862693700000041,37.314600000000006
D:\Obsidian\Web Clipper\001_inbox\RTPLAN_57661.dcm,NewPlan,2,Beam11,56,44.0,-189.50879717,0.16176639588912,1400.0,-150.0,150.0,-150.0,150.0,4.0,0.3703689599999791,0.001618911609120005,45.81770000000001
D:\Obsidian\Web Clipper\001_inbox\RTPLAN_57661.dcm,NewPlan,2,Beam11,57,48.0,-189.13842821,0.16323451776,1400.0,-150.0,150.0,-150.0,150.0,4.0,0.3703689600000075,0.001468121870879996,41.6854
D:\Obsidian\Web Clipper\001_inbox\RTPLAN_57661.dcm,NewPlan,2,Beam11,58,52.0,-188.76805925,0.16502848675,1400.0,-150.0,150.0,-150.0,150.0,4.0,0.3703689600000075,0.0017939689900000055,48.5709
D:\Obsidian\Web Clipper\001_inbox\RTPLAN_57661.dcm,NewPlan,2,Beam11,59,56.0,-188.3976903,0.16688393179,1400.0,-150.0,150.0,-150.0,150.0,4.0,0.3703689499999996,0.0018554450399999867,45.83970000000001
D:\Obsidian\Web Clipper\001_inbox\RTPLAN_57661.dcm,NewPlan,2,Beam11,60,60.0,-188.02732134,0.16878147949,1400.0,-150.0,150.0,-150.0,150.0,4.0,0.3703689600000075,0.0018975477000000018,45.645
D:\Obsidian\Web Clipper\001_inbox\RTPLAN_57661.dcm,NewPlan,2,Beam11,61,64.0,-187.65693331,0.17079751218,1400.0,-150.0,150.0,-150.0,150.0,4.0,0.37038802999998666,0.0020160326900000025,55.4475
D:\Obsidian\Web Clipper\001_inbox\RTPLAN_57661.dcm,NewPlan,2,Beam11,62,68.0,-187.28656435,0.17288273253,1400.0,-150.0,150.0,-150.0,150.0,4.0,0.3703689600000075,0.00208522035,47.6307
D:\Obsidian\Web Clipper\001_inbox\RTPLAN_57661.dcm,NewPlan,2,Beam11,63,72.0,-186.91619539,0.17488953574,1400.0,-150.0,150.0,-150.0,150.0,4.0,0.3703689599999791,0.002006803209999991,43.040600000000005
D:\Obsidian\Web Clipper\001_inbox\RTPLAN_57661.dcm,NewPlan,2,Beam11,64,76.0,-186.54582644,0.17717320061,1400.0,-150.0,150.0,-150.0,150.0,4.0,0.3703689499999996,0.0022836648700000073,43.3055
D:\Obsidian\Web Clipper\001_inbox\RTPLAN_57661.dcm,NewPlan,2,Beam11,65,80.0,-186.17545747757,0.17939359387,1400.0,-150.0,150.0,-150.0,150.0,4.0,0.37036896243000683,0.0022203932600000087,45.1196
D:\Obsidian\Web Clipper\001_inbox\RTPLAN_57661.dcm,NewPlan,2,Beam11,66,84.0,-185.80508852005,0.18160741193,1400.0,-150.0,150.0,-150.0,150.0,4.0,0.3703689575200144,0.0022138180599999835,41.1014
D:\Obsidian\Web Clipper\001_inbox\RTPLAN_57661.dcm,NewPlan,2,Beam11,67,88.0,-185.43471956,0.18395549615179,1400.0,-150.0,150.0,-150.0,150.0,4.0,0.3703689600500013,0.0023480842217900033,42.630799999999994
D:\Obsidian\Web Clipper\001_inbox\RTPLAN_57661.dcm,NewPlan,2,Beam11,68,92.0,-185.06432915,0.186318161,1400.0,-150.0,150.0,-150.0,150.0,4.0,0.37039040999999884,0.0023626648482100165,31.429899999999996
D:\Obsidian\Web Clipper\001_inbox\RTPLAN_57661.dcm,NewPlan,2,Beam11,69,96.0,-184.69396019,0.18862306475,1400.0,-150.0,150.0,-150.0,150.0,4.0,0.3703689599999791,0.0023049037500000036,26.395
D:\Obsidian\Web Clipper\001_inbox\RTPLAN_57661.dcm,NewPlan,2,Beam11,70,100.0,-184.3235912323,0.19100315526,1400.0,-150.0,150.0,-150.0,150.0,4.0,0.3703689577000091,0.002380090509999988,28.3039
D:\Obsidian\Web Clipper\001_inbox\RTPLAN_57661.dcm,NewPlan,2,Beam11,71,104.0,-183.95322227478,0.19334384587,1400.0,-150.0,150.0,-150.0,150.0,4.0,0.3703689575200144,0.0023406906100000013,34.989
D:\Obsidian\Web Clipper\001_inbox\RTPLAN_57661.dcm,NewPlan,2,Beam11,72,108.0,-183.58285332,0.19566284071,1400.0,-150.0,150.0,-150.0,150.0,4.0,0.3703689547799911,0.002318994840000005,34.791000000000004
D:\Obsidian\Web Clipper\001_inbox\RTPLAN_57661.dcm,NewPlan,2,Beam11,73,112.0,-183.21248436,0.19787336292,1400.0,-150.0,150.0,-150.0,150.0,4.0,0.3703689600000075,0.002210522209999982,37.7166
D:\Obsidian\Web Clipper\001_inbox\RTPLAN_57661.dcm,NewPlan,2,Beam11,74,116.0,-182.8421154,0.2000130754,1400.0,-150.0,150.0,-150.0,150.0,4.0,0.3703689599999791,0.00213971248,34.124
D:\Obsidian\Web Clipper\001_inbox\RTPLAN_57661.dcm,NewPlan,2,Beam11,75,120.0,-182.47174644,0.20230327131,1400.0,-150.0,150.0,-150.0,150.0,4.0,0.3703689600000075,0.0022901959100000147,43.3027
D:\Obsidian\Web Clipper\001_inbox\RTPLAN_57661.dcm,NewPlan,2,Beam11,76,124.0,-182.10137749,0.20419683679,1400.0,-150.0,150.0,-150.0,150.0,4.0,0.3703689499999996,0.001893565479999998,41.57659999999999
D:\Obsidian\Web Clipper\001_inbox\RTPLAN_57661.dcm,NewPlan,2,Beam11,77,128.0,-181.73100853,0.20592494885,1400.0,-150.0,150.0,-150.0,150.0,4.0,0.3703689600000075,0.0017281120600000088,34.5148
D:\Obsidian\Web Clipper\001_inbox\RTPLAN_57661.dcm,NewPlan,2,Beam11,78,132.0,-181.36063957,0.20752945012,1400.0,-150.0,150.0,-150.0,150.0,4.0,0.3703689600000075,0.001604501269999975,38.1534
D:\Obsidian\Web Clipper\001_inbox\RTPLAN_57661.dcm,NewPlan,2,Beam11,79,136.0,-180.99027061,0.20904912146,1400.0,-150.0,150.0,-150.0,150.0,4.0,0.3703689599999791,0.0015196713400000006,43.3082
D:\Obsidian\Web Clipper\001_inbox\RTPLAN_57661.dcm,NewPlan,2,Beam11,80,140.0,-180.61990166,0.21043222954,1400.0,-150.0,150.0,-150.0,150.0,4.0,0.3703689499999996,0.0013831080800000006,39.106899999999996
D:\Obsidian\Web Clipper\001_inbox\RTPLAN_57661.dcm,NewPlan,2,Beam11,81,144.0,-180.2495327,0.21179432678,1400.0,-150.0,150.0,-150.0,150.0,4.0,0.3703689600000075,0.0013620972399999987,36.4397
D:\Obsidian\Web Clipper\001_inbox\RTPLAN_57661.dcm,NewPlan,2,Beam11,82,148.0,-179.87916374,0.21324844046,1400.0,-150.0,150.0,-150.0,150.0,4.0,0.3703689600000075,0.0014541136800000076,46.9907
D:\Obsidian\Web Clipper\001_inbox\RTPLAN_57661.dcm,NewPlan,2,Beam11,83,152.0,-179.50879478,0.21470955216,1400.0,-150.0,150.0,-150.0,150.0,4.0,0.3703689600000075,0.0014611117000000173,46.6081
D:\Obsidian\Web Clipper\001_inbox\RTPLAN_57661.dcm,NewPlan,2,Beam11,84,156.0,-179.13842583,0.21615819325,1400.0,-150.0,150.0,-150.0,150.0,4.0,0.3703689499999996,0.0014486410899999802,51.261399999999995
D:\Obsidian\Web Clipper\001_inbox\RTPLAN_57661.dcm,NewPlan,2,Beam11,85,160.0,-178.76805687,0.21764449885,1400.0,-150.0,150.0,-150.0,150.0,4.0,0.3703689599999791,0.0014863056000000152,53.0462
D:\Obsidian\Web Clipper\001_inbox\RTPLAN_57661.dcm,NewPlan,2,Beam11,86,164.0,-178.39768791,0.21910381308,1400.0,-150.0,150.0,-150.0,150.0,4.0,0.3703689600000075,0.0014593142299999806,47.4309
D:\Obsidian\Web Clipper\001_inbox\RTPLAN_57661.dcm,NewPlan,2,Beam11,87,168.0,-178.02731895,0.22053305724,1400.0,-150.0,150.0,-150.0,150.0,4.0,0.3703689600000075,0.0014292441600000094,51.2777
D:\Obsidian\Web Clipper\001_inbox\RTPLAN_57661.dcm,NewPlan,2,Beam11,88,172.0,-177.65695,0.22168020992,1400.0,-150.0,150.0,-150.0,150.0,4.0,0.3703689499999996,0.0011471526800000131,50.382
D:\Obsidian\Web Clipper\001_inbox\RTPLAN_57661.dcm,NewPlan,2,Beam11,89,176.0,-177.28658104,0.22271484645293,1400.0,-150.0,150.0,-150.0,150.0,4.0,0.3703689600000075,0.0010346365329299834,45.764300000000006
D:\Obsidian\Web Clipper\001_inbox\RTPLAN_57661.dcm,NewPlan,2,Beam11,90,180.0,-176.91621208,0.22379487157,1400.0,-150.0,150.0,-150.0,150.0,4.0,0.3703689599999791,0.0010800251170700048,56.3182
D:\Obsidian\Web Clipper\001_inbox\RTPLAN_57661.dcm,NewPlan,2,Beam11,91,184.0,-176.54584312439,0.22485753295,1400.0,-150.0,150.0,-150.0,150.0,4.0,0.3703689556100187,0.0010626613799999962,60.0058
D:\Obsidian\Web Clipper\001_inbox\RTPLAN_57661.dcm,NewPlan,2,Beam11,92,188.0,-176.17547416687,0.22602284383348,1400.0,-150.0,150.0,-150.0,150.0,4.0,0.370368957519986,0.001165310883480014,66.3939
D:\Obsidian\Web Clipper\001_inbox\RTPLAN_57661.dcm,NewPlan,2,Beam11,93,192.0,-175.80510521,0.22738462165,1400.0,-150.0,150.0,-150.0,150.0,4.0,0.3703689568700099,0.001361777816519999,68.9284
D:\Obsidian\Web Clipper\001_inbox\RTPLAN_57661.dcm,NewPlan,2,Beam11,94,196.0,-175.43473625,0.22898419346,1400.0,-150.0,150.0,-150.0,150.0,4.0,0.3703689600000075,0.0015995718100000056,68.8672
D:\Obsidian\Web Clipper\001_inbox\RTPLAN_57661.dcm,NewPlan,2,Beam11,95,200.0,-175.06436729,0.23056981054,1400.0,-150.0,150.0,-150.0,150.0,4.0,0.3703689599999791,0.0015856170799999902,59.4072
D:\Obsidian\Web Clipper\001_inbox\RTPLAN_57661.dcm,NewPlan,2,Beam11,96,204.0,-174.69399834,0.2321437154,1400.0,-150.0,150.0,-150.0,150.0,4.0,0.3703689499999996,0.0015739048600000027,63.03189999999999
D:\Obsidian\Web Clipper\001_inbox\RTPLAN_57661.dcm,NewPlan,2,Beam11,97,208.0,-174.32362938,0.23375736038,1400.0,-150.0,150.0,-150.0,150.0,4.0,0.3703689600000075,0.0016136449799999952,61.8878
D:\Obsidian\Web Clipper\001_inbox\RTPLAN_57661.dcm,NewPlan,2,Beam11,98,212.0,-173.95326042,0.23547263617,1400.0,-150.0,150.0,-150.0,150.0,4.0,0.3703689600000075,0.0017152757899999982,74.9808
D:\Obsidian\Web Clipper\001_inbox\RTPLAN_57661.dcm,NewPlan,2,Beam11,99,216.0,-173.58289146,0.23730979234,1400.0,-150.0,150.0,-150.0,150.0,4.0,0.3703689599999791,0.0018371561699999928,71.4947
D:\Obsidian\Web Clipper\001_inbox\RTPLAN_57661.dcm,NewPlan,2,Beam11,100,220.0,-173.21252251,0.23901590297,1400.0,-150.0,150.0,-150.0,150.0,4.0,0.3703689499999996,0.0017061106300000073,65.24310000000001
D:\Obsidian\Web Clipper\001_inbox\RTPLAN_57661.dcm,NewPlan,2,Beam11,101,224.0,-172.84215355,0.24057370371,1400.0,-150.0,150.0,-150.0,150.0,4.0,0.3703689600000075,0.0015578007400000038,72.82140000000001
D:\Obsidian\Web Clipper\001_inbox\RTPLAN_57661.dcm,NewPlan,2,Beam11,102,228.0,-172.47178459,0.24214272714,1400.0,-150.0,150.0,-150.0,150.0,4.0,0.3703689600000075,0.0015690234300000105,66.7227
D:\Obsidian\Web Clipper\001_inbox\RTPLAN_57661.dcm,NewPlan,2,Beam11,103,232.0,-172.10141563,0.24366196896,1400.0,-150.0,150.0,-150.0,150.0,4.0,0.3703689600000075,0.001519241819999989,67.1065
D:\Obsidian\Web Clipper\001_inbox\RTPLAN_57661.dcm,NewPlan,2,Beam11,104,236.0,-171.73104668,0.24514792537,1400.0,-150.0,150.0,-150.0,150.0,4.0,0.3703689499999996,0.001485956409999989,60.6628
D:\Obsidian\Web Clipper\001_inbox\RTPLAN_57661.dcm,NewPlan,2,Beam11,105,240.0,-171.36067772,0.24666926232,1400.0,-150.0,150.0,-150.0,150.0,4.0,0.3703689599999791,0.0015213369500000073,66.0216
D:\Obsidian\Web Clipper\001_inbox\RTPLAN_57661.dcm,NewPlan,2,Beam11,106,244.0,-170.99030876,0.24866307402,1400.0,-150.0,150.0,-150.0,150.0,4.0,0.3703689600000075,0.0019938117000000144,74.779
D:\Obsidian\Web Clipper\001_inbox\RTPLAN_57661.dcm,NewPlan,2,Beam11,107,248.0,-170.6199398,0.25064097988,1400.0,-150.0,150.0,-150.0,150.0,4.0,0.3703689600000075,0.00197790585999999,69.9145
D:\Obsidian\Web Clipper\001_inbox\RTPLAN_57661.dcm,NewPlan,2,Beam11,108,252.0,-170.24957085,0.25290016059,1400.0,-150.0,150.0,-150.0,150.0,4.0,0.3703689499999996,0.002259180709999975,72.9204
D:\Obsidian\Web Clipper\001_inbox\RTPLAN_57661.dcm,NewPlan,2,Beam11,109,256.0,-169.87920189,0.25542084683,1400.0,-150.0,150.0,-150.0,150.0,4.0,0.3703689600000075,0.002520686240000014,75.9933
D:\Obsidian\Web Clipper\001_inbox\RTPLAN_57661.dcm,NewPlan,2,Beam11,110,260.0,-169.50883293,0.25799788668118,1400.0,-150.0,150.0,-150.0,150.0,4.0,0.3703689599999791,0.0025770398511800185,67.5458
D:\Obsidian\Web Clipper\001_inbox\RTPLAN_57661.dcm,NewPlan,2,Beam11,111,264.0,-169.13846397,0.26053687763,1400.0,-150.0,150.0,-150.0,150.0,4.0,0.3703689600000075,0.0025389909488199858,65.3451
D:\Obsidian\Web Clipper\001_inbox\RTPLAN_57661.dcm,NewPlan,2,Beam11,112,268.0,-168.76809501648,0.2629040584,1400.0,-150.0,150.0,-150.0,150.0,4.0,0.3703689535199999,0.002367180769999977,59.697
D:\Obsidian\Web Clipper\001_inbox\RTPLAN_57661.dcm,NewPlan,2,Beam11,113,272.0,-168.39772605896,0.26548326828,1400.0,-150.0,150.0,-150.0,150.0,4.0,0.3703689575200144,0.002579209880000044,63.4687
D:\Obsidian\Web Clipper\001_inbox\RTPLAN_57661.dcm,NewPlan,2,Beam11,114,276.0,-168.02735710144,0.26804188244,1400.0,-150.0,150.0,-150.0,150.0,4.0,0.370368957519986,0.0025586141599999723,56.1192
D:\Obsidian\Web Clipper\001_inbox\RTPLAN_57661.dcm,NewPlan,2,Beam11,115,280.0,-167.65698814,0.27036341202,1400.0,-150.0,150.0,-150.0,150.0,4.0,0.3703689614399934,0.002321529580000037,53.3669
D:\Obsidian\Web Clipper\001_inbox\RTPLAN_57661.dcm,NewPlan,2,Beam11,116,284.0,-167.28661919,0.27246394289,1400.0,-150.0,150.0,-150.0,150.0,4.0,0.3703689499999996,0.0021005308699999503,71.2544
D:\Obsidian\Web Clipper\001_inbox\RTPLAN_57661.dcm,NewPlan,2,Beam11,117,288.0,-166.91625023,0.27419311436,1400.0,-150.0,150.0,-150.0,150.0,4.0,0.3703689600000075,0.0017291714700000127,66.7006
D:\Obsidian\Web Clipper\001_inbox\RTPLAN_57661.dcm,NewPlan,2,Beam11,118,292.0,-166.54588127,0.27646323386,1400.0,-150.0,150.0,-150.0,150.0,4.0,0.3703689600000075,0.0022701195000000007,88.4152
D:\Obsidian\Web Clipper\001_inbox\RTPLAN_57661.dcm,NewPlan,2,Beam11,119,296.0,-166.17551231,0.27959407129,1400.0,-150.0,150.0,-150.0,150.0,4.0,0.3703689600000075,0.003130837430000033,77.7895
D:\Obsidian\Web Clipper\001_inbox\RTPLAN_57661.dcm,NewPlan,2,Beam11,120,300.0,-165.80514336,0.28291653510913,1400.0,-150.0,150.0,-150.0,150.0,4.0,0.3703689499999996,0.003322463819129984,75.9446
D:\Obsidian\Web Clipper\001_inbox\RTPLAN_57661.dcm,NewPlan,2,Beam11,121,304.0,-165.4347744,0.28587014994,1400.0,-150.0,150.0,-150.0,150.0,4.0,0.3703689599999791,0.0029536148308699772,89.3266
D:\Obsidian\Web Clipper\001_inbox\RTPLAN_57661.dcm,NewPlan,2,Beam11,122,308.0,-165.06440544,0.28864855505,1400.0,-150.0,150.0,-150.0,150.0,4.0,0.3703689600000075,0.002778405109999993,83.84479999999999
D:\Obsidian\Web Clipper\001_inbox\RTPLAN_57661.dcm,NewPlan,2,Beam11,123,312.0,-164.69403648,0.29065808215,1400.0,-150.0,150.0,-150.0,150.0,4.0,0.3703689600000075,0.0020095271000000192,71.5094
D:\Obsidian\Web Clipper\001_inbox\RTPLAN_57661.dcm,NewPlan,2,Beam11,124,316.0,-164.32366753,0.29329541079,1400.0,-150.0,150.0,-150.0,150.0,4.0,0.3703689499999996,0.002637328639999992,94.124
D:\Obsidian\Web Clipper\001_inbox\RTPLAN_57661.dcm,NewPlan,2,Beam11,125,320.0,-163.95329857,0.29724776615322,1400.0,-150.0,150.0,-150.0,150.0,4.0,0.3703689600000075,0.003952355363220028,90.8228
D:\Obsidian\Web Clipper\001_inbox\RTPLAN_57661.dcm,NewPlan,2,Beam11,126,324.0,-163.58292961,0.30249317897,1400.0,-150.0,150.0,-150.0,150.0,4.0,0.3703689599999791,0.005245412816779982,90.8319
D:\Obsidian\Web Clipper\001_inbox\RTPLAN_57661.dcm,NewPlan,2,Beam11,127,328.0,-163.21256065,0.30787766035,1400.0,-150.0,150.0,-150.0,150.0,4.0,0.3703689600000075,0.005384481380000028,106.8754
D:\Obsidian\Web Clipper\001_inbox\RTPLAN_57661.dcm,NewPlan,2,Beam11,128,332.0,-162.8421917,0.31327153429,1400.0,-150.0,150.0,-150.0,150.0,4.0,0.3703689499999996,0.00539387393999996,108.6906
D:\Obsidian\Web Clipper\001_inbox\RTPLAN_57661.dcm,NewPlan,2,Beam11,129,336.0,-162.47182274,0.31866674225,1400.0,-150.0,150.0,-150.0,150.0,4.0,0.3703689600000075,0.005395207960000037,87.7728
D:\Obsidian\Web Clipper\001_inbox\RTPLAN_57661.dcm,NewPlan,2,Beam11,130,340.0,-162.10145378,0.32392891483,1400.0,-150.0,150.0,-150.0,150.0,4.0,0.3703689599999791,0.005262172580000002,101.771
D:\Obsidian\Web Clipper\001_inbox\RTPLAN_57661.dcm,NewPlan,2,Beam11,131,344.0,-161.73108482,0.32916310497,1400.0,-150.0,150.0,-150.0,150.0,4.0,0.3703689600000075,0.0052341901399999835,116.623
D:\Obsidian\Web Clipper\001_inbox\RTPLAN_57661.dcm,NewPlan,2,Beam11,132,348.0,-161.36071587,0.33455749357,1400.0,-150.0,150.0,-150.0,150.0,4.0,0.3703689499999996,0.005394388599999966,112.3785
D:\Obsidian\Web Clipper\001_inbox\RTPLAN_57661.dcm,NewPlan,2,Beam11,133,352.0,-160.99034691,0.33979149199,1400.0,-150.0,150.0,-150.0,150.0,4.0,0.3703689600000075,0.005233998420000052,97.4973
D:\Obsidian\Web Clipper\001_inbox\RTPLAN_57661.dcm,NewPlan,2,Beam11,134,356.0,-160.61997795105,0.34427452552,1400.0,-150.0,150.0,-150.0,150.0,4.0,0.3703689589499959,0.004483033529999958,105.9748
D:\Obsidian\Web Clipper\001_inbox\RTPLAN_57661.dcm,NewPlan,2,Beam11,135,0.0,-160.24960899353,0.34926752563,1400.0,-150.0,150.0,-150.0,150.0,4.0,0.3703689575200144,0.004993000110000034,104.0012
D:\Obsidian\Web Clipper\001_inbox\RTPLAN_57661.dcm,NewPlan,2,Beam11,136,4.0,-159.87924004,0.35437339364,1400.0,-150.0,150.0,-150.0,150.0,4.0,0.3703689535299759,0.005105868009999959,75.0599
D:\Obsidian\Web Clipper\001_inbox\RTPLAN_57661.dcm,NewPlan,2,Beam11,137,8.0,-159.50887108,0.35969477016,1400.0,-150.0,150.0,-150.0,150.0,4.0,0.3703689600000075,0.005321376520000032,73.09989999999999
D:\Obsidian\Web Clipper\001_inbox\RTPLAN_57661.dcm,NewPlan,2,Beam11,138,12.0,-159.13850212,0.3650564365,1400.0,-150.0,150.0,-150.0,150.0,4.0,0.3703689600000075,0.005361666340000015,147.3427
D:\Obsidian\Web Clipper\001_inbox\RTPLAN_57661.dcm,NewPlan,2,Beam11,139,16.0,-158.76813316,0.37005613393,1400.0,-150.0,150.0,-150.0,150.0,4.0,0.3703689600000075,0.00499969742999995,125.1938
D:\Obsidian\Web Clipper\001_inbox\RTPLAN_57661.dcm,NewPlan,2,Beam11,140,20.0,-158.39776421,0.37456031016,1400.0,-150.0,150.0,-150.0,150.0,4.0,0.3703689499999996,0.004504176230000045,100.1485
D:\Obsidian\Web Clipper\001_inbox\RTPLAN_57661.dcm,NewPlan,2,Beam11,141,24.0,-158.02739525,0.37949206594,1400.0,-150.0,150.0,-150.0,150.0,4.0,0.3703689599999791,0.004931755779999991,35.5078
D:\Obsidian\Web Clipper\001_inbox\RTPLAN_57661.dcm,NewPlan,2,Beam11,142,28.0,-157.65702629,0.38384877101,1400.0,-150.0,150.0,-150.0,150.0,4.0,0.3703689600000075,0.0043567050699999665,71.5771
D:\Obsidian\Web Clipper\001_inbox\RTPLAN_57661.dcm,NewPlan,2,Beam11,143,32.0,-157.28665733,0.38883719134,1400.0,-150.0,150.0,-150.0,150.0,4.0,0.3703689600000075,0.004988420330000021,58.4102
D:\Obsidian\Web Clipper\001_inbox\RTPLAN_57661.dcm,NewPlan,2,Beam11,144,36.0,-156.91628838,0.39351159809,1400.0,-150.0,150.0,-150.0,150.0,4.0,0.3703689499999996,0.004674406750000026,74.8371
D:\Obsidian\Web Clipper\001_inbox\RTPLAN_57661.dcm,NewPlan,2,Beam11,145,40.0,-156.54591942,0.39679636523,1400.0,-150.0,150.0,-150.0,150.0,4.0,0.3703689600000075,0.003284767139999978,100.5691
D:\Obsidian\Web Clipper\001_inbox\RTPLAN_57661.dcm,NewPlan,2,Beam11,146,44.0,-156.17555046,0.39995456931,1400.0,-150.0,150.0,-150.0,150.0,4.0,0.3703689599999791,0.0031582040800000044,88.8031
D:\Obsidian\Web Clipper\001_inbox\RTPLAN_57661.dcm,NewPlan,2,Beam11,147,48.0,-155.8051815,0.40306956363888,1400.0,-150.0,150.0,-150.0,150.0,4.0,0.3703689600000075,0.0031149943288800164,80.77820000000001
D:\Obsidian\Web Clipper\001_inbox\RTPLAN_57661.dcm,NewPlan,2,Beam11,148,52.0,-155.43481255,0.40535209037,1400.0,-150.0,150.0,-150.0,150.0,4.0,0.3703689499999996,0.0022825267311199493,82.7749
D:\Obsidian\Web Clipper\001_inbox\RTPLAN_57661.dcm,NewPlan,2,Beam11,149,56.0,-155.06444359,0.40765100463,1400.0,-150.0,150.0,-150.0,150.0,4.0,0.3703689600000075,0.0022989142600000068,82.86269999999999
D:\Obsidian\Web Clipper\001_inbox\RTPLAN_57661.dcm,NewPlan,2,Beam11,150,60.0,-154.69407463,0.40961087095,1400.0,-150.0,150.0,-150.0,150.0,4.0,0.3703689600000075,0.0019598663200000033,51.646800000000006
D:\Obsidian\Web Clipper\001_inbox\RTPLAN_57661.dcm,NewPlan,2,Beam11,151,64.0,-154.32370567,0.41113000315,1400.0,-150.0,150.0,-150.0,150.0,4.0,0.3703689599999791,0.0015191321999999952,72.5046
D:\Obsidian\Web Clipper\001_inbox\RTPLAN_57661.dcm,NewPlan,2,Beam11,152,68.0,-153.95333672,0.41402630082,1400.0,-150.0,150.0,-150.0,150.0,4.0,0.3703689499999996,0.0028962976700000476,111.311
D:\Obsidian\Web Clipper\001_inbox\RTPLAN_57661.dcm,NewPlan,2,Beam11,153,72.0,-153.58296776,0.41770290162,1400.0,-150.0,150.0,-150.0,150.0,4.0,0.3703689600000075,0.003676600799999985,101.7863
D:\Obsidian\Web Clipper\001_inbox\RTPLAN_57661.dcm,NewPlan,2,Beam11,154,76.0,-153.2125988,0.42221843848098,1400.0,-150.0,150.0,-150.0,150.0,4.0,0.3703689600000075,0.004515536860979996,56.70099999999999
D:\Obsidian\Web Clipper\001_inbox\RTPLAN_57661.dcm,NewPlan,2,Beam11,155,80.0,-152.84222984314,0.4262373653,1400.0,-150.0,150.0,-150.0,150.0,4.0,0.3703689568600055,0.004018926819019997,59.871
D:\Obsidian\Web Clipper\001_inbox\RTPLAN_57661.dcm,NewPlan,2,Beam11,156,84.0,-152.47186088562,0.42979625533094,1400.0,-150.0,150.0,-150.0,150.0,4.0,0.370368957519986,0.0035588900309400096,89.01570000000001
D:\Obsidian\Web Clipper\001_inbox\RTPLAN_57661.dcm,NewPlan,2,Beam11,157,88.0,-152.10149193,0.43397343655,1400.0,-150.0,150.0,-150.0,150.0,4.0,0.3703689556199947,0.004177181219059967,113.7005
D:\Obsidian\Web Clipper\001_inbox\RTPLAN_57661.dcm,NewPlan,2,Beam11,158,92.0,-151.73112297,0.43835137779,1400.0,-150.0,150.0,-150.0,150.0,4.0,0.3703689600000075,0.004377941240000016,111.5416
D:\Obsidian\Web Clipper\001_inbox\RTPLAN_57661.dcm,NewPlan,2,Beam11,159,96.0,-151.36075401,0.442234831,1400.0,-150.0,150.0,-150.0,150.0,4.0,0.3703689600000075,0.0038834532099999985,107.2902
D:\Obsidian\Web Clipper\001_inbox\RTPLAN_57661.dcm,NewPlan,2,Beam11,160,100.0,-150.99038506,0.44541907058243,1400.0,-150.0,150.0,-150.0,150.0,4.0,0.3703689499999996,0.0031842395824300262,103.8343
D:\Obsidian\Web Clipper\001_inbox\RTPLAN_57661.dcm,NewPlan,2,Beam11,161,104.0,-150.6200161,0.44779783843,1400.0,-150.0,150.0,-150.0,150.0,4.0,0.3703689600000075,0.0023787678475699625,77.6715
D:\Obsidian\Web Clipper\001_inbox\RTPLAN_57661.dcm,NewPlan,2,Beam11,162,108.0,-150.24964714,0.44962077485,1400.0,-150.0,150.0,-150.0,150.0,4.0,0.3703689599999791,0.001822936420000032,108.0208
D:\Obsidian\Web Clipper\001_inbox\RTPLAN_57661.dcm,NewPlan,2,Beam11,163,112.0,-149.87927818,0.45147027249,1400.0,-150.0,150.0,-150.0,150.0,4.0,0.3703689600000075,0.0018494976399999752,88.3998
D:\Obsidian\Web Clipper\001_inbox\RTPLAN_57661.dcm,NewPlan,2,Beam11,164,116.0,-149.50890923,0.45414088445,1400.0,-150.0,150.0,-150.0,150.0,4.0,0.3703689499999996,0.0026706119600000133,70.9502
D:\Obsidian\Web Clipper\001_inbox\RTPLAN_57661.dcm,NewPlan,2,Beam11,165,120.0,-149.13854027,0.45690583572,1400.0,-150.0,150.0,-150.0,150.0,4.0,0.3703689600000075,0.0027649512699999823,110.93599999999999
D:\Obsidian\Web Clipper\001_inbox\RTPLAN_57661.dcm,NewPlan,2,Beam11,166,124.0,-148.76817131,0.45972034167,1400.0,-150.0,150.0,-150.0,150.0,4.0,0.3703689599999791,0.0028145059499999903,153.308
D:\Obsidian\Web Clipper\001_inbox\RTPLAN_57661.dcm,NewPlan,2,Beam11,167,128.0,-148.39780235,0.46341654951,1400.0,-150.0,150.0,-150.0,150.0,4.0,0.3703689600000075,0.003696207840000021,110.3129
D:\Obsidian\Web Clipper\001_inbox\RTPLAN_57661.dcm,NewPlan,2,Beam11,168,132.0,-148.0274334,0.46796378059,1400.0,-150.0,150.0,-150.0,150.0,4.0,0.3703689499999996,0.0045472310799999915,108.912
D:\Obsidian\Web Clipper\001_inbox\RTPLAN_57661.dcm,NewPlan,2,Beam11,169,136.0,-147.65706444,0.47264249538,1400.0,-150.0,150.0,-150.0,150.0,4.0,0.3703689600000075,0.004678714790000038,108.28719999999998
D:\Obsidian\Web Clipper\001_inbox\RTPLAN_57661.dcm,NewPlan,2,Beam11,170,140.0,-147.28669548,0.47790859546,1400.0,-150.0,150.0,-150.0,150.0,4.0,0.3703689600000075,0.005266100079999947,111.4254
D:\Obsidian\Web Clipper\001_inbox\RTPLAN_57661.dcm,NewPlan,2,Beam11,171,144.0,-146.91632652,0.48315134824,1400.0,-150.0,150.0,-150.0,150.0,4.0,0.3703689599999791,0.005242752780000026,116.43169999999999
D:\Obsidian\Web Clipper\001_inbox\RTPLAN_57661.dcm,NewPlan,2,Beam11,172,148.0,-146.54595757,0.48786048179,1400.0,-150.0,150.0,-150.0,150.0,4.0,0.3703689499999996,0.004709133550000022,109.5344
D:\Obsidian\Web Clipper\001_inbox\RTPLAN_57661.dcm,NewPlan,2,Beam11,173,152.0,-146.17558861,0.49248999813,1400.0,-150.0,150.0,-150.0,150.0,4.0,0.3703689600000075,0.004629516339999973,125.9982
D:\Obsidian\Web Clipper\001_inbox\RTPLAN_57661.dcm,NewPlan,2,Beam11,174,156.0,-145.80521965,0.49705840905,1400.0,-150.0,150.0,-150.0,150.0,4.0,0.3703689600000075,0.004568410919999988,110.9934
D:\Obsidian\Web Clipper\001_inbox\RTPLAN_57661.dcm,NewPlan,2,Beam11,175,160.0,-145.43485069,0.49888260284,1400.0,-150.0,150.0,-150.0,150.0,4.0,0.3703689600000075,0.0018241937900000393,104.203
D:\Obsidian\Web Clipper\001_inbox\RTPLAN_57661.dcm,NewPlan,2,Beam11,176,164.0,-145.06448173523,0.49919281714,1400.0,-150.0,150.0,-150.0,150.0,4.0,0.37036895476998666,0.00031021430000000016,84.3802
D:\Obsidian\Web Clipper\001_inbox\RTPLAN_57661.dcm,NewPlan,2,Beam11,177,168.0,-144.69411277771,0.49949085776,1400.0,-150.0,150.0,-150.0,150.0,4.0,0.3703689575200144,0.0002980406199999952,76.5138
D:\Obsidian\Web Clipper\001_inbox\RTPLAN_57661.dcm,NewPlan,2,Beam11,178,172.0,-144.32374382019,0.50120135373,1400.0,-150.0,150.0,-150.0,150.0,4.0,0.370368957519986,0.0017104959699999478,99.49260000000001
D:\Obsidian\Web Clipper\001_inbox\RTPLAN_57661.dcm,NewPlan,2,Beam11,179,176.0,-143.95337486,0.50515179896,1400.0,-150.0,150.0,-150.0,150.0,4.0,0.37036896019000665,0.003950445229999988,100.56400000000001
D:\Obsidian\Web Clipper\001_inbox\RTPLAN_57661.dcm,NewPlan,2,Beam11,180,180.0,-143.58300591,0.50890032778,1400.0,-150.0,150.0,-150.0,150.0,4.0,0.3703689499999996,0.0037485288200000966,60.1945
D:\Obsidian\Web Clipper\001_inbox\RTPLAN_57661.dcm,NewPlan,2,Beam11,181,184.0,-143.21263695,0.51237314461097,1400.0,-150.0,150.0,-150.0,150.0,4.0,0.3703689600000075,0.0034728168309700047,94.45710000000001
D:\Obsidian\Web Clipper\001_inbox\RTPLAN_57661.dcm,NewPlan,2,Beam11,182,188.0,-142.84226799,0.51415590276,1400.0,-150.0,150.0,-150.0,150.0,4.0,0.3703689599999791,0.0017827581490299504,120.0227
D:\Obsidian\Web Clipper\001_inbox\RTPLAN_57661.dcm,NewPlan,2,Beam11,183,192.0,-142.47189903,0.51491663052,1400.0,-150.0,150.0,-150.0,150.0,4.0,0.3703689600000075,0.000760727760000024,125.2463
D:\Obsidian\Web Clipper\001_inbox\RTPLAN_57661.dcm,NewPlan,2,Beam11,184,196.0,-142.10153008,0.51519367498,1400.0,-150.0,150.0,-150.0,150.0,4.0,0.3703689499999996,0.0002770444599999866,94.9715
D:\Obsidian\Web Clipper\001_inbox\RTPLAN_57661.dcm,NewPlan,2,Beam11,185,200.0,-141.73116112,0.51736833303,1400.0,-150.0,150.0,-150.0,150.0,4.0,0.3703689600000075,0.0021746580499999446,108.5856
D:\Obsidian\Web Clipper\001_inbox\RTPLAN_57661.dcm,NewPlan,2,Beam11,186,204.0,-141.36079216,0.52159662956,1400.0,-150.0,150.0,-150.0,150.0,4.0,0.3703689600000075,0.004228296530000009,108.3797
D:\Obsidian\Web Clipper\001_inbox\RTPLAN_57661.dcm,NewPlan,2,Beam11,187,208.0,-140.9904232,0.52579418661,1400.0,-150.0,150.0,-150.0,150.0,4.0,0.3703689599999791,0.0041975570500000225,76.54190000000001
D:\Obsidian\Web Clipper\001_inbox\RTPLAN_57661.dcm,NewPlan,2,Beam11,188,212.0,-140.62005424,0.5291595414,1400.0,-150.0,150.0,-150.0,150.0,4.0,0.3703689600000075,0.003365354789999997,82.2243
D:\Obsidian\Web Clipper\001_inbox\RTPLAN_57661.dcm,NewPlan,2,Beam11,189,216.0,-140.24968529,0.53161961319,1400.0,-150.0,150.0,-150.0,150.0,4.0,0.3703689499999996,0.0024600717899999625,76.7337
D:\Obsidian\Web Clipper\001_inbox\RTPLAN_57661.dcm,NewPlan,2,Beam11,190,220.0,-139.87931633,0.53332984399,1400.0,-150.0,150.0,-150.0,150.0,4.0,0.3703689600000075,0.001710230800000101,64.2397
D:\Obsidian\Web Clipper\001_inbox\RTPLAN_57661.dcm,NewPlan,2,Beam11,191,224.0,-139.50894737,0.53566720836,1400.0,-150.0,150.0,-150.0,150.0,4.0,0.3703689600000075,0.0023373643699999835,84.10510000000001
D:\Obsidian\Web Clipper\001_inbox\RTPLAN_57661.dcm,NewPlan,2,Beam11,192,228.0,-139.13857841,0.53786708495,1400.0,-150.0,150.0,-150.0,150.0,4.0,0.3703689599999791,0.002199876589999983,118.0137
D:\Obsidian\Web Clipper\001_inbox\RTPLAN_57661.dcm,NewPlan,2,Beam11,193,232.0,-138.76820946,0.53944538268,1400.0,-150.0,150.0,-150.0,150.0,4.0,0.3703689499999996,0.0015782977299999557,81.627
D:\Obsidian\Web Clipper\001_inbox\RTPLAN_57661.dcm,NewPlan,2,Beam11,194,236.0,-138.3978405,0.54116753629542,1400.0,-150.0,150.0,-150.0,150.0,4.0,0.3703689600000075,0.0017221536154200523,93.3417
D:\Obsidian\Web Clipper\001_inbox\RTPLAN_57661.dcm,NewPlan,2,Beam11,195,240.0,-138.02747154,0.54349663584,1400.0,-150.0,150.0,-150.0,150.0,4.0,0.3703689600000075,0.002329099544579938,104.3253
D:\Obsidian\Web Clipper\001_inbox\RTPLAN_57661.dcm,NewPlan,2,Beam11,196,244.0,-137.65710258,0.54672396772,1400.0,-150.0,150.0,-150.0,150.0,4.0,0.3703689600000075,0.0032273318800000173,99.3528
D:\Obsidian\Web Clipper\001_inbox\RTPLAN_57661.dcm,NewPlan,2,Beam11,197,248.0,-137.28673363,0.54988142541,1400.0,-150.0,150.0,-150.0,150.0,4.0,0.3703689499999996,0.0031574576899999762,99.0844
D:\Obsidian\Web Clipper\001_inbox\RTPLAN_57661.dcm,NewPlan,2,Beam11,198,252.0,-136.9163646698,0.55262234285,1400.0,-150.0,150.0,-150.0,150.0,4.0,0.37036896019998267,0.0027409174400000458,70.15090000000001
D:\Obsidian\Web Clipper\001_inbox\RTPLAN_57661.dcm,NewPlan,2,Beam11,199,256.0,-136.54599571228,0.55476220815303,1400.0,-150.0,150.0,-150.0,150.0,4.0,0.3703689575200144,0.0021398653030300085,69.1935
D:\Obsidian\Web Clipper\001_inbox\RTPLAN_57661.dcm,NewPlan,2,Beam11,200,260.0,-136.17562675,0.55698286627,1400.0,-150.0,150.0,-150.0,150.0,4.0,0.37036896227999705,0.0022206581169700312,72.6211
D:\Obsidian\Web Clipper\001_inbox\RTPLAN_57661.dcm,NewPlan,2,Beam11,201,264.0,-135.8052578,0.55989263378,1400.0,-150.0,150.0,-150.0,150.0,4.0,0.3703689499999996,0.0029097675099999387,84.58049999999999
D:\Obsidian\Web Clipper\001_inbox\RTPLAN_57661.dcm,NewPlan,2,Beam11,202,268.0,-135.43488884,0.56370814214,1400.0,-150.0,150.0,-150.0,150.0,4.0,0.3703689599999791,0.0038155083599999973,81.1997
D:\Obsidian\Web Clipper\001_inbox\RTPLAN_57661.dcm,NewPlan,2,Beam11,203,272.0,-135.06451988,0.56818763386,1400.0,-150.0,150.0,-150.0,150.0,4.0,0.3703689600000075,0.004479491720000062,74.5177
D:\Obsidian\Web Clipper\001_inbox\RTPLAN_57661.dcm,NewPlan,2,Beam11,204,276.0,-134.69415092,0.57245619204,1400.0,-150.0,150.0,-150.0,150.0,4.0,0.3703689600000075,0.004268558179999937,58.0981
D:\Obsidian\Web Clipper\001_inbox\RTPLAN_57661.dcm,NewPlan,2,Beam11,205,280.0,-134.32378197,0.57626075233213,1400.0,-150.0,150.0,-150.0,150.0,4.0,0.3703689499999996,0.0038045602921300548,73.0241
D:\Obsidian\Web Clipper\001_inbox\RTPLAN_57661.dcm,NewPlan,2,Beam11,206,284.0,-133.95341301,0.57991685951,1400.0,-150.0,150.0,-150.0,150.0,4.0,0.3703689600000075,0.003656107177870016,56.6125
D:\Obsidian\Web Clipper\001_inbox\RTPLAN_57661.dcm,NewPlan,2,Beam11,207,288.0,-133.58304405,0.58260012868,1400.0,-150.0,150.0,-150.0,150.0,4.0,0.3703689599999791,0.0026832691699999467,60.7187
D:\Obsidian\Web Clipper\001_inbox\RTPLAN_57661.dcm,NewPlan,2,Beam11,208,292.0,-133.21267509,0.58491769988,1400.0,-150.0,150.0,-150.0,150.0,4.0,0.3703689600000075,0.0023175711999999793,67.27380000000001
D:\Obsidian\Web Clipper\001_inbox\RTPLAN_57661.dcm,NewPlan,2,Beam11,209,296.0,-132.84230614,0.58713655572,1400.0,-150.0,150.0,-150.0,150.0,4.0,0.3703689499999996,0.0022188558400000336,60.366800000000005
D:\Obsidian\Web Clipper\001_inbox\RTPLAN_57661.dcm,NewPlan,2,Beam11,210,300.0,-132.47193718,0.58953964529,1400.0,-150.0,150.0,-150.0,150.0,4.0,0.3703689600000075,0.0024030895700000166,74.0524
D:\Obsidian\Web Clipper\001_inbox\RTPLAN_57661.dcm,NewPlan,2,Beam11,211,304.0,-132.10156822,0.59151316629,1400.0,-150.0,150.0,-150.0,150.0,4.0,0.3703689600000075,0.0019735209999999226,76.5032
D:\Obsidian\Web Clipper\001_inbox\RTPLAN_57661.dcm,NewPlan,2,Beam11,212,308.0,-131.73119926,0.59339820674034,1400.0,-150.0,150.0,-150.0,150.0,4.0,0.3703689599999791,0.001885040450340103,74.73330000000001
D:\Obsidian\Web Clipper\001_inbox\RTPLAN_57661.dcm,NewPlan,2,Beam11,213,312.0,-131.36083031,0.59594270373,1400.0,-150.0,150.0,-150.0,150.0,4.0,0.3703689499999996,0.0025444969896599723,64.221
D:\Obsidian\Web Clipper\001_inbox\RTPLAN_57661.dcm,NewPlan,2,Beam11,214,316.0,-130.99046135,0.59847934621959,1400.0,-150.0,150.0,-150.0,150.0,4.0,0.3703689600000075,0.0025366424895899575,71.3599
D:\Obsidian\Web Clipper\001_inbox\RTPLAN_57661.dcm,NewPlan,2,Beam11,215,320.0,-130.62009239,0.60115825869,1400.0,-150.0,150.0,-150.0,150.0,4.0,0.3703689600000075,0.0026789124704099665,63.5169
D:\Obsidian\Web Clipper\001_inbox\RTPLAN_57661.dcm,NewPlan,2,Beam11,216,324.0,-130.24972343,0.60386560762,1400.0,-150.0,150.0,-150.0,150.0,4.0,0.3703689600000075,0.0027073489300000197,72.1882
D:\Obsidian\Web Clipper\001_inbox\RTPLAN_57661.dcm,NewPlan,2,Beam11,217,328.0,-129.87935448,0.60710074615,1400.0,-150.0,150.0,-150.0,150.0,4.0,0.3703689499999996,0.0032351385300000146,67.4603
D:\Obsidian\Web Clipper\001_inbox\RTPLAN_57661.dcm,NewPlan,2,Beam11,218,332.0,-129.50898552,0.61005511218,1400.0,-150.0,150.0,-150.0,150.0,4.0,0.3703689599999791,0.0029543660299999885,49.8528
D:\Obsidian\Web Clipper\001_inbox\RTPLAN_57661.dcm,NewPlan,2,Beam11,219,336.0,-129.13861656189,0.61252487595,1400.0,-150.0,150.0,-150.0,150.0,4.0,0.3703689581100207,0.0024697637700000774,63.549899999999994
D:\Obsidian\Web Clipper\001_inbox\RTPLAN_57661.dcm,NewPlan,2,Beam11,220,340.0,-128.76824760437,0.61546622661,1400.0,-150.0,150.0,-150.0,150.0,4.0,0.370368957519986,0.0029413506599998973,69.6498
D:\Obsidian\Web Clipper\001_inbox\RTPLAN_57661.dcm,NewPlan,2,Beam11,221,344.0,-128.39787865,0.61884668581,1400.0,-150.0,150.0,-150.0,150.0,4.0,0.37036895437000794,0.0033804592000000744,53.8749
D:\Obsidian\Web Clipper\001_inbox\RTPLAN_57661.dcm,NewPlan,2,Beam11,222,348.0,-128.02750969,0.6220935773631,1400.0,-150.0,150.0,-150.0,150.0,4.0,0.3703689600000075,0.0032468915530999842,79.9684
D:\Obsidian\Web Clipper\001_inbox\RTPLAN_57661.dcm,NewPlan,2,Beam11,223,352.0,-127.65714073,0.62511702157,1400.0,-150.0,150.0,-150.0,150.0,4.0,0.3703689599999933,0.003023444206900039,90.0527
D:\Obsidian\Web Clipper\001_inbox\RTPLAN_57661.dcm,NewPlan,2,Beam11,224,356.0,-127.28677177,0.62796242478,1400.0,-150.0,150.0,-150.0,150.0,4.0,0.3703689599999933,0.0028454032099999305,79.4046
D:\Obsidian\Web Clipper\001_inbox\RTPLAN_57661.dcm,NewPlan,2,Beam11,225,0.0,-126.91640282,0.63053640835,1400.0,-150.0,150.0,-150.0,150.0,4.0,0.3703689499999996,0.002573983570000049,87.4754
D:\Obsidian\Web Clipper\001_inbox\RTPLAN_57661.dcm,NewPlan,2,Beam11,226,4.0,-126.54603386,0.63334267205,1400.0,-150.0,150.0,-150.0,150.0,4.0,0.3703689600000075,0.0028062637000000334,88.13239999999999
D:\Obsidian\Web Clipper\001_inbox\RTPLAN_57661.dcm,NewPlan,2,Beam11,227,8.0,-126.1756649,0.63621702685,1400.0,-150.0,150.0,-150.0,150.0,4.0,0.3703689599999933,0.0028743547999999786,73.4332
D:\Obsidian\Web Clipper\001_inbox\RTPLAN_57661.dcm,NewPlan,2,Beam11,228,12.0,-125.80529594,0.63892678362,1400.0,-150.0,150.0,-150.0,150.0,4.0,0.3703689600000075,0.0027097567699999603,69.04299999999999
D:\Obsidian\Web Clipper\001_inbox\RTPLAN_57661.dcm,NewPlan,2,Beam11,229,16.0,-125.43492699,0.64113820248,1400.0,-150.0,150.0,-150.0,150.0,4.0,0.3703689499999996,0.0022114188599999807,49.4734
D:\Obsidian\Web Clipper\001_inbox\RTPLAN_57661.dcm,NewPlan,2,Beam11,230,20.0,-125.06455803,0.64333078869,1400.0,-150.0,150.0,-150.0,150.0,4.0,0.3703689599999933,0.0021925862100000693,54.568
D:\Obsidian\Web Clipper\001_inbox\RTPLAN_57661.dcm,NewPlan,2,Beam11,231,24.0,-124.69418907,0.64576286442511,1400.0,-150.0,150.0,-150.0,150.0,4.0,0.3703689600000075,0.002432075735109951,49.66000000000001
D:\Obsidian\Web Clipper\001_inbox\RTPLAN_57661.dcm,NewPlan,2,Beam11,232,28.0,-124.32382011,0.64848769294,1400.0,-150.0,150.0,-150.0,150.0,4.0,0.3703689599999933,0.0027248285148899765,45.1507
D:\Obsidian\Web Clipper\001_inbox\RTPLAN_57661.dcm,NewPlan,2,Beam11,233,32.0,-123.95345116,0.65128169023,1400.0,-150.0,150.0,-150.0,150.0,4.0,0.3703689499999996,0.002793997290000072,53.5644
D:\Obsidian\Web Clipper\001_inbox\RTPLAN_57661.dcm,NewPlan,2,Beam11,234,36.0,-123.5830822,0.65403177618,1400.0,-150.0,150.0,-150.0,150.0,4.0,0.3703689599999933,0.0027500859499999253,48.0473
D:\Obsidian\Web Clipper\001_inbox\RTPLAN_57661.dcm,NewPlan,2,Beam11,235,40.0,-123.21271324,0.65665197938,1400.0,-150.0,150.0,-150.0,150.0,4.0,0.3703689600000075,0.002620203200000004,38.851000000000006
D:\Obsidian\Web Clipper\001_inbox\RTPLAN_57661.dcm,NewPlan,2,Beam11,236,44.0,-122.84234428,0.6591297396,1400.0,-150.0,150.0,-150.0,150.0,4.0,0.3703689599999933,0.0024777602200000137,43.780100000000004
D:\Obsidian\Web Clipper\001_inbox\RTPLAN_57661.dcm,NewPlan,2,Beam11,237,48.0,-122.47197533,0.6614186207,1400.0,-150.0,150.0,-150.0,150.0,4.0,0.3703689499999996,0.0022888811000000286,53.32189999999999
D:\Obsidian\Web Clipper\001_inbox\RTPLAN_57661.dcm,NewPlan,2,Beam11,238,52.0,-122.10160637,0.66348027258,1400.0,-150.0,150.0,-150.0,150.0,4.0,0.3703689600000075,0.0020616518799999595,41.237
D:\Obsidian\Web Clipper\001_inbox\RTPLAN_57661.dcm,NewPlan,2,Beam11,239,56.0,-121.73123741,0.66516963577,1400.0,-150.0,150.0,-150.0,150.0,4.0,0.3703689599999933,0.001689363190000015,37.90749999999999
D:\Obsidian\Web Clipper\001_inbox\RTPLAN_57661.dcm,NewPlan,2,Beam11,240,60.0,-121.36086845398,0.66665792896,1400.0,-150.0,150.0,-150.0,150.0,4.0,0.37036895602000186,0.0014882931899999896,39.344
D:\Obsidian\Web Clipper\001_inbox\RTPLAN_57661.dcm,NewPlan,2,Beam11,241,64.0,-120.99049949646,0.66810361523,1400.0,-150.0,150.0,-150.0,150.0,4.0,0.3703689575200002,0.0014456862699999684,35.28210000000001
D:\Obsidian\Web Clipper\001_inbox\RTPLAN_57661.dcm,NewPlan,2,Beam11,242,68.0,-120.62013053894,0.66954385404,1400.0,-150.0,150.0,-150.0,150.0,4.0,0.3703689575200002,0.0014402388100001051,35.215799999999994
D:\Obsidian\Web Clipper\001_inbox\RTPLAN_57661.dcm,NewPlan,2,Beam11,243,72.0,-120.24976158,0.6710725201,1400.0,-150.0,150.0,-150.0,150.0,4.0,0.37036895894000565,0.0015286660599999058,42.578700000000005
D:\Obsidian\Web Clipper\001_inbox\RTPLAN_57661.dcm,NewPlan,2,Beam11,244,76.0,-119.87939262,0.67277550196,1400.0,-150.0,150.0,-150.0,150.0,4.0,0.3703689599999933,0.0017029818600000635,35.061499999999995
D:\Obsidian\Web Clipper\001_inbox\RTPLAN_57661.dcm,NewPlan,2,Beam11,245,80.0,-119.50902367,0.67468867593,1400.0,-150.0,150.0,-150.0,150.0,4.0,0.3703689499999996,0.001913173970000015,42.9591
D:\Obsidian\Web Clipper\001_inbox\RTPLAN_57661.dcm,NewPlan,2,Beam11,246,84.0,-119.13865471,0.67682127997,1400.0,-150.0,150.0,-150.0,150.0,4.0,0.3703689600000075,0.00213260403999993,37.0449
D:\Obsidian\Web Clipper\001_inbox\RTPLAN_57661.dcm,NewPlan,2,Beam11,247,88.0,-118.76828575,0.67900033584,1400.0,-150.0,150.0,-150.0,150.0,4.0,0.3703689599999933,0.0021790558700000018,42.498999999999995
D:\Obsidian\Web Clipper\001_inbox\RTPLAN_57661.dcm,NewPlan,2,Beam11,248,92.0,-118.39791679,0.68119883953,1400.0,-150.0,150.0,-150.0,150.0,4.0,0.3703689600000075,0.0021985036900000754,39.629900000000006
D:\Obsidian\Web Clipper\001_inbox\RTPLAN_57661.dcm,NewPlan,2,Beam11,249,96.0,-118.02754784,0.68333321544,1400.0,-150.0,150.0,-150.0,150.0,4.0,0.3703689499999996,0.002134375909999986,49.327099999999994
D:\Obsidian\Web Clipper\001_inbox\RTPLAN_57661.dcm,NewPlan,2,Beam11,250,100.0,-117.65717888,0.68507516382,1400.0,-150.0,150.0,-150.0,150.0,4.0,0.3703689599999933,0.001741948379999969,43.521699999999996
D:\Obsidian\Web Clipper\001_inbox\RTPLAN_57661.dcm,NewPlan,2,Beam11,251,104.0,-117.28680992,0.68648869274527,1400.0,-150.0,150.0,-150.0,150.0,4.0,0.3703689600000075,0.0014135289252700245,47.46619999999999
D:\Obsidian\Web Clipper\001_inbox\RTPLAN_57661.dcm,NewPlan,2,Beam11,252,108.0,-116.91644096,0.68800698286,1400.0,-150.0,150.0,-150.0,150.0,4.0,0.3703689599999933,0.0015182901147299255,45.551899999999996
D:\Obsidian\Web Clipper\001_inbox\RTPLAN_57661.dcm,NewPlan,2,Beam11,253,112.0,-116.54607201,0.68954394255,1400.0,-150.0,150.0,-150.0,150.0,4.0,0.3703689499999996,0.001536959690000006,47.4001
D:\Obsidian\Web Clipper\001_inbox\RTPLAN_57661.dcm,NewPlan,2,Beam11,254,116.0,-116.17570305,0.69100975757,1400.0,-150.0,150.0,-150.0,150.0,4.0,0.3703689600000075,0.0014658150200000941,40.1208
D:\Obsidian\Web Clipper\001_inbox\RTPLAN_57661.dcm,NewPlan,2,Beam11,255,120.0,-115.80533409,0.69244801279,1400.0,-150.0,150.0,-150.0,150.0,4.0,0.3703689599999933,0.001438255219999962,46.490700000000004
D:\Obsidian\Web Clipper\001_inbox\RTPLAN_57661.dcm,NewPlan,2,Beam11,256,124.0,-115.43496513,0.69380942477,1400.0,-150.0,150.0,-150.0,150.0,4.0,0.3703689600000075,0.0013614119799999491,64.0338
D:\Obsidian\Web Clipper\001_inbox\RTPLAN_57661.dcm,NewPlan,2,Beam11,257,128.0,-115.06459618,0.69534295643,1400.0,-150.0,150.0,-150.0,150.0,4.0,0.3703689499999996,0.0015335316600000315,62.0765
D:\Obsidian\Web Clipper\001_inbox\RTPLAN_57661.dcm,NewPlan,2,Beam11,258,132.0,-114.69422722,0.69695013502,1400.0,-150.0,150.0,-150.0,150.0,4.0,0.3703689599999933,0.0016071785900000357,60.5124
D:\Obsidian\Web Clipper\001_inbox\RTPLAN_57661.dcm,NewPlan,2,Beam11,259,136.0,-114.32385826,0.69852243349,1400.0,-150.0,150.0,-150.0,150.0,4.0,0.3703689600000075,0.0015722984699999554,57.9407
D:\Obsidian\Web Clipper\001_inbox\RTPLAN_57661.dcm,NewPlan,2,Beam11,260,140.0,-113.9534893,0.70004742219,1400.0,-150.0,150.0,-150.0,150.0,4.0,0.3703689599999933,0.0015249887000000628,47.972
D:\Obsidian\Web Clipper\001_inbox\RTPLAN_57661.dcm,NewPlan,2,Beam11,261,144.0,-113.58312035,0.70136185936,1400.0,-150.0,150.0,-150.0,150.0,4.0,0.3703689499999996,0.0013144371699999047,37.3866
D:\Obsidian\Web Clipper\001_inbox\RTPLAN_57661.dcm,NewPlan,2,Beam11,262,148.0,-113.21275138855,0.70268538087,1400.0,-150.0,150.0,-150.0,150.0,4.0,0.37036896144999787,0.0013235215100000364,36.7465
D:\Obsidian\Web Clipper\001_inbox\RTPLAN_57661.dcm,NewPlan,2,Beam11,263,152.0,-112.84238243103,0.70415759058918,1400.0,-150.0,150.0,-150.0,150.0,4.0,0.3703689575200002,0.001472209719180051,45.3172
D:\Obsidian\Web Clipper\001_inbox\RTPLAN_57661.dcm,NewPlan,2,Beam11,264,156.0,-112.47201347,0.7057167508,1400.0,-150.0,150.0,-150.0,150.0,4.0,0.37036896103001027,0.001559160210819921,52.2067
D:\Obsidian\Web Clipper\001_inbox\RTPLAN_57661.dcm,NewPlan,2,Beam11,265,160.0,-112.10164452,0.70738202286,1400.0,-150.0,150.0,-150.0,150.0,4.0,0.3703689499999996,0.0016652720600000004,36.1877
D:\Obsidian\Web Clipper\001_inbox\RTPLAN_57661.dcm,NewPlan,2,Beam11,266,164.0,-111.73127556,0.70905383988,1400.0,-150.0,150.0,-150.0,150.0,4.0,0.3703689599999933,0.001671817020000077,23.6599
D:\Obsidian\Web Clipper\001_inbox\RTPLAN_57661.dcm,NewPlan,2,Beam11,267,168.0,-111.3609066,0.71072868518,1400.0,-150.0,150.0,-150.0,150.0,4.0,0.3703689599999933,0.0016748452999999497,26.7486
D:\Obsidian\Web Clipper\001_inbox\RTPLAN_57661.dcm,NewPlan,2,Beam11,268,172.0,-110.99053764,0.7124230748,1400.0,-150.0,150.0,-150.0,150.0,4.0,0.3703689600000075,0.0016943896200000141,42.8579
D:\Obsidian\Web Clipper\001_inbox\RTPLAN_57661.dcm,NewPlan,2,Beam11,269,176.0,-110.62016869,0.71410690938,1400.0,-150.0,150.0,-150.0,150.0,4.0,0.3703689499999996,0.0016838345799999876,62.3707
D:\Obsidian\Web Clipper\001_inbox\RTPLAN_57661.dcm,NewPlan,2,Beam11,270,180.0,-110.24979973,0.71583307994,1400.0,-150.0,150.0,-150.0,150.0,4.0,0.3703689599999933,0.0017261705600000177,87.24
D:\Obsidian\Web Clipper\001_inbox\RTPLAN_57661.dcm,NewPlan,2,Beam11,271,184.0,-109.87943077,0.71761362742,1400.0,-150.0,150.0,-150.0,150.0,4.0,0.3703689600000075,0.0017805474800000054,65.4499
D:\Obsidian\Web Clipper\001_inbox\RTPLAN_57661.dcm,NewPlan,2,Beam11,272,188.0,-109.50906181,0.71948319250615,1400.0,-150.0,150.0,-150.0,150.0,4.0,0.3703689599999933,0.0018695650861499935,53.5241
D:\Obsidian\Web Clipper\001_inbox\RTPLAN_57661.dcm,NewPlan,2,Beam11,273,192.0,-109.13869286,0.72147030417,1400.0,-150.0,150.0,-150.0,150.0,4.0,0.3703689499999996,0.0019871116638500164,54.0114
D:\Obsidian\Web Clipper\001_inbox\RTPLAN_57661.dcm,NewPlan,2,Beam11,274,196.0,-108.7683239,0.72330182308,1400.0,-150.0,150.0,-150.0,150.0,4.0,0.3703689600000075,0.0018315189099999962,41.0107
D:\Obsidian\Web Clipper\001_inbox\RTPLAN_57661.dcm,NewPlan,2,Beam11,275,200.0,-108.39795494,0.7249987467902,1400.0,-150.0,150.0,-150.0,150.0,4.0,0.3703689599999933,0.0016969237102000267,38.0464
D:\Obsidian\Web Clipper\001_inbox\RTPLAN_57661.dcm,NewPlan,2,Beam11,276,204.0,-108.02758598,0.72662345217,1400.0,-150.0,150.0,-150.0,150.0,4.0,0.3703689600000075,0.0016247053797999733,58.135999999999996
D:\Obsidian\Web Clipper\001_inbox\RTPLAN_57661.dcm,NewPlan,2,Beam11,277,208.0,-107.65721703,0.72818243939,1400.0,-150.0,150.0,-150.0,150.0,4.0,0.3703689499999996,0.0015589872200000299,56.1452
D:\Obsidian\Web Clipper\001_inbox\RTPLAN_57661.dcm,NewPlan,2,Beam11,278,212.0,-107.28684807,0.72977237507514,1400.0,-150.0,150.0,-150.0,150.0,4.0,0.3703689599999933,0.001589935685139987,50.384
D:\Obsidian\Web Clipper\001_inbox\RTPLAN_57661.dcm,NewPlan,2,Beam11,279,216.0,-106.91647911,0.73149491069,1400.0,-150.0,150.0,-150.0,150.0,4.0,0.3703689600000075,0.0017225356148600213,44.03489999999999
D:\Obsidian\Web Clipper\001_inbox\RTPLAN_57661.dcm,NewPlan,2,Beam11,280,220.0,-106.54611015,0.73325891075,1400.0,-150.0,150.0,-150.0,150.0,4.0,0.3703689599999933,0.0017640000599999928,56.9565
D:\Obsidian\Web Clipper\001_inbox\RTPLAN_57661.dcm,NewPlan,2,Beam11,281,224.0,-106.1757412,0.73515023467,1400.0,-150.0,150.0,-150.0,150.0,4.0,0.3703689499999996,0.00189132391999991,52.4634
D:\Obsidian\Web Clipper\001_inbox\RTPLAN_57661.dcm,NewPlan,2,Beam11,282,228.0,-105.80537224,0.73711272119,1400.0,-150.0,150.0,-150.0,150.0,4.0,0.3703689600000075,0.001962486520000084,59.7658
D:\Obsidian\Web Clipper\001_inbox\RTPLAN_57661.dcm,NewPlan,2,Beam11,283,232.0,-105.43500328064,0.73902542034,1400.0,-150.0,150.0,-150.0,150.0,4.0,0.37036895935999326,0.001912699149999919,64.9008
D:\Obsidian\Web Clipper\001_inbox\RTPLAN_57661.dcm,NewPlan,2,Beam11,284,236.0,-105.06463432312,0.74089061753,1400.0,-150.0,150.0,-150.0,150.0,4.0,0.3703689575200002,0.0018651971900000008,40.979699999999994
D:\Obsidian\Web Clipper\001_inbox\RTPLAN_57661.dcm,NewPlan,2,Beam11,285,240.0,-104.69426537,0.7426326925,1400.0,-150.0,150.0,-150.0,150.0,4.0,0.37036895312000695,0.001742074970000007,39.9849
D:\Obsidian\Web Clipper\001_inbox\RTPLAN_57661.dcm,NewPlan,2,Beam11,286,244.0,-104.32389641,0.74443755674,1400.0,-150.0,150.0,-150.0,150.0,4.0,0.3703689599999933,0.001804864240000037,33.8193
D:\Obsidian\Web Clipper\001_inbox\RTPLAN_57661.dcm,NewPlan,2,Beam11,287,248.0,-103.95352745,0.74620605625,1400.0,-150.0,150.0,-150.0,150.0,4.0,0.3703689600000075,0.0017684995100000211,40.4728
D:\Obsidian\Web Clipper\001_inbox\RTPLAN_57661.dcm,NewPlan,2,Beam11,288,252.0,-103.58315849,0.74801145323,1400.0,-150.0,150.0,-150.0,150.0,4.0,0.3703689599999933,0.0018053969799999292,43.99329999999999
D:\Obsidian\Web Clipper\001_inbox\RTPLAN_57661.dcm,NewPlan,2,Beam11,289,256.0,-103.21278954,0.74976747557,1400.0,-150.0,150.0,-150.0,150.0,4.0,0.3703689499999996,0.0017560223400000519,51.1689
D:\Obsidian\Web Clipper\001_inbox\RTPLAN_57661.dcm,NewPlan,2,Beam11,290,260.0,-102.84242058,0.75155966965,1400.0,-150.0,150.0,-150.0,150.0,4.0,0.3703689600000075,0.0017921940799999758,53.2269
D:\Obsidian\Web Clipper\001_inbox\RTPLAN_57661.dcm,NewPlan,2,Beam11,291,264.0,-102.47205162,0.75334832639056,1400.0,-150.0,150.0,-150.0,150.0,4.0,0.3703689599999933,0.0017886567405600573,53.452299999999994
D:\Obsidian\Web Clipper\001_inbox\RTPLAN_57661.dcm,NewPlan,2,Beam11,292,268.0,-102.10168266,0.75515613137,1400.0,-150.0,150.0,-150.0,150.0,4.0,0.3703689600000075,0.0018078049794399975,47.7457
D:\Obsidian\Web Clipper\001_inbox\RTPLAN_57661.dcm,NewPlan,2,Beam11,293,272.0,-101.73131371,0.75699832261,1400.0,-150.0,150.0,-150.0,150.0,4.0,0.3703689499999996,0.0018421912399999574,47.5707
D:\Obsidian\Web Clipper\001_inbox\RTPLAN_57661.dcm,NewPlan,2,Beam11,294,276.0,-101.36094475,0.75895774132,1400.0,-150.0,150.0,-150.0,150.0,4.0,0.3703689599999933,0.0019594187100000493,52.9995
D:\Obsidian\Web Clipper\001_inbox\RTPLAN_57661.dcm,NewPlan,2,Beam11,295,280.0,-100.99057579,0.76104905455,1400.0,-150.0,150.0,-150.0,150.0,4.0,0.3703689600000075,0.0020913132300000026,47.00209999999999
D:\Obsidian\Web Clipper\001_inbox\RTPLAN_57661.dcm,NewPlan,2,Beam11,296,284.0,-100.62020683,0.7632312736,1400.0,-150.0,150.0,-150.0,150.0,4.0,0.3703689599999933,0.002182219049999934,44.632400000000004
D:\Obsidian\Web Clipper\001_inbox\RTPLAN_57661.dcm,NewPlan,2,Beam11,297,288.0,-100.24983788,0.76537349713,1400.0,-150.0,150.0,-150.0,150.0,4.0,0.3703689499999996,0.0021422235300000425,59.0444
D:\Obsidian\Web Clipper\001_inbox\RTPLAN_57661.dcm,NewPlan,2,Beam11,298,292.0,-99.879468918,0.76729822632,1400.0,-150.0,150.0,-150.0,150.0,4.0,0.3703689620000006,0.0019247291899999741,54.13119999999999
D:\Obsidian\Web Clipper\001_inbox\RTPLAN_57661.dcm,NewPlan,2,Beam11,299,296.0,-99.50909996,0.76919656906,1400.0,-150.0,150.0,-150.0,150.0,4.0,0.37036895800000025,0.001898342740000003,54.52910000000001
D:\Obsidian\Web Clipper\001_inbox\RTPLAN_57661.dcm,NewPlan,2,Beam11,300,300.0,-99.138731003,0.77102024258648,1400.0,-150.0,150.0,-150.0,150.0,4.0,0.3703689569999966,0.0018236735264800519,68.9196
D:\Obsidian\Web Clipper\001_inbox\RTPLAN_57661.dcm,NewPlan,2,Beam11,301,304.0,-98.768362045,0.77279671262,1400.0,-150.0,150.0,-150.0,150.0,4.0,0.37036895800000025,0.0017764700335199946,77.7936
D:\Obsidian\Web Clipper\001_inbox\RTPLAN_57661.dcm,NewPlan,2,Beam11,302,308.0,-98.397993088,0.77455559488,1400.0,-150.0,150.0,-150.0,150.0,4.0,0.3703689569999966,0.0017588822599999832,70.12650000000001
D:\Obsidian\Web Clipper\001_inbox\RTPLAN_57661.dcm,NewPlan,2,Beam11,303,312.0,-98.02762413,0.77632863528,1400.0,-150.0,150.0,-150.0,150.0,4.0,0.37036895800000025,0.0017730403999999256,73.8168
D:\Obsidian\Web Clipper\001_inbox\RTPLAN_57661.dcm,NewPlan,2,Beam11,304,316.0,-97.657255173,0.77835638948,1400.0,-150.0,150.0,-150.0,150.0,4.0,0.3703689570000108,0.0020277542000000093,85.9668
D:\Obsidian\Web Clipper\001_inbox\RTPLAN_57661.dcm,NewPlan,2,Beam11,305,320.0,-97.28688621521,0.78048538193,1400.0,-150.0,150.0,-150.0,150.0,4.0,0.37036895778999224,0.002128992450000089,55.15
D:\Obsidian\Web Clipper\001_inbox\RTPLAN_57661.dcm,NewPlan,2,Beam11,306,324.0,-96.916517258,0.7826227325,1400.0,-150.0,150.0,-150.0,150.0,4.0,0.3703689572100046,0.002137350569999974,47.6421
D:\Obsidian\Web Clipper\001_inbox\RTPLAN_57661.dcm,NewPlan,2,Beam11,307,328.0,-96.546148300171,0.78481344778,1400.0,-150.0,150.0,-150.0,150.0,4.0,0.37036895782900103,0.002190715279999922,67.20020000000001
D:\Obsidian\Web Clipper\001_inbox\RTPLAN_57661.dcm,NewPlan,2,Beam11,308,332.0,-96.175779343,0.78699698102,1400.0,-150.0,150.0,-150.0,150.0,4.0,0.3703689571709958,0.0021835332400000906,65.8173
D:\Obsidian\Web Clipper\001_inbox\RTPLAN_57661.dcm,NewPlan,2,Beam11,309,336.0,-95.805410385,0.78913120234,1400.0,-150.0,150.0,-150.0,150.0,4.0,0.37036895800000025,0.0021342213199999627,88.74459999999999
D:\Obsidian\Web Clipper\001_inbox\RTPLAN_57661.dcm,NewPlan,2,Beam11,310,340.0,-95.435041428,0.79104975607,1400.0,-150.0,150.0,-150.0,150.0,4.0,0.3703689569999966,0.00191855373000005,108.715
D:\Obsidian\Web Clipper\001_inbox\RTPLAN_57661.dcm,NewPlan,2,Beam11,311,344.0,-95.06467247,0.79290905387,1400.0,-150.0,150.0,-150.0,150.0,4.0,0.37036895800000025,0.0018592977999999372,84.156
D:\Obsidian\Web Clipper\001_inbox\RTPLAN_57661.dcm,NewPlan,2,Beam11,312,348.0,-94.694303513,0.79484377238119,1400.0,-150.0,150.0,-150.0,150.0,4.0,0.3703689570000108,0.0019347185111899812,59.86619999999999
D:\Obsidian\Web Clipper\001_inbox\RTPLAN_57661.dcm,NewPlan,2,Beam11,313,352.0,-94.323934555,0.7968395067,1400.0,-150.0,150.0,-150.0,150.0,4.0,0.37036895800000025,0.0019957343188100607,60.491
D:\Obsidian\Web Clipper\001_inbox\RTPLAN_57661.dcm,NewPlan,2,Beam11,314,356.0,-93.953565598,0.79888235682,1400.0,-150.0,150.0,-150.0,150.0,4.0,0.3703689569999966,0.0020428501199999394,67.99119999999999
D:\Obsidian\Web Clipper\001_inbox\RTPLAN_57661.dcm,NewPlan,2,Beam11,315,0.0,-93.58319664,0.80090036622,1400.0,-150.0,150.0,-150.0,150.0,4.0,0.37036895800000025,0.002018009400000076,74.2324
D:\Obsidian\Web Clipper\001_inbox\RTPLAN_57661.dcm,NewPlan,2,Beam11,316,4.0,-93.212827682,0.80294525978,1400.0,-150.0,150.0,-150.0,150.0,4.0,0.37036895800000025,0.0020448935599999274,82.3332
D:\Obsidian\Web Clipper\001_inbox\RTPLAN_57661.dcm,NewPlan,2,Beam11,317,8.0,-92.842458725,0.80496405014,1400.0,-150.0,150.0,-150.0,150.0,4.0,0.3703689569999966,0.002018790360000078,68.2317
D:\Obsidian\Web Clipper\001_inbox\RTPLAN_57661.dcm,NewPlan,2,Beam11,318,12.0,-92.472089767,0.80693433531,1400.0,-150.0,150.0,-150.0,150.0,4.0,0.37036895800000025,0.0019702851699999746,78.654
D:\Obsidian\Web Clipper\001_inbox\RTPLAN_57661.dcm,NewPlan,2,Beam11,319,16.0,-92.10172081,0.80879043984,1400.0,-150.0,150.0,-150.0,150.0,4.0,0.3703689569999966,0.001856104529999958,85.59670000000001
D:\Obsidian\Web Clipper\001_inbox\RTPLAN_57661.dcm,NewPlan,2,Beam11,320,20.0,-91.731351852417,0.81066039621,1400.0,-150.0,150.0,-150.0,150.0,4.0,0.3703689575829969,0.001869956369999981,81.30389999999998
D:\Obsidian\Web Clipper\001_inbox\RTPLAN_57661.dcm,NewPlan,2,Beam11,321,24.0,-91.360982895,0.81265873167,1400.0,-150.0,150.0,-150.0,150.0,4.0,0.37036895741699993,0.001998335460000056,90.47670000000001
D:\Obsidian\Web Clipper\001_inbox\RTPLAN_57661.dcm,NewPlan,2,Beam11,322,28.0,-90.990613937378,0.81464263151,1400.0,-150.0,150.0,-150.0,150.0,4.0,0.3703689576220057,0.001983899840000025,78.7574
D:\Obsidian\Web Clipper\001_inbox\RTPLAN_57661.dcm,NewPlan,2,Beam11,323,32.0,-90.62024498,0.81667693659,1400.0,-150.0,150.0,-150.0,150.0,4.0,0.37036895737800535,0.0020343050799999096,65.3158
D:\Obsidian\Web Clipper\001_inbox\RTPLAN_57661.dcm,NewPlan,2,Beam11,324,36.0,-90.249876022,0.81858662907,1400.0,-150.0,150.0,-150.0,150.0,4.0,0.37036895800000025,0.001909692480000058,64.5158
D:\Obsidian\Web Clipper\001_inbox\RTPLAN_57661.dcm,NewPlan,2,Beam11,325,40.0,-89.879507065,0.82038743892,1400.0,-150.0,150.0,-150.0,150.0,4.0,0.3703689569999966,0.0018008098499999736,63.5762
D:\Obsidian\Web Clipper\001_inbox\RTPLAN_57661.dcm,NewPlan,2,Beam11,326,44.0,-89.509138107,0.82220000003,1400.0,-150.0,150.0,-150.0,150.0,4.0,0.37036895800000025,0.001812561110000055,69.24730000000001
D:\Obsidian\Web Clipper\001_inbox\RTPLAN_57661.dcm,NewPlan,2,Beam11,327,48.0,-89.13876915,0.82402097559,1400.0,-150.0,150.0,-150.0,150.0,4.0,0.3703689569999966,0.0018209755599999378,67.6682
D:\Obsidian\Web Clipper\001_inbox\RTPLAN_57661.dcm,NewPlan,2,Beam11,328,52.0,-88.768400192,0.82587894657,1400.0,-150.0,150.0,-150.0,150.0,4.0,0.37036895800000025,0.0018579709800000677,65.32469999999999
D:\Obsidian\Web Clipper\001_inbox\RTPLAN_57661.dcm,NewPlan,2,Beam11,329,56.0,-88.398031235,0.82776443206,1400.0,-150.0,150.0,-150.0,150.0,4.0,0.3703689569999966,0.001885485490000005,67.739
D:\Obsidian\Web Clipper\001_inbox\RTPLAN_57661.dcm,NewPlan,2,Beam11,330,60.0,-88.027662277,0.82963451453,1400.0,-150.0,150.0,-150.0,150.0,4.0,0.37036895800000025,0.0018700824699999785,82.1264
D:\Obsidian\Web Clipper\001_inbox\RTPLAN_57661.dcm,NewPlan,2,Beam11,331,64.0,-87.65729332,0.83137765771,1400.0,-150.0,150.0,-150.0,150.0,4.0,0.3703689570000108,0.0017431431800000174,88.60159999999999
D:\Obsidian\Web Clipper\001_inbox\RTPLAN_57661.dcm,NewPlan,2,Beam11,332,68.0,-87.286924362,0.83305535605,1400.0,-150.0,150.0,-150.0,150.0,4.0,0.37036895800000025,0.0016776983399999779,92.7858
D:\Obsidian\Web Clipper\001_inbox\RTPLAN_57661.dcm,NewPlan,2,Beam11,333,72.0,-86.916555405,0.83463649288442,1400.0,-150.0,150.0,-150.0,150.0,4.0,0.3703689569999966,0.0015811368344199606,101.6496
D:\Obsidian\Web Clipper\001_inbox\RTPLAN_57661.dcm,NewPlan,2,Beam11,334,76.0,-86.546186447,0.83609550993,1400.0,-150.0,150.0,-150.0,150.0,4.0,0.37036895800000025,0.0014590170455800466,100.66290000000001
D:\Obsidian\Web Clipper\001_inbox\RTPLAN_57661.dcm,NewPlan,2,Beam11,335,80.0,-86.17581749,0.83754035716,1400.0,-150.0,150.0,-150.0,150.0,4.0,0.3703689569999966,0.0014448472299999349,94.2062
D:\Obsidian\Web Clipper\001_inbox\RTPLAN_57661.dcm,NewPlan,2,Beam11,336,84.0,-85.805448532,0.83898284296,1400.0,-150.0,150.0,-150.0,150.0,4.0,0.37036895800000025,0.0014424858000000595,73.5496
D:\Obsidian\Web Clipper\001_inbox\RTPLAN_57661.dcm,NewPlan,2,Beam11,337,88.0,-85.435079574585,0.84071427088132,1400.0,-150.0,150.0,-150.0,150.0,4.0,0.3703689574149962,0.0017314279213199724,63.9436
D:\Obsidian\Web Clipper\001_inbox\RTPLAN_57661.dcm,NewPlan,2,Beam11,338,92.0,-85.064710617,0.84249250766,1400.0,-150.0,150.0,-150.0,150.0,4.0,0.37036895758500066,0.0017782367786799425,64.88600000000001
D:\Obsidian\Web Clipper\001_inbox\RTPLAN_57661.dcm,NewPlan,2,Beam11,339,96.0,-84.694341659546,0.84428197176,1400.0,-150.0,150.0,-150.0,150.0,4.0,0.370368957454005,0.0017894641000000266,67.3694
D:\Obsidian\Web Clipper\001_inbox\RTPLAN_57661.dcm,NewPlan,2,Beam11,340,100.0,-84.323972702,0.84617171089,1400.0,-150.0,150.0,-150.0,150.0,4.0,0.37036895754599186,0.0018897391300000121,59.1003
D:\Obsidian\Web Clipper\001_inbox\RTPLAN_57661.dcm,NewPlan,2,Beam11,341,104.0,-83.953603745,0.84805252298,1400.0,-150.0,150.0,-150.0,150.0,4.0,0.3703689570000108,0.001880812090000017,60.5686
D:\Obsidian\Web Clipper\001_inbox\RTPLAN_57661.dcm,NewPlan,2,Beam11,342,108.0,-83.583234787,0.8498971412616,1400.0,-150.0,150.0,-150.0,150.0,4.0,0.37036895800000025,0.0018446182815999856,65.6061
D:\Obsidian\Web Clipper\001_inbox\RTPLAN_57661.dcm,NewPlan,2,Beam11,343,112.0,-83.212865829,0.851637646,1400.0,-150.0,150.0,-150.0,150.0,4.0,0.37036895800000025,0.0017405047384000394,56.4521
D:\Obsidian\Web Clipper\001_inbox\RTPLAN_57661.dcm,NewPlan,2,Beam11,344,116.0,-82.842496872,0.8531457626,1400.0,-150.0,150.0,-150.0,150.0,4.0,0.3703689569999966,0.0015081165999999424,80.8379
D:\Obsidian\Web Clipper\001_inbox\RTPLAN_57661.dcm,NewPlan,2,Beam11,345,120.0,-82.472127914,0.85462034141572,1400.0,-150.0,150.0,-150.0,150.0,4.0,0.37036895800000025,0.0014745788157199957,111.3283
D:\Obsidian\Web Clipper\001_inbox\RTPLAN_57661.dcm,NewPlan,2,Beam11,346,124.0,-82.101758957,0.85595773885,1400.0,-150.0,150.0,-150.0,150.0,4.0,0.3703689569999966,0.0013373974342800743,108.5726
D:\Obsidian\Web Clipper\001_inbox\RTPLAN_57661.dcm,NewPlan,2,Beam11,347,128.0,-81.731389999,0.85747075801,1400.0,-150.0,150.0,-150.0,150.0,4.0,0.37036895800000025,0.0015130191599999065,110.9548
D:\Obsidian\Web Clipper\001_inbox\RTPLAN_57661.dcm,NewPlan,2,Beam11,348,132.0,-81.361021042,0.85901545057907,1400.0,-150.0,150.0,-150.0,150.0,4.0,0.3703689569999966,0.001544692569070083,95.5223
D:\Obsidian\Web Clipper\001_inbox\RTPLAN_57661.dcm,NewPlan,2,Beam11,349,136.0,-80.990652084,0.86060956116,1400.0,-150.0,150.0,-150.0,150.0,4.0,0.37036895800000025,0.0015941105809299527,102.3027
D:\Obsidian\Web Clipper\001_inbox\RTPLAN_57661.dcm,NewPlan,2,Beam11,350,140.0,-80.620283127,0.86223247996,1400.0,-150.0,150.0,-150.0,150.0,4.0,0.3703689570000108,0.001622918799999984,53.892500000000005
D:\Obsidian\Web Clipper\001_inbox\RTPLAN_57661.dcm,NewPlan,2,Beam11,351,144.0,-80.249914169,0.86379268773,1400.0,-150.0,150.0,-150.0,150.0,4.0,0.37036895800000025,0.0015602077699999883,34.8972
D:\Obsidian\Web Clipper\001_inbox\RTPLAN_57661.dcm,NewPlan,2,Beam11,352,148.0,-79.879545211792,0.86572154141,1400.0,-150.0,150.0,-150.0,150.0,4.0,0.3703689572079867,0.0019288536800000644,40.5183
D:\Obsidian\Web Clipper\001_inbox\RTPLAN_57661.dcm,NewPlan,2,Beam11,353,152.0,-79.509176254,0.86785359095,1400.0,-150.0,150.0,-150.0,150.0,4.0,0.3703689577920102,0.002132049540000014,55.4818
D:\Obsidian\Web Clipper\001_inbox\RTPLAN_57661.dcm,NewPlan,2,Beam11,354,156.0,-79.138807296753,0.87010215069,1400.0,-150.0,150.0,-150.0,150.0,4.0,0.3703689572469955,0.0022485597399999335,62.390899999999995
D:\Obsidian\Web Clipper\001_inbox\RTPLAN_57661.dcm,NewPlan,2,Beam11,355,160.0,-78.768438339,0.87213325371,1400.0,-150.0,150.0,-150.0,150.0,4.0,0.3703689577530014,0.0020311030199999802,34.846
D:\Obsidian\Web Clipper\001_inbox\RTPLAN_57661.dcm,NewPlan,2,Beam11,356,164.0,-78.398069382,0.87389254900793,1400.0,-150.0,150.0,-150.0,150.0,4.0,0.3703689569999966,0.0017592952979300636,55.364200000000004
D:\Obsidian\Web Clipper\001_inbox\RTPLAN_57661.dcm,NewPlan,2,Beam11,357,168.0,-78.027700424,0.87548724899,1400.0,-150.0,150.0,-150.0,150.0,4.0,0.37036895800000025,0.0015946999820699581,80.1365
D:\Obsidian\Web Clipper\001_inbox\RTPLAN_57661.dcm,NewPlan,2,Beam11,358,172.0,-77.657331467,0.87735443745,1400.0,-150.0,150.0,-150.0,150.0,4.0,0.3703689569999966,0.0018671884600000022,54.628
D:\Obsidian\Web Clipper\001_inbox\RTPLAN_57661.dcm,NewPlan,2,Beam11,359,176.0,-77.286962509,0.87932814809,1400.0,-150.0,150.0,-150.0,150.0,4.0,0.37036895800000025,0.0019737106400000703,59.7352
D:\Obsidian\Web Clipper\001_inbox\RTPLAN_57661.dcm,NewPlan,2,Beam11,360,180.0,-76.916593552,0.88135867659,1400.0,-150.0,150.0,-150.0,150.0,4.0,0.3703689570000108,0.0020305284999999618,61.099999999999994
D:\Obsidian\Web Clipper\001_inbox\RTPLAN_57661.dcm,NewPlan,2,Beam11,361,184.0,-76.546224594,0.88347988784,1400.0,-150.0,150.0,-150.0,150.0,4.0,0.37036895800000025,0.002121211249999977,65.5294
D:\Obsidian\Web Clipper\001_inbox\RTPLAN_57661.dcm,NewPlan,2,Beam11,362,188.0,-76.175855637,0.88570926734,1400.0,-150.0,150.0,-150.0,150.0,4.0,0.3703689569999966,0.002229379500000017,81.9519
D:\Obsidian\Web Clipper\001_inbox\RTPLAN_57661.dcm,NewPlan,2,Beam11,363,192.0,-75.805486679,0.88796061356,1400.0,-150.0,150.0,-150.0,150.0,4.0,0.37036895800000025,0.0022513462200000056,116.4003
D:\Obsidian\Web Clipper\001_inbox\RTPLAN_57661.dcm,NewPlan,2,Beam11,364,196.0,-75.435117722,0.8901830421,1400.0,-150.0,150.0,-150.0,150.0,4.0,0.3703689569999966,0.0022224285399999877,119.9054
D:\Obsidian\Web Clipper\001_inbox\RTPLAN_57661.dcm,NewPlan,2,Beam11,365,200.0,-75.064748764,0.89223899526,1400.0,-150.0,150.0,-150.0,150.0,4.0,0.37036895800000025,0.002055953159999957,128.77190000000002
D:\Obsidian\Web Clipper\001_inbox\RTPLAN_57661.dcm,NewPlan,2,Beam11,366,204.0,-74.694379807,0.89425022542,1400.0,-150.0,150.0,-150.0,150.0,4.0,0.3703689569999966,0.0020112301600000437,125.38080000000001
D:\Obsidian\Web Clipper\001_inbox\RTPLAN_57661.dcm,NewPlan,2,Beam11,367,208.0,-74.324010849,0.89633190059,1400.0,-150.0,150.0,-150.0,150.0,4.0,0.37036895800000025,0.002081675170000019,143.13150000000002
D:\Obsidian\Web Clipper\001_inbox\RTPLAN_57661.dcm,NewPlan,2,Beam11,368,212.0,-73.953641891,0.89843447683,1400.0,-150.0,150.0,-150.0,150.0,4.0,0.37036895800000025,0.002102576239999987,142.4604
D:\Obsidian\Web Clipper\001_inbox\RTPLAN_57661.dcm,NewPlan,2,Beam11,369,216.0,-73.58327293396,0.90053333137,1400.0,-150.0,150.0,-150.0,150.0,4.0,0.37036895704000017,0.002098854540000028,123.5186
D:\Obsidian\Web Clipper\001_inbox\RTPLAN_57661.dcm,NewPlan,2,Beam11,370,220.0,-73.212903976,0.90252672795,1400.0,-150.0,150.0,-150.0,150.0,4.0,0.3703689579599967,0.001993396579999973,115.8672
D:\Obsidian\Web Clipper\001_inbox\RTPLAN_57661.dcm,NewPlan,2,Beam11,371,224.0,-72.842535018921,0.90459908129,1400.0,-150.0,150.0,-150.0,150.0,4.0,0.37036895707900896,0.0020723533399999994,106.5
D:\Obsidian\Web Clipper\001_inbox\RTPLAN_57661.dcm,NewPlan,2,Beam11,372,228.0,-72.472166061,0.90663636968,1400.0,-150.0,150.0,-150.0,150.0,4.0,0.3703689579210021,0.0020372883900000582,110.55879999999999
D:\Obsidian\Web Clipper\001_inbox\RTPLAN_57661.dcm,NewPlan,2,Beam11,373,232.0,-72.101797104,0.90859395284,1400.0,-150.0,150.0,-150.0,150.0,4.0,0.3703689569999966,0.0019575831599999427,85.16699999999999
D:\Obsidian\Web Clipper\001_inbox\RTPLAN_57661.dcm,NewPlan,2,Beam11,374,236.0,-71.731428146,0.91058477162893,1400.0,-150.0,150.0,-150.0,150.0,4.0,0.37036895800000025,0.0019908187889300377,93.5654
D:\Obsidian\Web Clipper\001_inbox\RTPLAN_57661.dcm,NewPlan,2,Beam11,375,240.0,-71.361059189,0.91253857564211,1400.0,-150.0,150.0,-150.0,150.0,4.0,0.3703689569999966,0.001953804013180016,105.9909
D:\Obsidian\Web Clipper\001_inbox\RTPLAN_57661.dcm,NewPlan,2,Beam11,376,244.0,-70.990690231,0.91452943044,1400.0,-150.0,150.0,-150.0,150.0,4.0,0.37036895800000025,0.0019908547978899627,100.2568
D:\Obsidian\Web Clipper\001_inbox\RTPLAN_57661.dcm,NewPlan,2,Beam11,377,248.0,-70.620321274,0.9166355885,1400.0,-150.0,150.0,-150.0,150.0,4.0,0.3703689569999966,0.0021061580600000296,97.2288
D:\Obsidian\Web Clipper\001_inbox\RTPLAN_57661.dcm,NewPlan,2,Beam11,378,252.0,-70.249952316,0.91883109224,1400.0,-150.0,150.0,-150.0,150.0,4.0,0.37036895800000025,0.0021955037399999933,85.1195
D:\Obsidian\Web Clipper\001_inbox\RTPLAN_57661.dcm,NewPlan,2,Beam11,379,256.0,-69.879583359,0.92105173643,1400.0,-150.0,150.0,-150.0,150.0,4.0,0.3703689570000108,0.0022206441900000096,110.95739999999999
D:\Obsidian\Web Clipper\001_inbox\RTPLAN_57661.dcm,NewPlan,2,Beam11,380,260.0,-69.509214401,0.92324697179,1400.0,-150.0,150.0,-150.0,150.0,4.0,0.37036895800000025,0.002195235359999992,102.5347
D:\Obsidian\Web Clipper\001_inbox\RTPLAN_57661.dcm,NewPlan,2,Beam11,381,264.0,-69.138845444,0.92551938502,1400.0,-150.0,150.0,-150.0,150.0,4.0,0.3703689569999966,0.0022724132299999367,83.4649
D:\Obsidian\Web Clipper\001_inbox\RTPLAN_57661.dcm,NewPlan,2,Beam11,382,268.0,-68.768476486,0.92773656581,1400.0,-150.0,150.0,-150.0,150.0,4.0,0.37036895800000025,0.002217180789999995,87.9605
D:\Obsidian\Web Clipper\001_inbox\RTPLAN_57661.dcm,NewPlan,2,Beam11,383,272.0,-68.398107529,0.92994302642,1400.0,-150.0,150.0,-150.0,150.0,4.0,0.3703689569999966,0.0022064606100000717,89.19510000000001
D:\Obsidian\Web Clipper\001_inbox\RTPLAN_57661.dcm,NewPlan,2,Beam11,384,276.0,-68.027738571167,0.93227076505,1400.0,-150.0,150.0,-150.0,150.0,4.0,0.3703689578329943,0.002327738629999909,57.5071
D:\Obsidian\Web Clipper\001_inbox\RTPLAN_57661.dcm,NewPlan,2,Beam11,385,280.0,-67.657369614,0.93472341122832,1400.0,-150.0,150.0,-150.0,150.0,4.0,0.3703689571670026,0.0024526461783200837,41.8829
D:\Obsidian\Web Clipper\001_inbox\RTPLAN_57661.dcm,NewPlan,2,Beam11,386,284.0,-67.287000656128,0.937254576,1400.0,-150.0,150.0,-150.0,150.0,4.0,0.3703689578720031,0.002531164771679917,38.2868
D:\Obsidian\Web Clipper\001_inbox\RTPLAN_57661.dcm,NewPlan,2,Beam11,387,288.0,-66.916631699,0.93955860487,1400.0,-150.0,150.0,-150.0,150.0,4.0,0.3703689571279938,0.00230402887000003,32.2064
D:\Obsidian\Web Clipper\001_inbox\RTPLAN_57661.dcm,NewPlan,2,Beam11,388,292.0,-66.546262741,0.94193102507,1400.0,-150.0,150.0,-150.0,150.0,4.0,0.37036895800000025,0.0023724202000000583,47.0113
D:\Obsidian\Web Clipper\001_inbox\RTPLAN_57661.dcm,NewPlan,2,Beam11,389,296.0,-66.175893784,0.94449946403,1400.0,-150.0,150.0,-150.0,150.0,4.0,0.3703689570000108,0.002568438959999919,53.2392
D:\Obsidian\Web Clipper\001_inbox\RTPLAN_57661.dcm,NewPlan,2,Beam11,390,300.0,-65.805524826,0.94710927991,1400.0,-150.0,150.0,-150.0,150.0,4.0,0.37036895800000025,0.002609815880000088,59.6072
D:\Obsidian\Web Clipper\001_inbox\RTPLAN_57661.dcm,NewPlan,2,Beam11,391,304.0,-65.435155869,0.94981442105311,1400.0,-150.0,150.0,-150.0,150.0,4.0,0.3703689569999966,0.002705141143109935,108.30930000000001
D:\Obsidian\Web Clipper\001_inbox\RTPLAN_57661.dcm,NewPlan,2,Beam11,392,308.0,-65.064796447754,0.95278599525,1400.0,-150.0,150.0,-150.0,150.0,4.0,0.3703594212459933,0.002971574196889981,122.9643
D:\Obsidian\Web Clipper\001_inbox\RTPLAN_57661.dcm,NewPlan,2,Beam11,393,312.0,-64.69442749,0.95555403576,1400.0,-150.0,150.0,-150.0,150.0,4.0,0.37036895775401035,0.002768040510000014,122.2098
D:\Obsidian\Web Clipper\001_inbox\RTPLAN_57661.dcm,NewPlan,2,Beam11,394,316.0,-64.324058533,0.9586117795,1400.0,-150.0,150.0,-150.0,150.0,4.0,0.3703689569999966,0.0030577437400000074,96.4431
D:\Obsidian\Web Clipper\001_inbox\RTPLAN_57661.dcm,NewPlan,2,Beam11,395,320.0,-63.953689575,0.96173753625668,1400.0,-150.0,150.0,-150.0,150.0,4.0,0.37036895800000025,0.0031257567566800315,86.47800000000001
D:\Obsidian\Web Clipper\001_inbox\RTPLAN_57661.dcm,NewPlan,2,Beam11,396,324.0,-63.583320618,0.96486169142,1400.0,-150.0,150.0,-150.0,150.0,4.0,0.3703689569999966,0.003124155163319986,80.8639
D:\Obsidian\Web Clipper\001_inbox\RTPLAN_57661.dcm,NewPlan,2,Beam11,397,328.0,-63.21295166,0.96792913242,1400.0,-150.0,150.0,-150.0,150.0,4.0,0.37036895800000025,0.003067441000000004,94.3272
D:\Obsidian\Web Clipper\001_inbox\RTPLAN_57661.dcm,NewPlan,2,Beam11,398,332.0,-62.842582703,0.97156215283,1400.0,-150.0,150.0,-150.0,150.0,4.0,0.3703689570000037,0.0036330204100000207,77.8573
D:\Obsidian\Web Clipper\001_inbox\RTPLAN_57661.dcm,NewPlan,2,Beam11,399,336.0,-62.472213745,0.97565877361,1400.0,-150.0,150.0,-150.0,150.0,4.0,0.37036895800000025,0.004096620779999949,47.1032
D:\Obsidian\Web Clipper\001_inbox\RTPLAN_57661.dcm,NewPlan,2,Beam11,400,340.0,-62.101844788,0.97994540637,1400.0,-150.0,150.0,-150.0,150.0,4.0,0.3703689569999966,0.004286632760000075,59.3852
D:\Obsidian\Web Clipper\001_inbox\RTPLAN_57661.dcm,NewPlan,2,Beam11,401,344.0,-61.73147583,0.98375547815,1400.0,-150.0,150.0,-150.0,150.0,4.0,0.37036895800000025,0.003810071779999924,49.483200000000004
D:\Obsidian\Web Clipper\001_inbox\RTPLAN_57661.dcm,NewPlan,2,Beam11,402,348.0,-61.361106873,0.98789727771,1400.0,-150.0,150.0,-150.0,150.0,4.0,0.3703689570000037,0.004141799560000048,39.5395
D:\Obsidian\Web Clipper\001_inbox\RTPLAN_57661.dcm,NewPlan,2,Beam11,403,352.0,-60.990737915,0.99199128421,1400.0,-150.0,150.0,-150.0,150.0,4.0,0.37036895800000025,0.004094006500000025,36.7216
D:\Obsidian\Web Clipper\001_inbox\RTPLAN_57661.dcm,NewPlan,2,Beam11,404,356.0,-60.620368958,0.99601036114,1400.0,-150.0,150.0,-150.0,150.0,4.0,0.3703689569999966,0.004019076929999921,40.9553
D:\Obsidian\Web Clipper\001_inbox\RTPLAN_57661.dcm,NewPlan,2,Beam11,405,0.0,-60.25,1.0,1400.0,-150.0,150.0,-150.0,150.0,4.0,0.37036895800000025,0.003989638860000033,46.5487
