source_path,plan_label,beam_number,beam_name,control_point_index,gantry_angle_deg,axial_position_mm,cumulative_meterset_weight,dose_rate_mu_per_min,jaw_x1_mm,jaw_x2_mm,jaw_y1_mm,jaw_y2_mm,delta_gantry_deg,delta_axial_mm,delta_cumulative_meterset_weight,aperture_width_mm,projection_label,projection_pitch,projection_mu_density_proxy,projection_aperture_change,projection_leaf_travel,projection_leaf_travel_mlcx1,projection_leaf_travel_mlcx2
D:\Obsidian\Web Clipper\001_inbox\RTPLAN_57661.dcm,NewPlan,1,Beam1,0,0.0,-60.25,0.0,1400.0,-150.0,150.0,-150.0,150.0,,,,21.8475,,,,,,,
D:\Obsidian\Web Clipper\001_inbox\RTPLAN_57661.dcm,NewPlan,1,Beam1,1,356.0,-60.620368958,0.0028959915263,1400.0,-150.0,150.0,-150.0,150.0,-4.0,-0.37036895800000025,0.0028959915263,29.245599999999996,0→1,0.09259223950000006,0.007819206938773736,19.97494617245971,411.4143388874396,192.9791859068274,218.4351529806122
D:\Obsidian\Web Clipper\001_inbox\RTPLAN_57661.dcm,NewPlan,1,Beam1,2,352.0,-60.990737915,0.0058952584935,1400.0,-150.0,150.0,-150.0,150.0,-4.0,-0.3703689569999966,0.0029992669671999998,40.6444,1→2,0.09259223924999915,0.008098051714415222,30.776877447642313,313.45013615706745,153.41431544437057,160.03582071269688
D:\Obsidian\Web Clipper\001_inbox\RTPLAN_57661.dcm,NewPlan,1,Beam1,3,348.0,-61.361106873,0.0088914249694,1400.0,-150.0,150.0,-150.0,150.0,-4.0,-0.37036895800000025,0.0029961664758999997,37.3321,2→3,0.09259223950000006,0.00808968033411698,8.943244104167063,318.39520416827133,149.4191097948332,168.97609437343817
D:\Obsidian\Web Clipper\001_inbox\RTPLAN_57661.dcm,NewPlan,1,Beam1,4,344.0,-61.73147583,0.01194784894,1400.0,-150.0,150.0,-150.0,150.0,-4.0,-0.3703689570000037,0.0030564239706000005,38.941,3→4,0.09259223925000093,0.008252376212512784,4.344046577316115,354.5604930382939,204.11753893293826,150.44295410535565
D:\Obsidian\Web Clipper\001_inbox\RTPLAN_57661.dcm,NewPlan,1,Beam1,5,340.0,-62.101844788,0.014825706311,1400.0,-150.0,150.0,-150.0,150.0,-4.0,-0.37036895800000025,0.002877857370999999,48.5957,4→5,0.09259223950000006,0.007770244532750494,26.0677894069081,541.1382235765016,259.0851579953414,282.0530655811601
D:\Obsidian\Web Clipper\001_inbox\RTPLAN_57661.dcm,NewPlan,1,Beam1,6,336.0,-62.472213745,0.017387271499,1400.0,-150.0,150.0,-150.0,150.0,-4.0,-0.3703689569999966,0.002561565188000001,27.1,5→6,0.09259223924999915,0.006916252400710852,58.0386114811458,576.935501643573,277.6679796087795,299.26752203479356
D:\Obsidian\Web Clipper\001_inbox\RTPLAN_57661.dcm,NewPlan,1,Beam1,7,332.0,-62.842582703,0.02007782621,1400.0,-150.0,150.0,-150.0,150.0,-4.0,-0.37036895800000025,0.0026905547109999997,33.4764,6→7,0.09259223950000006,0.007264525422241239,17.216345652812493,271.22791430052825,179.56472475212126,91.66318954840696
D:\Obsidian\Web Clipper\001_inbox\RTPLAN_57661.dcm,NewPlan,1,Beam1,8,328.0,-63.21295166,0.022751229767,1400.0,-150.0,150.0,-150.0,150.0,-4.0,-0.3703689570000037,0.0026734035569999995,27.8171,7→8,0.09259223925000093,0.00721821714933839,15.280168310650133,197.67315434052227,107.30866950061261,90.36448483990968
D:\Obsidian\Web Clipper\001_inbox\RTPLAN_57661.dcm,NewPlan,1,Beam1,9,324.0,-63.583320618,0.025336834127,1400.0,-150.0,150.0,-150.0,150.0,-4.0,-0.37036895800000025,0.0025856043600000003,25.6791,8→9,0.09259223950000006,0.006981158393949416,5.772622013316786,179.84390581675035,89.83204256551106,90.01186325123929
D:\Obsidian\Web Clipper\001_inbox\RTPLAN_57661.dcm,NewPlan,1,Beam1,10,320.0,-63.953689575,0.027842504819,1400.0,-150.0,150.0,-150.0,150.0,-4.0,-0.3703689569999966,0.0025056706920000005,27.739199999999993,9→10,0.09259223924999915,0.006765336685601389,5.562291226259585,223.44529268958348,118.02744040451644,105.41785228506704
D:\Obsidian\Web Clipper\001_inbox\RTPLAN_57661.dcm,NewPlan,1,Beam1,11,316.0,-64.324058533,0.030396730267,1400.0,-150.0,150.0,-150.0,150.0,-4.0,-0.37036895800000025,0.0025542254479999985,34.127500000000005,10→11,0.09259223950000006,0.006896435008465252,17.248475775337543,329.6375070396691,232.45387643961226,97.18363060005687
D:\Obsidian\Web Clipper\001_inbox\RTPLAN_57661.dcm,NewPlan,1,Beam1,12,312.0,-64.69442749,0.032964953343,1400.0,-150.0,150.0,-150.0,150.0,-4.0,-0.3703689569999966,0.002568223076000003,27.9071,11→12,0.09259223924999915,0.006934228766910469,16.795144091949535,146.4042786933693,76.41245159755725,69.99182709581204
D:\Obsidian\Web Clipper\001_inbox\RTPLAN_57661.dcm,NewPlan,1,Beam1,13,308.0,-65.064796447754,0.035452602506,1400.0,-150.0,150.0,-150.0,150.0,-4.0,-0.37036895775401035,0.002487649162999997,27.114099999999997,12→13,0.09259223943850259,0.0067166783579422715,2.1411081663239533,469.2990499366923,240.43942705140427,228.85962288528805
D:\Obsidian\Web Clipper\001_inbox\RTPLAN_57661.dcm,NewPlan,1,Beam1,14,304.0,-65.435155869,0.037820246467,1400.0,-150.0,150.0,-150.0,150.0,-4.0,-0.3703594212459933,0.0023676439610000044,28.619300000000006,13→14,0.09258985531149833,0.006392827683536668,4.0641601472863655,272.92217829896373,120.2431947057747,152.67898359318903
D:\Obsidian\Web Clipper\001_inbox\RTPLAN_57661.dcm,NewPlan,1,Beam1,15,300.0,-65.805524826,0.04010195177,1400.0,-150.0,150.0,-150.0,150.0,-4.0,-0.3703689569999966,0.002281705302999995,25.086999999999996,14→15,0.09259223924999915,0.006160627827671896,9.537246395086083,342.35347645510467,154.84073088771459,187.51274556739006
D:\Obsidian\Web Clipper\001_inbox\RTPLAN_57661.dcm,NewPlan,1,Beam1,16,296.0,-66.175893784,0.042341817204,1400.0,-150.0,150.0,-150.0,150.0,-4.0,-0.37036895800000025,0.002239865434000003,26.670500000000004,15→16,0.09259223950000006,0.006047659733945634,4.275466304063222,267.50622010821957,90.51784518075073,176.98837492746884
D:\Obsidian\Web Clipper\001_inbox\RTPLAN_57661.dcm,NewPlan,1,Beam1,17,292.0,-66.546262741,0.044582150058,1400.0,-150.0,150.0,-150.0,150.0,-4.0,-0.3703689570000108,0.0022403328540000003,36.46670000000001,16→17,0.0925922392500027,0.006048921789090263,26.449840935237237,435.9779537354565,149.5533007103465,286.42465302511
D:\Obsidian\Web Clipper\001_inbox\RTPLAN_57661.dcm,NewPlan,1,Beam1,18,288.0,-66.916631699,0.046866393027,1400.0,-150.0,150.0,-150.0,150.0,-4.0,-0.37036895800000025,0.002284242968999997,41.7072,17→18,0.09259223950000006,0.006167479535366448,14.149403957337015,395.43081793588084,167.47002863020708,227.96078930567376
D:\Obsidian\Web Clipper\001_inbox\RTPLAN_57661.dcm,NewPlan,1,Beam1,19,284.0,-67.287000656128,0.049291061402,1400.0,-150.0,150.0,-150.0,150.0,-4.0,-0.3703689571279938,0.002424668375000001,43.8885,18→19,0.09259223928199845,0.006546629592830787,5.889532473009547,340.52664936606635,230.31087880975304,110.21577055631333
D:\Obsidian\Web Clipper\001_inbox\RTPLAN_57661.dcm,NewPlan,1,Beam1,20,280.0,-67.657369614,0.051639967996,1400.0,-150.0,150.0,-150.0,150.0,-4.0,-0.3703689578720031,0.002348906594,43.58839999999999,19→20,0.09259223946800077,0.006342071990849097,0.8102730901754462,223.04866065084627,110.8940129215529,112.15464772929337
D:\Obsidian\Web Clipper\001_inbox\RTPLAN_57661.dcm,NewPlan,1,Beam1,21,276.0,-68.027738571167,0.053869907407,1400.0,-150.0,150.0,-150.0,150.0,-4.0,-0.3703689571670026,0.002229939410999998,44.5118,20→21,0.09259223929175064,0.0060208593831866395,2.493189513136326,411.22587909365257,202.84286397718995,208.38301511646262
D:\Obsidian\Web Clipper\001_inbox\RTPLAN_57661.dcm,NewPlan,1,Beam1,22,272.0,-68.398107529,0.055890617754,1400.0,-150.0,150.0,-150.0,150.0,-4.0,-0.3703689578329943,0.002020710347,37.3736,21→22,0.09259223945824857,0.005455938745036978,19.273213505162964,230.12538766392038,114.44398647230257,115.68140119161781
D:\Obsidian\Web Clipper\001_inbox\RTPLAN_57661.dcm,NewPlan,1,Beam1,23,268.0,-68.768476486,0.057856964497,1400.0,-150.0,150.0,-150.0,150.0,-4.0,-0.3703689569999966,0.0019663467430000026,38.0073,22→23,0.09259223924999915,0.005309156466372047,1.7109965293338645,251.6315102510086,124.10084358123032,127.53066666977826
D:\Obsidian\Web Clipper\001_inbox\RTPLAN_57661.dcm,NewPlan,1,Beam1,24,264.0,-69.138845444,0.059989518395,1400.0,-150.0,150.0,-150.0,150.0,-4.0,-0.37036895800000025,0.002132553897999996,43.623400000000004,23→24,0.09259223950000006,0.005757917481842511,15.163527824597004,346.49016130558084,183.9346914165521,162.55546988902876
D:\Obsidian\Web Clipper\001_inbox\RTPLAN_57661.dcm,NewPlan,1,Beam1,25,260.0,-69.509214401,0.062217368967,1400.0,-150.0,150.0,-150.0,150.0,-4.0,-0.3703689569999966,0.0022278505720000064,48.245900000000006,24→25,0.09259223924999915,0.006015219499079203,12.480797627971949,382.90601120763284,184.5586642943205,198.34734691331235
D:\Obsidian\Web Clipper\001_inbox\RTPLAN_57661.dcm,NewPlan,1,Beam1,26,256.0,-69.879583359,0.06431069534,1400.0,-150.0,150.0,-150.0,150.0,-4.0,-0.37036895800000025,0.0020933263729999985,75.366,25→26,0.09259223950000006,0.0056520027604473186,73.22454923449598,371.6574972786998,162.93455133461794,208.72294594408189
D:\Obsidian\Web Clipper\001_inbox\RTPLAN_57661.dcm,NewPlan,1,Beam1,27,252.0,-70.249952316,0.066242934086,1400.0,-150.0,150.0,-150.0,150.0,-4.0,-0.3703689570000108,0.0019322387460000007,68.7684,26→27,0.0925922392500027,0.005217064523039776,17.813587978432565,406.51355129635124,160.27747163485483,246.2360796614964
D:\Obsidian\Web Clipper\001_inbox\RTPLAN_57661.dcm,NewPlan,1,Beam1,28,248.0,-70.620321274,0.068185106323,1400.0,-150.0,150.0,-150.0,150.0,-4.0,-0.37036895800000025,0.001942172236999995,96.54180000000001,27→28,0.09259223950000006,0.005243885036931183,74.98846596101608,308.01906459990073,85.53470617804848,222.48435842185228
D:\Obsidian\Web Clipper\001_inbox\RTPLAN_57661.dcm,NewPlan,1,Beam1,29,244.0,-70.990690231,0.070102267361,1400.0,-150.0,150.0,-150.0,150.0,-4.0,-0.3703689569999966,0.0019171610380000065,91.23819999999999,28→29,0.09259223924999915,0.0051763545560866864,14.319774645692203,361.4287792483678,144.5369515674622,216.89182768090558
D:\Obsidian\Web Clipper\001_inbox\RTPLAN_57661.dcm,NewPlan,1,Beam1,30,240.0,-71.361059189,0.071963018018,1400.0,-150.0,150.0,-150.0,150.0,-4.0,-0.37036895800000025,0.0018607506569999904,96.52,29→30,0.09259223950000006,0.00502404593259673,14.260914382570908,154.53886931852418,68.34536062819816,86.193508690326
D:\Obsidian\Web Clipper\001_inbox\RTPLAN_57661.dcm,NewPlan,1,Beam1,31,236.0,-71.731428146,0.073780913649,1400.0,-150.0,150.0,-150.0,150.0,-4.0,-0.3703689569999966,0.0018178956310000022,52.5293,30→31,0.09259223924999915,0.004908336934404626,118.77534325858849,409.8307839552584,187.40015513773375,222.43062881752465
D:\Obsidian\Web Clipper\001_inbox\RTPLAN_57661.dcm,NewPlan,1,Beam1,32,232.0,-72.101797104,0.075678962559,1400.0,-150.0,150.0,-150.0,150.0,-4.0,-0.37036895800000025,0.0018980489100000053,38.633799999999994,31→32,0.09259223950000006,0.005124751599727762,37.517993071114766,434.5194069963064,194.31029098286353,240.20911601344284
D:\Obsidian\Web Clipper\001_inbox\RTPLAN_57661.dcm,NewPlan,1,Beam1,33,228.0,-72.472166061,0.077595163913,1400.0,-150.0,150.0,-150.0,150.0,-4.0,-0.3703689569999966,0.0019162013540000022,41.4347,32→33,0.09259223924999915,0.005173763399398562,7.562458859099337,408.46511874374335,170.622561112757,237.84255763098636
D:\Obsidian\Web Clipper\001_inbox\RTPLAN_57661.dcm,NewPlan,1,Beam1,34,224.0,-72.842535018921,0.079434731893,1400.0,-150.0,150.0,-150.0,150.0,-4.0,-0.3703689579210021,0.001839567979999998,43.416399999999996,33→34,0.09259223948025053,0.004966852487654673,5.350610405158965,499.6374454240042,225.2119088711297,274.4255365528745
D:\Obsidian\Web Clipper\001_inbox\RTPLAN_57661.dcm,NewPlan,1,Beam1,35,220.0,-73.212903976,0.081309891209,1400.0,-150.0,150.0,-150.0,150.0,-4.0,-0.37036895707900896,0.0018751593159999913,37.10979999999999,34→35,0.09259223926975224,0.00506294947284141,17.027884976479406,325.6406826079419,161.3315556229335,164.3091269850084
D:\Obsidian\Web Clipper\001_inbox\RTPLAN_57661.dcm,NewPlan,1,Beam1,36,216.0,-73.58327293396,0.083166017648,1400.0,-150.0,150.0,-150.0,150.0,-4.0,-0.3703689579599967,0.0018561264390000026,34.1214,35→36,0.09259223948999917,0.005011560496926099,8.068710770093121,337.33928644607056,155.5230230882941,181.81626335777648
D:\Obsidian\Web Clipper\001_inbox\RTPLAN_57661.dcm,NewPlan,1,Beam1,37,212.0,-73.953641891,0.085256392579,1400.0,-150.0,150.0,-150.0,150.0,-4.0,-0.37036895704000017,0.0020903749310000053,33.266799999999996,36→37,0.09259223926000004,0.005644033851288036,2.3074288051298733,391.6211044230014,185.00767598781144,206.61342843518992
D:\Obsidian\Web Clipper\001_inbox\RTPLAN_57661.dcm,NewPlan,1,Beam1,38,208.0,-74.324010849,0.08753343922,1400.0,-150.0,150.0,-150.0,150.0,-4.0,-0.37036895800000025,0.002277046640999994,33.3102,37→38,0.09259223950000006,0.006148049375671469,0.11718044685593064,205.31904296363828,102.98838273589864,102.33066022773964
D:\Obsidian\Web Clipper\001_inbox\RTPLAN_57661.dcm,NewPlan,1,Beam1,39,204.0,-74.694379807,0.089853289985,1400.0,-150.0,150.0,-150.0,150.0,-4.0,-0.37036895800000025,0.002319850765000006,36.9626,38→39,0.09259223950000006,0.006263620951192148,9.861517605911231,234.15677293343776,124.18184355504215,109.97492937839561
D:\Obsidian\Web Clipper\001_inbox\RTPLAN_57661.dcm,NewPlan,1,Beam1,40,200.0,-75.064748764,0.092096108994,1400.0,-150.0,150.0,-150.0,150.0,-4.0,-0.3703689569999966,0.002242819009000002,31.242700000000003,39→40,0.09259223924999915,0.0060556344332066215,15.443788935043093,415.3485250115101,266.1842957858936,149.16422922561654
D:\Obsidian\Web Clipper\001_inbox\RTPLAN_57661.dcm,NewPlan,1,Beam1,41,196.0,-75.435117722,0.094156718964,1400.0,-150.0,150.0,-150.0,150.0,-4.0,-0.37036895800000025,0.002060609970000002,32.6661,40→41,0.09259223950000006,0.005563668135492069,3.84319465563849,267.218129009613,141.86394098395246,125.35418802566053
D:\Obsidian\Web Clipper\001_inbox\RTPLAN_57661.dcm,NewPlan,1,Beam1,42,192.0,-75.805486679,0.09616075472134,1400.0,-150.0,150.0,-150.0,150.0,-4.0,-0.3703689569999966,0.0020040357573399975,36.868300000000005,41→42,0.09259223924999915,0.005410917193419145,11.345983297406978,275.4269710568667,147.4791527951963,127.94781826167042
D:\Obsidian\Web Clipper\001_inbox\RTPLAN_57661.dcm,NewPlan,1,Beam1,43,188.0,-76.175855637,0.098246177158,1400.0,-150.0,150.0,-150.0,150.0,-4.0,-0.37036895800000025,0.0020854224366600033,37.7765,42→43,0.09259223950000006,0.0056306620509486704,2.4521493510263164,380.3302003511858,217.0103575472973,163.31984280388846
D:\Obsidian\Web Clipper\001_inbox\RTPLAN_57661.dcm,NewPlan,1,Beam1,44,184.0,-76.546224594,0.10049517565982,1400.0,-150.0,150.0,-150.0,150.0,-4.0,-0.3703689569999966,0.0022489985018199904,37.6887,43→44,0.09259223924999915,0.006072319127491052,0.23706090464812427,295.93327931098986,153.51610583281285,142.417173478177
D:\Obsidian\Web Clipper\001_inbox\RTPLAN_57661.dcm,NewPlan,1,Beam1,45,180.0,-76.916593552,0.10277874912,1400.0,-150.0,150.0,-150.0,150.0,-4.0,-0.37036895800000025,0.0022835734601800023,27.821399999999997,44→45,0.09259223950000006,0.006165671854659053,26.641811595884324,503.0162382021224,248.90908918992054,254.10714901220186
D:\Obsidian\Web Clipper\001_inbox\RTPLAN_57661.dcm,NewPlan,1,Beam1,46,176.0,-77.286962509,0.10498215879,1400.0,-150.0,150.0,-150.0,150.0,-4.0,-0.3703689570000108,0.0022034096700000033,42.053599999999996,45→46,0.0925922392500027,0.005949228811851904,38.427086641604205,290.5119286225623,139.01273048647676,151.4991981360856
D:\Obsidian\Web Clipper\001_inbox\RTPLAN_57661.dcm,NewPlan,1,Beam1,47,172.0,-77.657331467,0.10713701202,1400.0,-150.0,150.0,-150.0,150.0,-4.0,-0.37036895800000025,0.0021548532300000034,42.1689,46→47,0.09259223950000006,0.005818125907841342,0.31131118715409395,312.9122932597389,179.6565251021927,133.25576815754619
D:\Obsidian\Web Clipper\001_inbox\RTPLAN_57661.dcm,NewPlan,1,Beam1,48,168.0,-78.027700424,0.1092522648,1400.0,-150.0,150.0,-150.0,150.0,-4.0,-0.3703689569999966,0.002115252779999993,32.5202,47→48,0.09259223924999915,0.005711204300526765,26.051589415470602,280.41605009569133,146.34298845947959,134.07306163621175
D:\Obsidian\Web Clipper\001_inbox\RTPLAN_57661.dcm,NewPlan,1,Beam1,49,164.0,-78.398069382,0.11112999912,1400.0,-150.0,150.0,-150.0,150.0,-4.0,-0.37036895800000025,0.0018777343200000046,35.2274,48→49,0.09259223950000006,0.005069901997564286,7.3094678739247865,309.98548209863725,148.00916441814752,161.97631768048973
D:\Obsidian\Web Clipper\001_inbox\RTPLAN_57661.dcm,NewPlan,1,Beam1,50,160.0,-78.768438339,0.11300861769,1400.0,-150.0,150.0,-150.0,150.0,-4.0,-0.3703689569999966,0.0018786185699999902,40.016799999999996,49→50,0.09259223924999915,0.005072289495363963,12.931429347627635,453.72809147177395,238.79593126915546,214.93216020261852
D:\Obsidian\Web Clipper\001_inbox\RTPLAN_57661.dcm,NewPlan,1,Beam1,51,156.0,-79.138807296753,0.11490353349,1400.0,-150.0,150.0,-150.0,150.0,-4.0,-0.3703689577530014,0.0018949158000000077,71.3801,50→51,0.09259223943825035,0.005116292173880633,84.68123297988745,360.76484598125637,175.61163979454193,185.1532061867144
D:\Obsidian\Web Clipper\001_inbox\RTPLAN_57661.dcm,NewPlan,1,Beam1,52,152.0,-79.509176254,0.11686453438,1400.0,-150.0,150.0,-150.0,150.0,-4.0,-0.3703689572469955,0.0019610008899999948,74.168,51→52,0.09259223931174887,0.0052947226046599315,7.527358720133729,290.1552570679755,115.69598143027851,174.459275637697
D:\Obsidian\Web Clipper\001_inbox\RTPLAN_57661.dcm,NewPlan,1,Beam1,53,148.0,-79.879545211792,0.11879073324,1400.0,-150.0,150.0,-150.0,150.0,-4.0,-0.3703689577920102,0.0019261988600000057,32.3967,52→53,0.09259223944800254,0.005200756757486436,112.78294014979977,555.479868578873,254.3326000147631,301.14726856411
D:\Obsidian\Web Clipper\001_inbox\RTPLAN_57661.dcm,NewPlan,1,Beam1,54,144.0,-80.249914169,0.12077314572,1400.0,-150.0,150.0,-150.0,150.0,-4.0,-0.3703689572079867,0.001982412480000001,36.5779,53→54,0.09259223930199667,0.005352534118799663,11.289283074693477,468.02005574851154,231.5450534690512,236.47500227946034
D:\Obsidian\Web Clipper\001_inbox\RTPLAN_57661.dcm,NewPlan,1,Beam1,55,140.0,-80.620283127,0.12253257703,1400.0,-150.0,150.0,-150.0,150.0,-4.0,-0.37036895800000025,0.0017594313100000036,48.2615,54→55,0.09259223950000006,0.004750482652490553,31.545840296907365,442.14639608106654,305.63495550833915,136.51144057272737
D:\Obsidian\Web Clipper\001_inbox\RTPLAN_57661.dcm,NewPlan,1,Beam1,56,136.0,-80.990652084,0.12433661662,1400.0,-150.0,150.0,-150.0,150.0,-4.0,-0.3703689570000108,0.0018040395900000006,42.929199999999994,55→56,0.0925922392500027,0.004870925480938587,14.397264941402332,240.187516579575,123.98420313611396,116.20331344346104
D:\Obsidian\Web Clipper\001_inbox\RTPLAN_57661.dcm,NewPlan,1,Beam1,57,132.0,-81.361021042,0.12616696131,1400.0,-150.0,150.0,-150.0,150.0,-4.0,-0.37036895800000025,0.0018303446899999853,32.28639999999999,56→57,0.09259223950000006,0.004941949508630214,28.735669580602362,225.73868083188535,105.75751329570113,119.9811675361842
D:\Obsidian\Web Clipper\001_inbox\RTPLAN_57661.dcm,NewPlan,1,Beam1,58,128.0,-81.731389999,0.1280395031,1400.0,-150.0,150.0,-150.0,150.0,-4.0,-0.3703689569999966,0.0018725417900000152,27.8948,57→58,0.09259223924999915,0.005055882126751871,11.857365248891616,286.4052129509358,159.2846778462606,127.12053510467517
D:\Obsidian\Web Clipper\001_inbox\RTPLAN_57661.dcm,NewPlan,1,Beam1,59,124.0,-82.101758957,0.12994421005,1400.0,-150.0,150.0,-150.0,150.0,-4.0,-0.37036895800000025,0.0019047069500000013,26.76,58→59,0.09259223950000006,0.005142728376280391,3.0639716841496143,296.11660921107733,170.33284954728833,125.78375966378901
D:\Obsidian\Web Clipper\001_inbox\RTPLAN_57661.dcm,NewPlan,1,Beam1,60,120.0,-82.472127914,0.13177639241,1400.0,-150.0,150.0,-150.0,150.0,-4.0,-0.3703689569999966,0.0018321823599999898,29.316,59→60,0.09259223924999915,0.004946911249908039,6.901226335769876,197.20821256626175,83.78644973747159,113.42176282879016
D:\Obsidian\Web Clipper\001_inbox\RTPLAN_57661.dcm,NewPlan,1,Beam1,61,116.0,-82.842496872,0.13381067214,1400.0,-150.0,150.0,-150.0,150.0,-4.0,-0.37036895800000025,0.002034279730000005,31.918400000000002,60→61,0.09259223950000006,0.005492576216390153,7.026506794881015,446.08814111251706,216.4422753809728,229.64586573154423
D:\Obsidian\Web Clipper\001_inbox\RTPLAN_57661.dcm,NewPlan,1,Beam1,62,112.0,-83.212865829,0.13573412636,1400.0,-150.0,150.0,-150.0,150.0,-4.0,-0.3703689569999966,0.0019234542200000093,33.936600000000006,61→62,0.09259223924999915,0.005193346212328554,5.449160794542568,331.2467140705886,152.1968807985182,179.0498332720704
D:\Obsidian\Web Clipper\001_inbox\RTPLAN_57661.dcm,NewPlan,1,Beam1,63,108.0,-83.583234787,0.13759619439,1400.0,-150.0,150.0,-150.0,150.0,-4.0,-0.37036895800000025,0.001862068029999997,41.2858,62→63,0.09259223950000006,0.005027602853260709,19.842915668974587,354.55212204906195,160.44244183120756,194.1096802178544
D:\Obsidian\Web Clipper\001_inbox\RTPLAN_57661.dcm,NewPlan,1,Beam1,64,104.0,-83.953603745,0.13934932642,1400.0,-150.0,150.0,-150.0,150.0,-4.0,-0.37036895800000025,0.001753132029999993,44.919900000000005,63→64,0.09259223950000006,0.004733474531631757,9.812107417490429,409.45494141547334,214.86762937621774,194.5873120392556
D:\Obsidian\Web Clipper\001_inbox\RTPLAN_57661.dcm,NewPlan,1,Beam1,65,100.0,-84.323972702,0.14110324652585,1400.0,-150.0,150.0,-150.0,150.0,-4.0,-0.3703689570000108,0.0017539201058499876,49.992399999999996,64→65,0.0925922392500027,0.004735602357326984,13.695802264550597,281.4871441830827,139.25789142203539,142.22925276104732
D:\Obsidian\Web Clipper\001_inbox\RTPLAN_57661.dcm,NewPlan,1,Beam1,66,96.0,-84.694341659546,0.14297108942,1400.0,-150.0,150.0,-150.0,150.0,-4.0,-0.37036895754599186,0.0018678428941500125,53.983,65→66,0.09259223938649797,0.0050431950521071045,10.774661101300461,219.85427866180845,114.34381617887377,105.51046248293468
D:\Obsidian\Web Clipper\001_inbox\RTPLAN_57661.dcm,NewPlan,1,Beam1,67,92.0,-85.064710617,0.14480795727,1400.0,-150.0,150.0,-150.0,150.0,-4.0,-0.370368957454005,0.0018368678500000069,44.933299999999996,66→67,0.09259223936350125,0.004959562115105507,24.434283213716302,338.92716296448515,180.48515852817235,158.4420044363128
D:\Obsidian\Web Clipper\001_inbox\RTPLAN_57661.dcm,NewPlan,1,Beam1,68,88.0,-85.435079574585,0.1466884222,1400.0,-150.0,150.0,-150.0,150.0,-4.0,-0.37036895758500066,0.001880464929999992,32.4055,67→68,0.09259223939625016,0.005077274678368314,33.82518902687688,312.6441825876431,118.81854323576874,193.82563935187437
D:\Obsidian\Web Clipper\001_inbox\RTPLAN_57661.dcm,NewPlan,1,Beam1,69,84.0,-85.805448532,0.14864367094,1400.0,-150.0,150.0,-150.0,150.0,-4.0,-0.3703689574149962,0.0019552487399999985,36.5974,68→69,0.09259223935374905,0.005279191738008307,11.31817317859876,338.2491904137308,150.89520566211777,187.353984751613
D:\Obsidian\Web Clipper\001_inbox\RTPLAN_57661.dcm,NewPlan,1,Beam1,70,80.0,-86.17581749,0.15059688327,1400.0,-150.0,150.0,-150.0,150.0,-4.0,-0.37036895800000025,0.0019532123300000093,42.820299999999996,69→70,0.09259223950000006,0.00527369340170244,16.801894072342833,435.12717931398527,213.79194527420395,221.33523403978134
D:\Obsidian\Web Clipper\001_inbox\RTPLAN_57661.dcm,NewPlan,1,Beam1,71,76.0,-86.546186447,0.15259599488,1400.0,-150.0,150.0,-150.0,150.0,-4.0,-0.3703689569999966,0.001999111609999993,39.092,70→71,0.09259223924999915,0.005397621944865134,10.06644841457388,226.29515356493755,110.77656273444202,115.51859083049551
D:\Obsidian\Web Clipper\001_inbox\RTPLAN_57661.dcm,NewPlan,1,Beam1,72,72.0,-86.916555405,0.1545924469,1400.0,-150.0,150.0,-150.0,150.0,-4.0,-0.37036895800000025,0.0019964520200000113,35.66859999999999,71→72,0.09259223950000006,0.005390441009907774,9.243215248077043,177.02941508397134,88.7355683842164,88.29384669975494
D:\Obsidian\Web Clipper\001_inbox\RTPLAN_57661.dcm,NewPlan,1,Beam1,73,68.0,-87.286924362,0.15664971619,1400.0,-150.0,150.0,-150.0,150.0,-4.0,-0.3703689569999966,0.0020572692899999967,35.796,72→73,0.09259223924999915,0.005554648280093343,0.3439813126671137,245.40960650760164,116.96822636244968,128.44138014515195
D:\Obsidian\Web Clipper\001_inbox\RTPLAN_57661.dcm,NewPlan,1,Beam1,74,64.0,-87.65729332,0.15867127801,1400.0,-150.0,150.0,-150.0,150.0,-4.0,-0.37036895800000025,0.0020215618199999896,31.2892,73→74,0.09259223950000006,0.005458237728443722,12.168406403000965,291.51444166117165,139.17662073612541,152.33782092504623
D:\Obsidian\Web Clipper\001_inbox\RTPLAN_57661.dcm,NewPlan,1,Beam1,75,60.0,-88.027662277,0.16070172601,1400.0,-150.0,150.0,-150.0,150.0,-4.0,-0.3703689570000108,0.0020304479999999903,30.408499999999993,74→75,0.0925922392500027,0.005482230520739703,2.3778990743006094,247.32985383544798,127.03818479041327,120.2916690450347
D:\Obsidian\Web Clipper\001_inbox\RTPLAN_57661.dcm,NewPlan,1,Beam1,76,56.0,-88.398031235,0.16276042424,1400.0,-150.0,150.0,-150.0,150.0,-4.0,-0.37036895800000025,0.0020586982300000167,30.382399999999997,75→76,0.09259223950000006,0.005558506417808415,0.07047026873131197,284.356984366924,169.86547776501277,114.49150660191121
D:\Obsidian\Web Clipper\001_inbox\RTPLAN_57661.dcm,NewPlan,1,Beam1,77,52.0,-88.768400192,0.16479528263,1400.0,-150.0,150.0,-150.0,150.0,-4.0,-0.3703689569999966,0.002034858390000005,35.1082,76→77,0.09259223924999915,0.005494138619182448,12.759708692324457,249.95669385974168,129.36505366998247,120.59164018975922
D:\Obsidian\Web Clipper\001_inbox\RTPLAN_57661.dcm,NewPlan,1,Beam1,78,48.0,-89.13876915,0.16678614389,1400.0,-150.0,150.0,-150.0,150.0,-4.0,-0.37036895800000025,0.0019908612599999764,37.5017,77→78,0.09259223950000006,0.005375345900343989,6.462474644000811,414.03766889124626,212.06690869594945,201.9707601952968
D:\Obsidian\Web Clipper\001_inbox\RTPLAN_57661.dcm,NewPlan,1,Beam1,79,44.0,-89.509138107,0.16880621186,1400.0,-150.0,150.0,-150.0,150.0,-4.0,-0.3703689569999966,0.0020200679700000113,37.3224,78→79,0.09259223924999915,0.005454204332789234,0.4841118474192194,330.10406971014345,199.39900092652928,130.7050687836142
D:\Obsidian\Web Clipper\001_inbox\RTPLAN_57661.dcm,NewPlan,1,Beam1,80,40.0,-89.879507065,0.17089432589,1400.0,-150.0,150.0,-150.0,150.0,-4.0,-0.37036895800000025,0.0020881140300000045,40.82769999999999,79→80,0.09259223950000006,0.0056379293806799085,9.464346091337354,231.07012116279986,123.04540922136344,108.02471194143641
D:\Obsidian\Web Clipper\001_inbox\RTPLAN_57661.dcm,NewPlan,1,Beam1,81,36.0,-90.249876022,0.17298256199,1400.0,-150.0,150.0,-150.0,150.0,-4.0,-0.3703689569999966,0.0020882361000000016,42.2757,80→81,0.09259223924999915,0.005638258986160173,3.9096149194815504,259.72425113371713,121.11571218967038,138.60853894404676
D:\Obsidian\Web Clipper\001_inbox\RTPLAN_57661.dcm,NewPlan,1,Beam1,82,32.0,-90.62024498,0.17511575797,1400.0,-150.0,150.0,-150.0,150.0,-4.0,-0.37036895800000025,0.002133195980000002,50.9895,81→82,0.09259223950000006,0.005759651109853545,23.5273497191954,301.9478214478221,135.52593681460735,166.42188463321475
D:\Obsidian\Web Clipper\001_inbox\RTPLAN_57661.dcm,NewPlan,1,Beam1,83,28.0,-90.990613937378,0.17737765009,1400.0,-150.0,150.0,-150.0,150.0,-4.0,-0.37036895737800535,0.0022618921199999975,42.56720000000001,82→83,0.09259223934450134,0.00610713202319348,22.740296756037356,261.74817859008033,118.5012920918366,143.24688649824375
D:\Obsidian\Web Clipper\001_inbox\RTPLAN_57661.dcm,NewPlan,1,Beam1,84,24.0,-91.360982895,0.17969985533,1400.0,-150.0,150.0,-150.0,150.0,-4.0,-0.3703689576220057,0.002322205239999986,40.2632,83→84,0.09259223940550143,0.006269978064333355,6.220823728838109,327.89303072192587,195.22100465501867,132.6720260669072
D:\Obsidian\Web Clipper\001_inbox\RTPLAN_57661.dcm,NewPlan,1,Beam1,85,20.0,-91.731351852417,0.18229368032,1400.0,-150.0,150.0,-150.0,150.0,-4.0,-0.37036895741699993,0.002593824990000021,37.4381,84→85,0.09259223935424998,0.007003354190614908,7.627799099856005,251.3180387718088,135.8850383979021,115.43300037390671
D:\Obsidian\Web Clipper\001_inbox\RTPLAN_57661.dcm,NewPlan,1,Beam1,86,16.0,-92.10172081,0.18491559018,1400.0,-150.0,150.0,-150.0,150.0,-4.0,-0.3703689575829969,0.0026219098599999935,42.3705,85→86,0.09259223939574923,0.007079183625729332,13.317530800066274,425.09016151743447,209.41792883011516,215.67223268731928
D:\Obsidian\Web Clipper\001_inbox\RTPLAN_57661.dcm,NewPlan,1,Beam1,87,12.0,-92.472089767,0.18752028395585,1400.0,-150.0,150.0,-150.0,150.0,-4.0,-0.3703689569999966,0.0026046937758499866,53.98309999999999,86→87,0.09259223924999915,0.007032700032281621,31.354139650532588,283.81806307811314,150.66921496879263,133.1488481093205
D:\Obsidian\Web Clipper\001_inbox\RTPLAN_57661.dcm,NewPlan,1,Beam1,88,8.0,-92.842458725,0.19009060014,1400.0,-150.0,150.0,-150.0,150.0,-4.0,-0.37036895800000025,0.0025703161841500177,34.4825,87→88,0.09259223950000006,0.006939880161744052,52.65182078245331,476.0909255251351,323.5622138721462,152.52871165298893
D:\Obsidian\Web Clipper\001_inbox\RTPLAN_57661.dcm,NewPlan,1,Beam1,89,4.0,-93.212827682,0.19253933573,1400.0,-150.0,150.0,-150.0,150.0,-4.0,-0.3703689569999966,0.0024487355900000007,42.06270000000001,88→89,0.09259223924999915,0.006611611323570034,20.466618102661542,373.10767381619746,209.8129406671648,163.29473314903268
D:\Obsidian\Web Clipper\001_inbox\RTPLAN_57661.dcm,NewPlan,1,Beam1,90,0.0,-93.58319664,0.19498929801,1400.0,-150.0,150.0,-150.0,150.0,-4.0,-0.37036895800000025,0.0024499622799999954,37.3515,89→90,0.09259223950000006,0.006614923381348806,12.7202885075482,308.03013464211523,144.29827026702375,163.73186437509148
D:\Obsidian\Web Clipper\001_inbox\RTPLAN_57661.dcm,NewPlan,1,Beam1,91,356.0,-93.953565598,0.19743348375,1400.0,-150.0,150.0,-150.0,150.0,-4.0,-0.37036895800000025,0.0024441857399999933,48.3116,90→91,0.09259223950000006,0.0065993266638722774,29.592382847592724,452.72800643297944,311.174026631033,141.55397980194647
D:\Obsidian\Web Clipper\001_inbox\RTPLAN_57661.dcm,NewPlan,1,Beam1,92,352.0,-94.323934555,0.19994453854,1400.0,-150.0,150.0,-150.0,150.0,-4.0,-0.3703689569999966,0.0025110547899999947,54.3964,91→92,0.09259223924999915,0.006779873805676477,16.42902269479366,308.1697260064942,167.9041907391838,140.2655352673104
D:\Obsidian\Web Clipper\001_inbox\RTPLAN_57661.dcm,NewPlan,1,Beam1,93,348.0,-94.694303513,0.20261646348,1400.0,-150.0,150.0,-150.0,150.0,-4.0,-0.37036895800000025,0.0026719249400000145,54.7034,92→93,0.09259223950000006,0.007214224848725072,0.8289031609393192,227.3705670549203,108.86846515900497,118.5021018959153
D:\Obsidian\Web Clipper\001_inbox\RTPLAN_57661.dcm,NewPlan,1,Beam1,94,344.0,-95.06467247,0.20527899978,1400.0,-150.0,150.0,-150.0,150.0,-4.0,-0.3703689570000108,0.00266253629999999,56.4311,93→94,0.0925922392500027,0.0071888754434673435,4.664807801372911,356.159979142086,195.63113654797445,160.52884259411155
D:\Obsidian\Web Clipper\001_inbox\RTPLAN_57661.dcm,NewPlan,1,Beam1,95,340.0,-95.435041428,0.20781276265,1400.0,-150.0,150.0,-150.0,150.0,-4.0,-0.37036895800000025,0.0025337628700000114,50.2352,94→95,0.09259223950000006,0.006841185837178098,16.72899379434493,427.21263913267774,249.67265210169137,177.5399870309864
D:\Obsidian\Web Clipper\001_inbox\RTPLAN_57661.dcm,NewPlan,1,Beam1,96,336.0,-95.805410385,0.21030902504,1400.0,-150.0,150.0,-150.0,150.0,-4.0,-0.3703689569999966,0.0024962623900000036,44.4879,95→96,0.09259223924999915,0.00673993417326287,15.517769217359241,245.28027601406353,122.31235675618574,122.96791925787781
D:\Obsidian\Web Clipper\001_inbox\RTPLAN_57661.dcm,NewPlan,1,Beam1,97,332.0,-96.175779343,0.21280072157,1400.0,-150.0,150.0,-150.0,150.0,-4.0,-0.37036895800000025,0.002491696529999976,41.29809999999999,96→97,0.09259223950000006,0.006727606286053742,8.612492842880235,315.0647414678849,148.78595738036978,166.2787840875151
D:\Obsidian\Web Clipper\001_inbox\RTPLAN_57661.dcm,NewPlan,1,Beam1,98,328.0,-96.546148300171,0.21518185931,1400.0,-150.0,150.0,-150.0,150.0,-4.0,-0.3703689571709958,0.002381137740000011,47.8144,97→98,0.09259223929274896,0.006429096429106672,17.59407713263478,360.6087859526991,152.48281181925861,208.12597413344048
D:\Obsidian\Web Clipper\001_inbox\RTPLAN_57661.dcm,NewPlan,1,Beam1,99,324.0,-96.916517258,0.21738833351,1400.0,-150.0,150.0,-150.0,150.0,-4.0,-0.37036895782900103,0.0022064742000000026,50.4446,98→99,0.09259223945725026,0.005957503061092743,7.101567084394699,340.2858078030085,132.2035742061479,208.0822335968606
D:\Obsidian\Web Clipper\001_inbox\RTPLAN_57661.dcm,NewPlan,1,Beam1,100,320.0,-97.28688621521,0.21955166295,1400.0,-150.0,150.0,-150.0,150.0,-4.0,-0.3703689572100046,0.0021633294400000003,49.7499,99→100,0.09259223930250116,0.005841011774573107,1.8756971567843885,271.2395249233549,92.29175214222478,178.9477727811301
D:\Obsidian\Web Clipper\001_inbox\RTPLAN_57661.dcm,NewPlan,1,Beam1,101,316.0,-97.657255173,0.22173594982,1400.0,-150.0,150.0,-150.0,150.0,-4.0,-0.37036895778999224,0.002184286869999996,44.8558,100→101,0.09259223944749806,0.005897597042240612,13.214120398219395,346.7126423505837,142.2549025555069,204.45773979507678
D:\Obsidian\Web Clipper\001_inbox\RTPLAN_57661.dcm,NewPlan,1,Beam1,102,312.0,-98.02762413,0.22400627578,1400.0,-150.0,150.0,-150.0,150.0,-4.0,-0.3703689570000108,0.0022703259600000136,33.5005,101→102,0.0925922392500027,0.006129903484324544,30.659426999438477,614.5509651879203,302.7383852799432,311.81257990797707
D:\Obsidian\Web Clipper\001_inbox\RTPLAN_57661.dcm,NewPlan,1,Beam1,103,308.0,-98.397993088,0.22614663806,1400.0,-150.0,150.0,-150.0,150.0,-4.0,-0.37036895800000025,0.0021403622799999744,35.3266,102→103,0.09259223950000006,0.0057790001936392655,4.930488801925985,305.47268488953637,173.4240913354298,132.04859355410656
D:\Obsidian\Web Clipper\001_inbox\RTPLAN_57661.dcm,NewPlan,1,Beam1,104,304.0,-98.768362045,0.22825335946,1400.0,-150.0,150.0,-150.0,150.0,-4.0,-0.3703689569999966,0.002106721400000011,34.255100000000006,103→104,0.09259223924999915,0.0056881694866236605,2.893061040210244,232.88506871271292,101.6958880816795,131.18918063103342
D:\Obsidian\Web Clipper\001_inbox\RTPLAN_57661.dcm,NewPlan,1,Beam1,105,300.0,-99.138731003,0.23031659579,1400.0,-150.0,150.0,-150.0,150.0,-4.0,-0.37036895800000025,0.0020632363299999956,32.2508,104→105,0.09259223950000006,0.005570759334533631,5.411630636712287,233.20393929990198,105.35899177597916,127.84494752392281
D:\Obsidian\Web Clipper\001_inbox\RTPLAN_57661.dcm,NewPlan,1,Beam1,106,296.0,-99.50909996,0.23228680322,1400.0,-150.0,150.0,-150.0,150.0,-4.0,-0.3703689569999966,0.0019702074300000094,34.6708,105→106,0.09259223924999915,0.00531958036105069,6.534024934492617,295.40461729356275,136.8127620911827,158.5918552023801
D:\Obsidian\Web Clipper\001_inbox\RTPLAN_57661.dcm,NewPlan,1,Beam1,107,292.0,-99.879468918,0.23424412784,1400.0,-150.0,150.0,-150.0,150.0,-4.0,-0.37036895800000025,0.001957324620000006,37.086200000000005,106→107,0.09259223950000006,0.0052847966270434706,6.521604869488019,214.63407848559476,111.66027580529568,102.97380268029907
D:\Obsidian\Web Clipper\001_inbox\RTPLAN_57661.dcm,NewPlan,1,Beam1,108,288.0,-100.24983788,0.23618666340501,1400.0,-150.0,150.0,-150.0,150.0,-4.0,-0.3703689620000006,0.0019425355650099785,35.6567,107→108,0.09259224050000014,0.00524486596965427,3.859664676760906,164.88719700005504,99.30826762961834,65.57892937043671
D:\Obsidian\Web Clipper\001_inbox\RTPLAN_57661.dcm,NewPlan,1,Beam1,109,284.0,-100.62020683,0.23826144794,1400.0,-150.0,150.0,-150.0,150.0,-4.0,-0.3703689499999996,0.0020747845349900207,36.085100000000004,108→109,0.0925922374999999,0.0056019397279119185,1.1566844358848223,307.96993106468597,144.77698521973846,163.19294584494747
D:\Obsidian\Web Clipper\001_inbox\RTPLAN_57661.dcm,NewPlan,1,Beam1,110,280.0,-100.99057579,0.24035860314,1400.0,-150.0,150.0,-150.0,150.0,-4.0,-0.3703689599999933,0.0020971551999999782,41.1994,109→110,0.09259223999999833,0.005662340602193057,13.808662583387347,421.344164478586,201.0870457394738,220.25711873911214
D:\Obsidian\Web Clipper\001_inbox\RTPLAN_57661.dcm,NewPlan,1,Beam1,111,276.0,-101.36094475,0.24246153,1400.0,-150.0,150.0,-150.0,150.0,-4.0,-0.3703689600000075,0.0021029268600000206,49.0876,110→111,0.09259224000000188,0.005677924143535079,21.298221103625544,221.28528265435182,87.85455455014191,133.43072810420992
D:\Obsidian\Web Clipper\001_inbox\RTPLAN_57661.dcm,NewPlan,1,Beam1,112,272.0,-101.73131371,0.24448756822,1400.0,-150.0,150.0,-150.0,150.0,-4.0,-0.3703689599999933,0.0020260382199999982,50.22709999999999,111→112,0.09259223999999833,0.005470324024993981,3.0766617159278455,351.65500910228104,176.35765156994037,175.29735753234064
D:\Obsidian\Web Clipper\001_inbox\RTPLAN_57661.dcm,NewPlan,1,Beam1,113,268.0,-102.10168266,0.2464167208,1400.0,-150.0,150.0,-150.0,150.0,-4.0,-0.3703689499999996,0.001929152579999982,63.68919999999999,112→113,0.0925922374999999,0.005208731941486953,36.34780939384906,315.20865882520695,159.70939248552034,155.49926633968659
D:\Obsidian\Web Clipper\001_inbox\RTPLAN_57661.dcm,NewPlan,1,Beam1,114,264.0,-102.47205162,0.24830265837,1400.0,-150.0,150.0,-150.0,150.0,-4.0,-0.3703689600000075,0.0018859375700000236,62.6418,113→114,0.09259224000000188,0.00509205082952952,2.8279907689887613,244.7516120141336,102.07226869119711,142.6793433229365
D:\Obsidian\Web Clipper\001_inbox\RTPLAN_57661.dcm,NewPlan,1,Beam1,115,260.0,-102.84242058,0.25016749832,1400.0,-150.0,150.0,-150.0,150.0,-4.0,-0.3703689599999933,0.0018648399500000024,55.3679,114→115,0.09259223999999833,0.005035087038611541,19.639604787615397,338.222457951126,133.70909916425202,204.51335878687397
D:\Obsidian\Web Clipper\001_inbox\RTPLAN_57661.dcm,NewPlan,1,Beam1,116,256.0,-103.21278954,0.25215393912,1400.0,-150.0,150.0,-150.0,150.0,-4.0,-0.3703689600000075,0.001986440799999989,48.2072,115→116,0.09259224000000188,0.005363410583867365,19.333963623733084,380.97118073824856,171.63587358940316,209.33530714884537
D:\Obsidian\Web Clipper\001_inbox\RTPLAN_57661.dcm,NewPlan,1,Beam1,117,252.0,-103.58315849,0.25430002978,1400.0,-150.0,150.0,-150.0,150.0,-4.0,-0.3703689499999996,0.0021460906599999885,45.7163,116→117,0.0925922374999999,0.005794467003780935,6.72545579212298,273.6892495982725,118.85013579027088,154.83911380800163
D:\Obsidian\Web Clipper\001_inbox\RTPLAN_57661.dcm,NewPlan,1,Beam1,118,248.0,-103.95352745,0.25661388576,1400.0,-150.0,150.0,-150.0,150.0,-4.0,-0.3703689599999933,0.0023138559800000014,42.6376,117→118,0.09259223999999833,0.006247434936232353,8.312521654082603,339.7981839514906,141.84855015928156,197.94963379220903
D:\Obsidian\Web Clipper\001_inbox\RTPLAN_57661.dcm,NewPlan,1,Beam1,119,244.0,-104.32389641,0.25879309684,1400.0,-150.0,150.0,-150.0,150.0,-4.0,-0.3703689600000075,0.002179211080000021,37.8444,118→119,0.09259224000000188,0.005883892321861898,12.94168928195252,227.55713653757135,116.43578338746079,111.12135315011056
D:\Obsidian\Web Clipper\001_inbox\RTPLAN_57661.dcm,NewPlan,1,Beam1,120,240.0,-104.69426537,0.26074739733,1400.0,-150.0,150.0,-150.0,150.0,-4.0,-0.3703689599999933,0.001954300490000005,40.32299999999999,119→120,0.09259223999999833,0.005276631416412542,6.692245484070906,230.24121675855758,117.38240699220795,112.85880976634962
D:\Obsidian\Web Clipper\001_inbox\RTPLAN_57661.dcm,NewPlan,1,Beam1,121,236.0,-105.06463432312,0.26244952807,1400.0,-150.0,150.0,-150.0,150.0,-4.0,-0.37036895312000695,0.001702130739999974,42.564400000000006,120→121,0.09259223828000174,0.004595770584065262,6.051803157684641,293.70901389985806,133.50417086385363,160.20484303600446
D:\Obsidian\Web Clipper\001_inbox\RTPLAN_57661.dcm,NewPlan,1,Beam1,122,232.0,-105.43500328064,0.26413675759,1400.0,-150.0,150.0,-150.0,150.0,-4.0,-0.3703689575200002,0.0016872295199999998,48.825700000000005,121→122,0.09259223938000005,0.0045555370819890815,16.90557448962737,321.63440693748544,143.61138783378667,178.02301910369874
D:\Obsidian\Web Clipper\001_inbox\RTPLAN_57661.dcm,NewPlan,1,Beam1,123,228.0,-105.80537224,0.26577823292,1400.0,-150.0,150.0,-150.0,150.0,-4.0,-0.37036895935999326,0.0016414753300000307,50.2355,122→123,0.09259223983999831,0.00443200027571571,3.8064745016325516,315.6039323651438,130.7722982068885,184.8316341582553
D:\Obsidian\Web Clipper\001_inbox\RTPLAN_57661.dcm,NewPlan,1,Beam1,124,224.0,-106.1757412,0.26748211218,1400.0,-150.0,150.0,-150.0,150.0,-4.0,-0.3703689600000075,0.0017038792599999852,59.920100000000005,123→124,0.09259224000000188,0.004600491520671578,26.148519573562012,291.8811014832285,109.81130816145924,182.06979332176928
D:\Obsidian\Web Clipper\001_inbox\RTPLAN_57661.dcm,NewPlan,1,Beam1,125,220.0,-106.54611015,0.26921464402,1400.0,-150.0,150.0,-150.0,150.0,-4.0,-0.3703689499999996,0.0017325318399999956,68.4309,124→125,0.0925922374999999,0.004677853907569729,22.979248125416557,211.79367222873324,109.27184905754126,102.52182317119198
D:\Obsidian\Web Clipper\001_inbox\RTPLAN_57661.dcm,NewPlan,1,Beam1,126,216.0,-106.91647911,0.27083928991208,1400.0,-150.0,150.0,-150.0,150.0,-4.0,-0.3703689599999933,0.001624645892080001,59.9542,125→126,0.09259223999999833,0.004386560612638895,22.887177154371003,468.63592456560923,271.7870849652245,196.84883960038476
D:\Obsidian\Web Clipper\001_inbox\RTPLAN_57661.dcm,NewPlan,1,Beam1,127,212.0,-107.28684807,0.27237509005446,1400.0,-150.0,150.0,-150.0,150.0,-4.0,-0.3703689600000075,0.0015358001423799728,56.38449999999999,126→127,0.09259224000000188,0.004146676174968717,9.638226702367119,241.71383044626145,88.4369467678915,153.27688367836996
D:\Obsidian\Web Clipper\001_inbox\RTPLAN_57661.dcm,NewPlan,1,Beam1,128,208.0,-107.65721703,0.27393246059,1400.0,-150.0,150.0,-150.0,150.0,-4.0,-0.3703689599999933,0.0015573705355400036,50.2704,127→128,0.09259223999999833,0.004204916458279959,16.508132862970204,258.0980328373137,105.7753327924692,152.3227000448445
D:\Obsidian\Web Clipper\001_inbox\RTPLAN_57661.dcm,NewPlan,1,Beam1,129,204.0,-108.02758598,0.27548597029,1400.0,-150.0,150.0,-150.0,150.0,-4.0,-0.3703689499999996,0.0015535097000000109,43.5529,128→129,0.0925922374999999,0.004194492275877912,18.137319556620522,261.71470367588887,118.53909459742789,143.17560907846098
D:\Obsidian\Web Clipper\001_inbox\RTPLAN_57661.dcm,NewPlan,1,Beam1,130,200.0,-108.39795494,0.27701617083,1400.0,-150.0,150.0,-150.0,150.0,-4.0,-0.3703689600000075,0.0015302005400000263,49.2537,129→130,0.09259224000000188,0.0041315571909697705,15.39221861356817,292.52532393642764,142.28460181976084,150.24072211666677
D:\Obsidian\Web Clipper\001_inbox\RTPLAN_57661.dcm,NewPlan,1,Beam1,131,196.0,-108.7683239,0.27857113400646,1400.0,-150.0,150.0,-150.0,150.0,-4.0,-0.3703689599999933,0.001554963176459978,49.3534,130→131,0.09259223999999833,0.0041984165640122926,0.2691910250794245,215.52697072670844,105.70945254159719,109.81751818511124
D:\Obsidian\Web Clipper\001_inbox\RTPLAN_57661.dcm,NewPlan,1,Beam1,132,192.0,-109.13869286,0.2802647393141,1400.0,-150.0,150.0,-150.0,150.0,-4.0,-0.3703689600000075,0.0016936053076400115,49.677099999999996,131→132,0.09259224000000188,0.004572751743666578,0.8739933281665629,303.08344414174917,182.6224854264208,120.46095871532833
D:\Obsidian\Web Clipper\001_inbox\RTPLAN_57661.dcm,NewPlan,1,Beam1,133,188.0,-109.50906181,0.28216131586,1400.0,-150.0,150.0,-150.0,150.0,-4.0,-0.3703689499999996,0.001896576545899975,46.2042,132→133,0.0925922374999999,0.005120776312107095,9.376865960280956,362.62300065920795,172.2406805430101,190.38232011619786
D:\Obsidian\Web Clipper\001_inbox\RTPLAN_57661.dcm,NewPlan,1,Beam1,134,184.0,-109.87943077,0.28394755367793,1400.0,-150.0,150.0,-150.0,150.0,-4.0,-0.3703689599999933,0.0017862378179300253,52.58879999999999,133→134,0.09259223999999833,0.00482286047386384,17.238485644153624,488.52555030530436,222.07719566996508,266.4483546353393
D:\Obsidian\Web Clipper\001_inbox\RTPLAN_57661.dcm,NewPlan,1,Beam1,135,180.0,-110.24979973,0.28563297844,1400.0,-150.0,150.0,-150.0,150.0,-4.0,-0.3703689600000075,0.0016854247620700091,54.4449,134→135,0.09259224000000188,0.0045506641865181545,5.011489083750343,361.2697457151844,140.94566672109602,220.32407899408835
D:\Obsidian\Web Clipper\001_inbox\RTPLAN_57661.dcm,NewPlan,1,Beam1,136,176.0,-110.62016869,0.28720422315,1400.0,-150.0,150.0,-150.0,150.0,-4.0,-0.3703689599999933,0.001571244709999975,57.7276,135→136,0.09259223999999833,0.004242376871971138,8.86332375153702,390.83863831354176,157.03394798527677,233.80469032826497
D:\Obsidian\Web Clipper\001_inbox\RTPLAN_57661.dcm,NewPlan,1,Beam1,137,172.0,-110.99053764,0.28868301168,1400.0,-150.0,150.0,-150.0,150.0,-4.0,-0.3703689499999996,0.001478788529999997,58.57110000000001,136→137,0.0925922374999999,0.0039927443431745525,2.277458734054264,337.0074624236188,205.48779804570574,131.51966437791305
D:\Obsidian\Web Clipper\001_inbox\RTPLAN_57661.dcm,NewPlan,1,Beam1,138,168.0,-111.3609066,0.29021056986,1400.0,-150.0,150.0,-150.0,150.0,-4.0,-0.3703689600000075,0.0015275581799999993,56.3229,137→138,0.09259224000000188,0.004124422791801905,6.07016311518105,215.8968721352847,110.42502049847583,105.47185163680886
D:\Obsidian\Web Clipper\001_inbox\RTPLAN_57661.dcm,NewPlan,1,Beam1,139,164.0,-111.73127556,0.29169033499,1400.0,-150.0,150.0,-150.0,150.0,-4.0,-0.3703689599999933,0.0014797651300000325,54.6864,138→139,0.09259223999999833,0.003995381065411257,4.4185668259025475,296.5221491563493,115.8366511059695,180.68549805037983
D:\Obsidian\Web Clipper\001_inbox\RTPLAN_57661.dcm,NewPlan,1,Beam1,140,160.0,-112.10164452,0.29318385954,1400.0,-150.0,150.0,-150.0,150.0,-4.0,-0.3703689599999933,0.0014935245499999583,46.099999999999994,139→140,0.09259223999999833,0.004032531640880449,23.18336828226685,315.3355507977831,119.05506336168342,196.2804874360997
D:\Obsidian\Web Clipper\001_inbox\RTPLAN_57661.dcm,NewPlan,1,Beam1,141,156.0,-112.47201347,0.29471214118,1400.0,-150.0,150.0,-150.0,150.0,-4.0,-0.3703689499999996,0.0015282816400000176,45.0794,140→141,0.0925922374999999,0.004126376252652981,2.755630567843216,370.03047906688766,162.16802191436423,207.8624571525234
D:\Obsidian\Web Clipper\001_inbox\RTPLAN_57661.dcm,NewPlan,1,Beam1,142,152.0,-112.84238243103,0.29619586574,1400.0,-150.0,150.0,-150.0,150.0,-4.0,-0.37036896103001027,0.0014837245600000104,42.93999999999999,141→142,0.09259224025750257,0.004006071555979518,5.776401980474432,458.08212310278566,212.79212972064917,245.28999338213652
D:\Obsidian\Web Clipper\001_inbox\RTPLAN_57661.dcm,NewPlan,1,Beam1,143,148.0,-113.21275138855,0.29769422757,1400.0,-150.0,150.0,-150.0,150.0,-4.0,-0.3703689575200002,0.0014983618300000168,52.936299999999996,142→143,0.09259223938000005,0.004045592373705088,26.990112959075944,326.23684449438554,191.64673107401833,134.59011342036723
D:\Obsidian\Web Clipper\001_inbox\RTPLAN_57661.dcm,NewPlan,1,Beam1,144,144.0,-113.58312035,0.299212863,1400.0,-150.0,150.0,-150.0,150.0,-4.0,-0.37036896144999787,0.0015186354299999705,46.6315,143→144,0.09259224036249947,0.0041003312590085815,17.023024757033212,263.9100739363551,108.36356222420221,155.5465117121529
D:\Obsidian\Web Clipper\001_inbox\RTPLAN_57661.dcm,NewPlan,1,Beam1,145,140.0,-113.9534893,0.30069107468366,1400.0,-150.0,150.0,-150.0,150.0,-4.0,-0.3703689499999996,0.0014782116836600245,41.6478,144→145,0.0925922374999999,0.003991186852083648,13.456041603919582,329.99580553391456,140.2355678034027,189.7602377305119
D:\Obsidian\Web Clipper\001_inbox\RTPLAN_57661.dcm,NewPlan,1,Beam1,146,136.0,-114.32385826,0.3021472769,1400.0,-150.0,150.0,-150.0,150.0,-4.0,-0.3703689599999933,0.0014562022163399635,41.7781,145→146,0.09259223999999833,0.0039317609562636935,0.35181133969760253,369.57524734254855,179.21156243763298,190.36368490491557
D:\Obsidian\Web Clipper\001_inbox\RTPLAN_57661.dcm,NewPlan,1,Beam1,147,132.0,-114.69422722,0.30357002722,1400.0,-150.0,150.0,-150.0,150.0,-4.0,-0.3703689600000075,0.0014227503199999991,42.9127,146→147,0.09259224000000188,0.003841440492205314,3.0634316655477174,333.75664094528196,134.46672204927484,199.28991889600712
D:\Obsidian\Web Clipper\001_inbox\RTPLAN_57661.dcm,NewPlan,1,Beam1,148,128.0,-115.06459618,0.30505979443,1400.0,-150.0,150.0,-150.0,150.0,-4.0,-0.3703689599999933,0.0014897672099999926,44.626599999999996,147→148,0.09259223999999833,0.004022386784248927,4.627547621701415,267.9052801833118,117.55736765845819,150.34791252485363
D:\Obsidian\Web Clipper\001_inbox\RTPLAN_57661.dcm,NewPlan,1,Beam1,149,124.0,-115.43496513,0.30650200115,1400.0,-150.0,150.0,-150.0,150.0,-4.0,-0.3703689499999996,0.0014422067200000055,38.391799999999996,148→149,0.0925922374999999,0.003893973077386771,16.8340245584842,317.1915464295809,127.26795807261935,189.92358835696155
D:\Obsidian\Web Clipper\001_inbox\RTPLAN_57661.dcm,NewPlan,1,Beam1,150,120.0,-115.80533409,0.3079660846,1400.0,-150.0,150.0,-150.0,150.0,-4.0,-0.3703689600000075,0.0014640834500000421,43.2802,149→150,0.09259224000000188,0.003953040368177755,13.198730260764577,330.26093763364383,142.65855324376784,187.60238438987597
D:\Obsidian\Web Clipper\001_inbox\RTPLAN_57661.dcm,NewPlan,1,Beam1,151,116.0,-116.17570305,0.30950783807,1400.0,-150.0,150.0,-150.0,150.0,-4.0,-0.3703689599999933,0.0015417534699999624,50.368300000000005,150→151,0.09259223999999833,0.004162750220752814,19.137942877286832,436.8006433368577,205.25640161638105,231.54424172047666
D:\Obsidian\Web Clipper\001_inbox\RTPLAN_57661.dcm,NewPlan,1,Beam1,152,112.0,-116.54607201,0.31104930578523,1400.0,-150.0,150.0,-150.0,150.0,-4.0,-0.3703689600000075,0.001541467715230005,52.25339999999999,151→152,0.09259224000000188,0.004161978679935742,5.089789381917829,329.9061562826364,166.48533397614838,163.42082230648802
D:\Obsidian\Web Clipper\001_inbox\RTPLAN_57661.dcm,NewPlan,1,Beam1,153,108.0,-116.91644096,0.31258719218,1400.0,-150.0,150.0,-150.0,150.0,-4.0,-0.3703689499999996,0.0015378863947699828,42.6019,152→153,0.0925922374999999,0.0041523091899847014,26.059149936840015,291.61110832860084,134.1397544259584,157.47135390264242
D:\Obsidian\Web Clipper\001_inbox\RTPLAN_57661.dcm,NewPlan,1,Beam1,154,104.0,-117.28680992,0.31414689478,1400.0,-150.0,150.0,-150.0,150.0,-4.0,-0.3703689599999933,0.0015597026000000458,50.2456,153→154,0.09259223999999833,0.004211213056299518,20.63806858976557,293.9995295502138,142.57674293223965,151.42278661797417
D:\Obsidian\Web Clipper\001_inbox\RTPLAN_57661.dcm,NewPlan,1,Beam1,155,100.0,-117.65717888,0.31570370341,1400.0,-150.0,150.0,-150.0,150.0,-4.0,-0.3703689600000075,0.0015568086299999617,40.4665,154→155,0.09259224000000188,0.0042033993075443745,26.4036705451769,271.31647317312434,119.06721340794626,152.2492597651781
D:\Obsidian\Web Clipper\001_inbox\RTPLAN_57661.dcm,NewPlan,1,Beam1,156,96.0,-118.02754784,0.31755141018,1400.0,-150.0,150.0,-150.0,150.0,-4.0,-0.3703689599999933,0.0018477067700000127,45.752900000000004,155→156,0.09259223999999833,0.004988827276454394,14.273334352857475,244.35066048731952,107.61862981174426,136.73203067557526
D:\Obsidian\Web Clipper\001_inbox\RTPLAN_57661.dcm,NewPlan,1,Beam1,157,92.0,-118.39791679,0.31978837751,1400.0,-150.0,150.0,-150.0,150.0,-4.0,-0.3703689499999996,0.002236967330000006,50.026500000000006,156→157,0.0925922374999999,0.0060398349537670705,11.538764251160922,279.70541267025794,125.81913251637336,153.88628015388457
D:\Obsidian\Web Clipper\001_inbox\RTPLAN_57661.dcm,NewPlan,1,Beam1,158,88.0,-118.76828575,0.3220915866,1400.0,-150.0,150.0,-150.0,150.0,-4.0,-0.3703689600000075,0.00230320908999998,48.977,157→158,0.09259224000000188,0.006218688223764576,2.8336607905802573,280.0256263375794,125.06582625066385,154.95980008691558
D:\Obsidian\Web Clipper\001_inbox\RTPLAN_57661.dcm,NewPlan,1,Beam1,159,84.0,-119.13865471,0.32456401876,1400.0,-150.0,150.0,-150.0,150.0,-4.0,-0.3703689599999933,0.0024724321600000376,45.90539999999999,158→159,0.09259223999999833,0.00667559225265552,8.29335158108298,447.2310530558581,210.7954727091639,236.43558034669422
D:\Obsidian\Web Clipper\001_inbox\RTPLAN_57661.dcm,NewPlan,1,Beam1,160,80.0,-119.50902367,0.32703262179,1400.0,-150.0,150.0,-150.0,150.0,-4.0,-0.3703689600000075,0.0024686030299999606,49.400000000000006,159→160,0.09259224000000188,0.006665253562285324,9.435455930216024,286.61797144122943,144.48808021060648,142.12989123062292
D:\Obsidian\Web Clipper\001_inbox\RTPLAN_57661.dcm,NewPlan,1,Beam1,161,76.0,-119.87939262,0.32915187957,1400.0,-150.0,150.0,-150.0,150.0,-4.0,-0.3703689499999996,0.00211925778000005,33.62800000000001,160→161,0.0925922374999999,0.005722017949938979,42.584563311800345,269.75614451481454,133.47582187977707,136.28032263503744
D:\Obsidian\Web Clipper\001_inbox\RTPLAN_57661.dcm,NewPlan,1,Beam1,162,72.0,-120.24976158,0.33094421337,1400.0,-150.0,150.0,-150.0,150.0,-4.0,-0.3703689599999933,0.00179233379999999,34.9052,161→162,0.09259223999999833,0.004839319688129433,3.44845313170957,296.80187022152717,139.36589070531434,157.43597951621283
D:\Obsidian\Web Clipper\001_inbox\RTPLAN_57661.dcm,NewPlan,1,Beam1,163,68.0,-120.62013053894,0.33260182484,1400.0,-150.0,150.0,-150.0,150.0,-4.0,-0.37036895894000565,0.0016576114699999867,38.336800000000004,162→163,0.09259223973500141,0.00447556802477201,9.26535530899033,320.5201114579081,161.74654639376482,158.77356506414327
D:\Obsidian\Web Clipper\001_inbox\RTPLAN_57661.dcm,NewPlan,1,Beam1,164,64.0,-120.99049949646,0.33440455528,1400.0,-150.0,150.0,-150.0,150.0,-4.0,-0.3703689575200002,0.001802730440000011,40.922000000000004,163→164,0.09259223938000005,0.004867390755616073,6.980066626832238,276.3414641586778,137.6662351548365,138.67522900384128
D:\Obsidian\Web Clipper\001_inbox\RTPLAN_57661.dcm,NewPlan,1,Beam1,165,60.0,-121.36086845398,0.33641502124,1400.0,-150.0,150.0,-150.0,150.0,-4.0,-0.3703689575200002,0.0020104659599999852,51.3306,164→165,0.09259223938000005,0.005428278799233379,28.103327205649844,340.55391910967285,140.6203164237585,199.9336026859143
D:\Obsidian\Web Clipper\001_inbox\RTPLAN_57661.dcm,NewPlan,1,Beam1,166,56.0,-121.73123741,0.33837550442,1400.0,-150.0,150.0,-150.0,150.0,-4.0,-0.37036895602000186,0.0019604831799999722,56.9162,165→166,0.09259223900500047,0.005293324799862805,15.081177591186544,381.7960379820909,193.95524066579847,187.84079731629245
D:\Obsidian\Web Clipper\001_inbox\RTPLAN_57661.dcm,NewPlan,1,Beam1,167,52.0,-122.10160637,0.34059262047,1400.0,-150.0,150.0,-150.0,150.0,-4.0,-0.3703689599999933,0.002217116050000023,49.933699999999995,166→167,0.09259223999999833,0.005986236130587356,18.852821791545747,490.60779823450457,210.75416255185482,279.8536356826497
D:\Obsidian\Web Clipper\001_inbox\RTPLAN_57661.dcm,NewPlan,1,Beam1,168,48.0,-122.47197533,0.34314603269,1400.0,-150.0,150.0,-150.0,150.0,-4.0,-0.3703689600000075,0.0025534122199999953,67.7757,167→168,0.09259224000000188,0.006894239247262901,48.173583445004795,344.2534709172104,160.15920988626806,184.0942610309423
D:\Obsidian\Web Clipper\001_inbox\RTPLAN_57661.dcm,NewPlan,1,Beam1,169,44.0,-122.84234428,0.34579513159,1400.0,-150.0,150.0,-150.0,150.0,-4.0,-0.3703689499999996,0.0026490989000000353,43.8016,168→169,0.0925922374999999,0.007152594460199858,64.73031824077053,421.37819598538204,198.3754307697772,223.00276521560485
D:\Obsidian\Web Clipper\001_inbox\RTPLAN_57661.dcm,NewPlan,1,Beam1,170,40.0,-123.21271324,0.34835665685,1400.0,-150.0,150.0,-150.0,150.0,-4.0,-0.3703689599999933,0.002561525259999975,47.720800000000004,169→170,0.09259223999999833,0.00691614453867846,10.581880295800367,490.0421460805011,233.60893958284615,256.43320649765496
D:\Obsidian\Web Clipper\001_inbox\RTPLAN_57661.dcm,NewPlan,1,Beam1,171,36.0,-123.5830822,0.35097584082,1400.0,-150.0,150.0,-150.0,150.0,-4.0,-0.3703689600000075,0.002619183969999994,54.7787,170→171,0.09259224000000188,0.007071823648504294,19.056402566780577,416.9350476886531,192.41137270250334,224.52367498614979
D:\Obsidian\Web Clipper\001_inbox\RTPLAN_57661.dcm,NewPlan,1,Beam1,172,32.0,-123.95345116,0.35382167614,1400.0,-150.0,150.0,-150.0,150.0,-4.0,-0.3703689599999933,0.0028458353199999897,42.272999999999996,171→172,0.09259223999999833,0.007683784623851959,33.76551857909537,404.9421420196841,193.1622455618346,211.77989645784953
D:\Obsidian\Web Clipper\001_inbox\RTPLAN_57661.dcm,NewPlan,1,Beam1,173,28.0,-124.32382011,0.35655977365,1400.0,-150.0,150.0,-150.0,150.0,-4.0,-0.3703689499999996,0.002738097510000037,54.7474,172→173,0.0925922374999999,0.007392891628739504,33.6810091666702,635.8073483211815,285.98266674352726,349.82468157765425
D:\Obsidian\Web Clipper\001_inbox\RTPLAN_57661.dcm,NewPlan,1,Beam1,174,24.0,-124.69418907,0.35910077644,1400.0,-150.0,150.0,-150.0,150.0,-4.0,-0.3703689599999933,0.0025410027899999688,54.6304,173→174,0.09259223999999833,0.006860733658673812,0.3159012029517793,717.0328204609932,365.70910262026945,351.3237178407238
D:\Obsidian\Web Clipper\001_inbox\RTPLAN_57661.dcm,NewPlan,1,Beam1,175,20.0,-125.06455803,0.3619684734,1400.0,-150.0,150.0,-150.0,150.0,-4.0,-0.3703689600000075,0.002867696959999999,58.691100000000006,174→175,0.09259224000000188,0.007742811276625182,10.963931750651895,599.1987017486441,250.75400487124546,348.44469687739866
D:\Obsidian\Web Clipper\001_inbox\RTPLAN_57661.dcm,NewPlan,1,Beam1,176,16.0,-125.43492699,0.36505118723,1400.0,-150.0,150.0,-150.0,150.0,-4.0,-0.3703689599999933,0.003082713830000028,51.37329999999999,175→176,0.09259223999999833,0.008323359036351436,19.75813523897938,563.4999758079181,249.21256900146727,314.2874068064508
D:\Obsidian\Web Clipper\001_inbox\RTPLAN_57661.dcm,NewPlan,1,Beam1,177,12.0,-125.80529594,0.3681012947,1400.0,-150.0,150.0,-150.0,150.0,-4.0,-0.3703689499999996,0.0030501074700000075,61.418800000000005,176→177,0.0925922374999999,0.008235321751458946,27.122954016528713,573.2027482325402,240.97268413024392,332.23006410229624
D:\Obsidian\Web Clipper\001_inbox\RTPLAN_57661.dcm,NewPlan,1,Beam1,178,8.0,-126.1756649,0.37104816939,1400.0,-150.0,150.0,-150.0,150.0,-4.0,-0.3703689600000075,0.00294687468999999,62.9077,177→178,0.09259224000000188,0.007956591961702002,4.020045308332436,597.3548647273128,242.0200116121993,355.33485311511345
D:\Obsidian\Web Clipper\001_inbox\RTPLAN_57661.dcm,NewPlan,1,Beam1,179,4.0,-126.54603386,0.37385905225,1400.0,-150.0,150.0,-150.0,150.0,-4.0,-0.3703689599999933,0.0028108828599999747,104.48599999999999,178→179,0.09259223999999833,0.007589412622483335,112.26183749307918,701.6905520376349,391.0673291843966,310.62322285323825
D:\Obsidian\Web Clipper\001_inbox\RTPLAN_57661.dcm,NewPlan,1,Beam1,180,0.0,-126.91640282,0.37621241969,1400.0,-150.0,150.0,-150.0,150.0,-4.0,-0.3703689600000075,0.0023533674400000315,106.28949999999999,179→180,0.09259224000000188,0.0063541162844747675,4.8694685429361115,794.5544356632747,362.16371911943503,432.39071654383974
D:\Obsidian\Web Clipper\001_inbox\RTPLAN_57661.dcm,NewPlan,1,Beam1,181,356.0,-127.28677177,0.3784822197,1400.0,-150.0,150.0,-150.0,150.0,-4.0,-0.3703689499999996,0.0022698000099999893,82.5347,180→181,0.0925922374999999,0.006128483529734314,64.13820597001994,627.6403570007699,303.79004503482304,323.8503119659468
D:\Obsidian\Web Clipper\001_inbox\RTPLAN_57661.dcm,NewPlan,1,Beam1,182,352.0,-127.65714073,0.38130377749,1400.0,-150.0,150.0,-150.0,150.0,-4.0,-0.3703689599999933,0.0028215577899999844,87.1034,181→182,0.09259223999999833,0.00761823504323914,12.335536973724999,572.3176693856954,224.9845667412342,347.3331026444612
D:\Obsidian\Web Clipper\001_inbox\RTPLAN_57661.dcm,NewPlan,1,Beam1,183,348.0,-128.02750969,0.3845280721,1400.0,-150.0,150.0,-150.0,150.0,-4.0,-0.3703689599999933,0.0032242946100000114,73.8729,182→183,0.09259223999999833,0.00870562859803389,35.72248603122743,734.997878871936,358.1874139776789,376.8104648942571
D:\Obsidian\Web Clipper\001_inbox\RTPLAN_57661.dcm,NewPlan,1,Beam1,184,344.0,-128.39787865,0.38799156723896,1400.0,-150.0,150.0,-150.0,150.0,-4.0,-0.3703689600000075,0.0034634951389599933,57.77139999999999,183→184,0.09259224000000188,0.009351472485599017,43.47421554981195,683.1017912516072,326.15584200143974,356.9459492501675
D:\Obsidian\Web Clipper\001_inbox\RTPLAN_57661.dcm,NewPlan,1,Beam1,185,340.0,-128.76824760437,0.39128276351,1400.0,-150.0,150.0,-150.0,150.0,-4.0,-0.37036895437000794,0.00329119627104002,84.9655,184→185,0.09259223859250199,0.008886263905780914,73.42435071604955,603.7979084407543,303.1787591133285,300.6191493274259
D:\Obsidian\Web Clipper\001_inbox\RTPLAN_57661.dcm,NewPlan,1,Beam1,186,336.0,-129.13861656189,0.39425322932,1400.0,-150.0,150.0,-150.0,150.0,-4.0,-0.370368957519986,0.002970465809999989,81.1447,185→186,0.0925922393799965,0.008020288281961902,10.316199353164812,586.3323466796797,235.37447788208817,350.9578687975916
D:\Obsidian\Web Clipper\001_inbox\RTPLAN_57661.dcm,NewPlan,1,Beam1,187,332.0,-129.50898552,0.39664020532417,1400.0,-150.0,150.0,-150.0,150.0,-4.0,-0.3703689581100207,0.002386976004169983,58.7535,186→187,0.09259223952750517,0.006444859786172779,60.456470526745754,631.7241088290593,319.2899874855913,312.43412134346795
D:\Obsidian\Web Clipper\001_inbox\RTPLAN_57661.dcm,NewPlan,1,Beam1,188,328.0,-129.87935448,0.39952066788,1400.0,-150.0,150.0,-150.0,150.0,-4.0,-0.3703689599999791,0.002880462555830021,75.1815,187→188,0.09259223999999477,0.007777278516618087,44.35576890677049,621.4378764354685,237.9019559306616,383.53592050480694
D:\Obsidian\Web Clipper\001_inbox\RTPLAN_57661.dcm,NewPlan,1,Beam1,189,324.0,-130.24972343,0.40279794912,1400.0,-150.0,150.0,-150.0,150.0,-4.0,-0.3703689499999996,0.003277281239999985,80.99950000000001,188→189,0.0925922374999999,0.008848693282738709,15.708660242712082,467.89235436717945,215.72245729562394,252.16989707155554
D:\Obsidian\Web Clipper\001_inbox\RTPLAN_57661.dcm,NewPlan,1,Beam1,190,320.0,-130.62009239,0.40583863929,1400.0,-150.0,150.0,-150.0,150.0,-4.0,-0.3703689600000075,0.0030406901700000266,94.23140000000001,189→190,0.09259224000000188,0.008209894722279008,35.72626604562036,574.063226032753,333.97534177809473,240.08788425465835
D:\Obsidian\Web Clipper\001_inbox\RTPLAN_57661.dcm,NewPlan,1,Beam1,191,316.0,-130.99046135,0.40885514428,1400.0,-150.0,150.0,-150.0,150.0,-4.0,-0.3703689600000075,0.003016504990000002,100.0062,190→191,0.09259224000000188,0.008144594487615649,15.592019374409459,552.6243343934541,269.27769540945866,283.3466389839955
D:\Obsidian\Web Clipper\001_inbox\RTPLAN_57661.dcm,NewPlan,1,Beam1,192,312.0,-131.36083031,0.41133437561,1400.0,-150.0,150.0,-150.0,150.0,-4.0,-0.3703689600000075,0.002479231329999998,81.4691,191→192,0.09259224000000188,0.006693950081561769,50.05036059177214,502.1217220795075,273.0361097215003,229.0856123580072
D:\Obsidian\Web Clipper\001_inbox\RTPLAN_57661.dcm,NewPlan,1,Beam1,193,308.0,-131.73119926,0.41346019191,1400.0,-150.0,150.0,-150.0,150.0,-4.0,-0.3703689499999996,0.002125816299999972,83.9316,192→193,0.0925922374999999,0.005739726021849224,6.648775498054058,443.39894043493706,219.29970101435364,224.09923942058342
D:\Obsidian\Web Clipper\001_inbox\RTPLAN_57661.dcm,NewPlan,1,Beam1,194,304.0,-132.10156822,0.41566852984,1400.0,-150.0,150.0,-150.0,150.0,-4.0,-0.3703689599999791,0.002208337930000026,79.8628,193→194,0.09259223999999477,0.0059625351163341295,10.985801833934032,464.371528326806,241.95899137985282,222.41253694695322
D:\Obsidian\Web Clipper\001_inbox\RTPLAN_57661.dcm,NewPlan,1,Beam1,195,300.0,-132.47193718,0.41790718214,1400.0,-150.0,150.0,-150.0,150.0,-4.0,-0.3703689600000075,0.002238652299999977,64.2283,194→195,0.09259224000000188,0.006044384227014952,42.21331074828644,489.40656366018453,187.67042464897327,301.73613901121126
D:\Obsidian\Web Clipper\001_inbox\RTPLAN_57661.dcm,NewPlan,1,Beam1,196,296.0,-132.84230614,0.42058171257,1400.0,-150.0,150.0,-150.0,150.0,-4.0,-0.3703689600000075,0.0026745304299999884,65.2472,195→196,0.09259224000000188,0.007221259659556605,2.7510404759620823,590.7711596565639,342.53356436780615,248.23759528875777
D:\Obsidian\Web Clipper\001_inbox\RTPLAN_57661.dcm,NewPlan,1,Beam1,197,292.0,-133.21267509,0.42295007008,1400.0,-150.0,150.0,-150.0,150.0,-4.0,-0.3703689499999996,0.00236835751000003,51.597699999999996,196→197,0.0925922374999999,0.0063945898002519715,36.85379133428984,615.631790947919,283.7008879929058,331.9309029550132
D:\Obsidian\Web Clipper\001_inbox\RTPLAN_57661.dcm,NewPlan,1,Beam1,198,288.0,-133.58304405,0.42533712991,1400.0,-150.0,150.0,-150.0,150.0,-4.0,-0.3703689600000075,0.0023870598299999823,85.3339,197→198,0.09259224000000188,0.006445086083887629,91.08808686343293,558.6820774613395,290.73386711456004,267.94821034677955
D:\Obsidian\Web Clipper\001_inbox\RTPLAN_57661.dcm,NewPlan,1,Beam1,199,284.0,-133.95341301,0.42810724277,1400.0,-150.0,150.0,-150.0,150.0,-4.0,-0.3703689599999791,0.002770112860000007,97.0517,198→199,0.09259223999999477,0.007479333203301279,31.63818047819304,617.4799313636136,262.9966614913018,354.4832698723117
D:\Obsidian\Web Clipper\001_inbox\RTPLAN_57661.dcm,NewPlan,1,Beam1,200,280.0,-134.32378197,0.43148231904,1400.0,-150.0,150.0,-150.0,150.0,-4.0,-0.3703689600000075,0.003375076269999999,69.4244,199→200,0.09259224000000188,0.009112740630316134,74.59399405392782,576.4737952122005,278.2922197367671,298.18157547543336
D:\Obsidian\Web Clipper\001_inbox\RTPLAN_57661.dcm,NewPlan,1,Beam1,201,276.0,-134.69415092,0.43577739723,1400.0,-150.0,150.0,-150.0,150.0,-4.0,-0.3703689499999996,0.004295078189999968,63.523,200→201,0.0925922374999999,0.011596755586557601,15.933841106280667,485.1883506973255,239.27356761413208,245.9147830831934
D:\Obsidian\Web Clipper\001_inbox\RTPLAN_57661.dcm,NewPlan,1,Beam1,202,272.0,-135.06451988,0.44055929921,1400.0,-150.0,150.0,-150.0,150.0,-4.0,-0.3703689600000075,0.004781901980000003,77.94669999999999,201→202,0.09259224000000188,0.012911184511790366,38.944138299277824,529.1798751169538,283.56101980035766,245.61885531659607
D:\Obsidian\Web Clipper\001_inbox\RTPLAN_57661.dcm,NewPlan,1,Beam1,203,268.0,-135.43488884,0.44549977462,1400.0,-150.0,150.0,-150.0,150.0,-4.0,-0.3703689600000075,0.004940475410000034,59.0288,202→203,0.09259224000000188,0.013339334403185228,51.078524507020276,417.80283099317194,191.62728971671532,226.17554127645658
D:\Obsidian\Web Clipper\001_inbox\RTPLAN_57661.dcm,NewPlan,1,Beam1,204,264.0,-135.8052578,0.44964599691768,1400.0,-150.0,150.0,-150.0,150.0,-4.0,-0.3703689599999791,0.004146222297679969,75.0806,203→204,0.09259223999999477,0.011194842833698058,43.340025038817814,440.40677706903193,213.86106438294522,226.54571268608672
D:\Obsidian\Web Clipper\001_inbox\RTPLAN_57661.dcm,NewPlan,1,Beam1,205,260.0,-136.17562675,0.45315864393,1400.0,-150.0,150.0,-150.0,150.0,-4.0,-0.3703689499999996,0.0035126470123200138,68.30170000000001,204→205,0.0925922374999999,0.009484183305107023,18.30310019238924,488.317662698237,196.41954326894864,291.89811942928833
D:\Obsidian\Web Clipper\001_inbox\RTPLAN_57661.dcm,NewPlan,1,Beam1,206,256.0,-136.54599571228,0.45617257879,1400.0,-150.0,150.0,-150.0,150.0,-4.0,-0.37036896227999705,0.0030139348600000115,76.62530000000001,205→206,0.09259224056999926,0.00813765506009516,22.473805441902552,455.96612351207455,224.76802453296727,231.19809897910727
D:\Obsidian\Web Clipper\001_inbox\RTPLAN_57661.dcm,NewPlan,1,Beam1,207,252.0,-136.9163646698,0.45788769262,1400.0,-150.0,150.0,-150.0,150.0,-4.0,-0.3703689575200144,0.0017151138300000035,105.37429999999999,206→207,0.0925922393800036,0.004630825006189457,77.62259610660381,702.9560515636107,356.09544839586874,346.86060316774194
D:\Obsidian\Web Clipper\001_inbox\RTPLAN_57661.dcm,NewPlan,1,Beam1,208,248.0,-137.28673363,0.45880550169,1400.0,-150.0,150.0,-150.0,150.0,-4.0,-0.37036896019998267,0.0009178090699999975,107.7784,207→208,0.09259224004999567,0.002478093924243602,6.491094714583824,760.1816843613915,403.9971382029627,356.1845461584288
D:\Obsidian\Web Clipper\001_inbox\RTPLAN_57661.dcm,NewPlan,1,Beam1,209,244.0,-137.65710258,0.4592436342,1400.0,-150.0,150.0,-150.0,150.0,-4.0,-0.3703689499999996,0.00043813250999996667,92.7545,208→209,0.0925922374999999,0.0011829623136603842,40.56468556556922,714.5914904583667,339.10996048669887,375.48152997166784
D:\Obsidian\Web Clipper\001_inbox\RTPLAN_57661.dcm,NewPlan,1,Beam1,210,240.0,-138.02747154,0.46023803428,1400.0,-150.0,150.0,-150.0,150.0,-4.0,-0.3703689600000075,0.000994400080000013,103.3038,209→210,0.09259224000000188,0.0026848904400627763,28.48321846409534,512.2670107127664,232.0116135002195,280.2553972125469
D:\Obsidian\Web Clipper\001_inbox\RTPLAN_57661.dcm,NewPlan,1,Beam1,211,236.0,-138.3978405,0.46164793533,1400.0,-150.0,150.0,-150.0,150.0,-4.0,-0.3703689600000075,0.0014099010499999953,114.2657,210→211,0.09259224000000188,0.003806747331093747,29.597242706299625,447.59285443358056,187.91720558871506,259.6756488448655
D:\Obsidian\Web Clipper\001_inbox\RTPLAN_57661.dcm,NewPlan,1,Beam1,212,232.0,-138.76820946,0.46392924575,1400.0,-150.0,150.0,-150.0,150.0,-4.0,-0.3703689600000075,0.0022813104200000156,102.1529,211→212,0.09259224000000188,0.00615956158961045,32.70468453943804,496.0299588820734,264.21760614063885,231.81235274143452
D:\Obsidian\Web Clipper\001_inbox\RTPLAN_57661.dcm,NewPlan,1,Beam1,213,228.0,-139.13857841,0.46639547144,1400.0,-150.0,150.0,-150.0,150.0,-4.0,-0.3703689499999996,0.00246622568999999,76.5558,212→213,0.0925922374999999,0.006658834899631821,69.11243504618847,462.24798272101424,211.88223256836213,250.3657501526521
D:\Obsidian\Web Clipper\001_inbox\RTPLAN_57661.dcm,NewPlan,1,Beam1,214,224.0,-139.50894737,0.46856267467,1400.0,-150.0,150.0,-150.0,150.0,-4.0,-0.3703689599999791,0.0021672032300000255,108.37100000000001,213→214,0.09259223999999477,0.00585147100340198,85.90136711241082,481.42398326255545,258.059152689268,223.36483057328743
D:\Obsidian\Web Clipper\001_inbox\RTPLAN_57661.dcm,NewPlan,1,Beam1,215,220.0,-139.87931633,0.47090264602,1400.0,-150.0,150.0,-150.0,150.0,-4.0,-0.3703689600000075,0.0023399713499999697,101.4096,214→215,0.09259224000000188,0.006317946703740838,18.795851574602445,621.0072247954994,258.04403263167103,362.96319216382835
D:\Obsidian\Web Clipper\001_inbox\RTPLAN_57661.dcm,NewPlan,1,Beam1,216,216.0,-140.24968529,0.47331378495,1400.0,-150.0,150.0,-150.0,150.0,-4.0,-0.3703689600000075,0.002411138930000001,118.8996,215→216,0.09259224000000188,0.0065100999014602945,47.223179825867845,553.7046085071379,252.32649085927204,301.3781176478659
D:\Obsidian\Web Clipper\001_inbox\RTPLAN_57661.dcm,NewPlan,1,Beam1,217,212.0,-140.62005424,0.47580875678,1400.0,-150.0,150.0,-150.0,150.0,-4.0,-0.3703689499999996,0.0024949718300000256,121.096,216→217,0.0925922374999999,0.006736449775284965,5.930302742711017,683.3299605703995,280.3299250652629,403.0000355051366
D:\Obsidian\Web Clipper\001_inbox\RTPLAN_57661.dcm,NewPlan,1,Beam1,218,208.0,-140.9904232,0.47935041161,1400.0,-150.0,150.0,-150.0,150.0,-4.0,-0.3703689600000075,0.0035416548300000184,119.5572,217→218,0.09259224000000188,0.00956250445501682,4.154775821386268,586.1533320718765,294.9988033554372,291.1545287164394
D:\Obsidian\Web Clipper\001_inbox\RTPLAN_57661.dcm,NewPlan,1,Beam1,219,204.0,-141.36079216,0.48342135434,1400.0,-150.0,150.0,-150.0,150.0,-4.0,-0.3703689599999791,0.004070942729999971,125.2187,218→219,0.09259223999999477,0.010991587226964703,15.286108209500934,496.96902245806564,279.7558953104652,217.21312714760043
D:\Obsidian\Web Clipper\001_inbox\RTPLAN_57661.dcm,NewPlan,1,Beam1,220,200.0,-141.73116112,0.48791915779,1400.0,-150.0,150.0,-150.0,150.0,-4.0,-0.3703689600000075,0.004497803450000004,120.7098,219→220,0.09259224000000188,0.012144115559791816,12.17407635888252,471.6372559946613,224.05036318377847,247.58689281088283
D:\Obsidian\Web Clipper\001_inbox\RTPLAN_57661.dcm,NewPlan,1,Beam1,221,196.0,-142.10153008,0.49232182474,1400.0,-150.0,150.0,-150.0,150.0,-4.0,-0.3703689600000075,0.004402666950000023,143.9571,220→221,0.09259224000000188,0.011887246031632707,62.76794902034858,458.84865729567764,204.43208847738876,254.41656881828888
D:\Obsidian\Web Clipper\001_inbox\RTPLAN_57661.dcm,NewPlan,1,Beam1,222,192.0,-142.47189903,0.49566348629843,1400.0,-150.0,150.0,-150.0,150.0,-4.0,-0.3703689499999996,0.0033416615584299647,126.42729999999999,221→222,0.0925922374999999,0.009022520809128218,47.33064151301028,636.0786993618128,315.2213488738733,320.85735048793947
D:\Obsidian\Web Clipper\001_inbox\RTPLAN_57661.dcm,NewPlan,1,Beam1,223,188.0,-142.84226799,0.49974259784,1400.0,-150.0,150.0,-150.0,150.0,-4.0,-0.3703689600000075,0.004079111541570035,132.8576,222→223,0.09259224000000188,0.011013643102191805,17.361876114023897,751.689612434029,345.9317973082771,405.7578151257518
D:\Obsidian\Web Clipper\001_inbox\RTPLAN_57661.dcm,NewPlan,1,Beam1,224,184.0,-143.21263695,0.50469176724,1400.0,-150.0,150.0,-150.0,150.0,-4.0,-0.3703689599999791,0.004949169399999953,126.4226,223→224,0.09259223999999477,0.013362808265574502,17.374566162348895,656.3198492660231,310.3324317459176,345.98741752010545
D:\Obsidian\Web Clipper\001_inbox\RTPLAN_57661.dcm,NewPlan,1,Beam1,225,180.0,-143.58300591,0.50960199609,1400.0,-150.0,150.0,-150.0,150.0,-4.0,-0.3703689600000075,0.004910228850000031,81.6817,224→225,0.09259224000000188,0.013257668380201006,120.8008900097867,754.7187539689999,312.33097935636306,442.38777461263675
D:\Obsidian\Web Clipper\001_inbox\RTPLAN_57661.dcm,NewPlan,1,Beam1,226,176.0,-143.95337486,0.51443894946,1400.0,-150.0,150.0,-150.0,150.0,-4.0,-0.3703689499999996,0.004836953370000008,75.2549,225→226,0.0925922374999999,0.01305982418342578,17.352426546555826,683.8270324766704,287.5351726973876,396.29185977928273
D:\Obsidian\Web Clipper\001_inbox\RTPLAN_57661.dcm,NewPlan,1,Beam1,227,172.0,-144.32374382019,0.5192952864,1400.0,-150.0,150.0,-150.0,150.0,-4.0,-0.37036896019000665,0.004856336939999983,123.3777,226→227,0.09259224004750166,0.013112159662377176,129.93205471460686,732.0076171094729,375.8870611850922,356.12055592438077
D:\Obsidian\Web Clipper\001_inbox\RTPLAN_57661.dcm,NewPlan,1,Beam1,228,168.0,-144.69411277771,0.52427633551,1400.0,-150.0,150.0,-150.0,150.0,-4.0,-0.370368957519986,0.004981049109999969,118.1853,227→228,0.0925922393799965,0.013448883900404043,14.019533480258836,619.3278225473907,291.41994167849685,327.9078808688939
D:\Obsidian\Web Clipper\001_inbox\RTPLAN_57661.dcm,NewPlan,1,Beam1,229,164.0,-145.06448173523,0.52929938085,1400.0,-150.0,150.0,-150.0,150.0,-4.0,-0.3703689575200144,0.005023045339999976,113.2697,228→229,0.0925922393800036,0.013562274153952374,13.272170629295688,532.1482699838563,225.8474915395138,306.3007784443424
D:\Obsidian\Web Clipper\001_inbox\RTPLAN_57661.dcm,NewPlan,1,Beam1,230,160.0,-145.43485069,0.53438167722,1400.0,-150.0,150.0,-150.0,150.0,-4.0,-0.37036895476998666,0.005082296370000017,117.3656,229→230,0.09259223869249666,0.01372225264711055,11.058972268730546,502.8742220461425,246.18424094596605,256.68998110017645
D:\Obsidian\Web Clipper\001_inbox\RTPLAN_57661.dcm,NewPlan,1,Beam1,231,156.0,-145.80521965,0.53937650632,1400.0,-150.0,150.0,-150.0,150.0,-4.0,-0.3703689600000075,0.004994829100000042,95.5877,230→231,0.09259224000000188,0.013486089925030274,58.800553912508114,599.4597927428786,265.1396596518186,334.32013309106003
D:\Obsidian\Web Clipper\001_inbox\RTPLAN_57661.dcm,NewPlan,1,Beam1,232,152.0,-146.17558861,0.54306113947,1400.0,-150.0,150.0,-150.0,150.0,-4.0,-0.3703689600000075,0.003684633150000005,113.4195,231→232,0.09259224000000188,0.00994854738906827,48.14604334013207,852.5042163360386,439.9126751874582,412.59154114858035
D:\Obsidian\Web Clipper\001_inbox\RTPLAN_57661.dcm,NewPlan,1,Beam1,233,148.0,-146.54595757,0.54683758428,1400.0,-150.0,150.0,-150.0,150.0,-4.0,-0.3703689600000075,0.003776444809999946,131.8238,232→233,0.09259224000000188,0.010196439815042462,49.69179922637046,622.156349171365,353.78693722064975,268.36941195071523
D:\Obsidian\Web Clipper\001_inbox\RTPLAN_57661.dcm,NewPlan,1,Beam1,234,144.0,-146.91632652,0.55104440059,1400.0,-150.0,150.0,-150.0,150.0,-4.0,-0.3703689499999996,0.004206816310000083,113.9182,233→234,0.0925922374999999,0.01135844759664677,48.3453054042463,437.08442621877504,215.02180460862093,222.0626216101541
D:\Obsidian\Web Clipper\001_inbox\RTPLAN_57661.dcm,NewPlan,1,Beam1,235,140.0,-147.28669548,0.55577231097,1400.0,-150.0,150.0,-150.0,150.0,-4.0,-0.3703689599999791,0.004727910379999978,116.8261,234→235,0.09259223999999477,0.012765406636669132,7.851359897978929,452.7371840232223,230.48799769830825,222.24918632491406
D:\Obsidian\Web Clipper\001_inbox\RTPLAN_57661.dcm,NewPlan,1,Beam1,236,136.0,-147.65706444,0.56047142416,1400.0,-150.0,150.0,-150.0,150.0,-4.0,-0.3703689600000075,0.004699113189999937,130.1605,235→236,0.09259224000000188,0.012687653927585729,36.00301709948843,543.1302882401266,253.8509166642855,289.2793715758411
D:\Obsidian\Web Clipper\001_inbox\RTPLAN_57661.dcm,NewPlan,1,Beam1,237,132.0,-148.0274334,0.56447620163,1400.0,-150.0,150.0,-150.0,150.0,-4.0,-0.3703689600000075,0.004004777470000054,89.6732,236→237,0.09259224000000188,0.010812940344676758,109.3161262758067,583.1825107589891,289.26074150489774,293.9217692540914
D:\Obsidian\Web Clipper\001_inbox\RTPLAN_57661.dcm,NewPlan,1,Beam1,238,128.0,-148.39780235,0.56819564764,1400.0,-150.0,150.0,-150.0,150.0,-4.0,-0.3703689499999996,0.0037194460099999604,91.90690000000001,237→238,0.0925922374999999,0.010042542740151313,6.031013128935392,616.3934638689345,283.5035172359889,332.8899466329457
D:\Obsidian\Web Clipper\001_inbox\RTPLAN_57661.dcm,NewPlan,1,Beam1,239,124.0,-148.76817131,0.57094848681,1400.0,-150.0,150.0,-150.0,150.0,-4.0,-0.3703689600000075,0.002752839170000021,100.523,238→239,0.09259224000000188,0.0074326940626988965,23.263558587630598,407.4426215414946,200.0740018817951,207.36861965969948
D:\Obsidian\Web Clipper\001_inbox\RTPLAN_57661.dcm,NewPlan,1,Beam1,240,120.0,-149.13854027,0.57293149671,1400.0,-150.0,150.0,-150.0,150.0,-4.0,-0.3703689599999791,0.001983009899999999,114.7055,239→240,0.09259223999999477,0.005354147118592527,38.292895819349454,687.1790767779631,398.1456761387572,289.0334006392059
D:\Obsidian\Web Clipper\001_inbox\RTPLAN_57661.dcm,NewPlan,1,Beam1,241,116.0,-149.50890923,0.57326146159,1400.0,-150.0,150.0,-150.0,150.0,-4.0,-0.3703689600000075,0.0003299648800000332,98.9672,240→241,0.09259224000000188,0.0008909085685799008,42.493571815520596,721.2375464725624,290.9339378764295,430.30360859613285
D:\Obsidian\Web Clipper\001_inbox\RTPLAN_57661.dcm,NewPlan,1,Beam1,242,112.0,-149.87927818,0.5736740413,1400.0,-150.0,150.0,-150.0,150.0,-4.0,-0.3703689499999996,0.00041257970999997173,67.9801,241→242,0.0925922374999999,0.0011139694890729154,83.66549085715756,700.3267957532626,314.9632278839793,385.36356786928326
D:\Obsidian\Web Clipper\001_inbox\RTPLAN_57661.dcm,NewPlan,1,Beam1,243,108.0,-150.24964714,0.57500186376,1400.0,-150.0,150.0,-150.0,150.0,-4.0,-0.3703689600000075,0.001327822459999961,66.1728,242→243,0.09259224000000188,0.0035851342941912146,4.879728582006336,621.6031170646571,226.36589200131212,395.237225063345
D:\Obsidian\Web Clipper\001_inbox\RTPLAN_57661.dcm,NewPlan,1,Beam1,244,104.0,-150.6200161,0.57650261116,1400.0,-150.0,150.0,-150.0,150.0,-4.0,-0.3703689599999791,0.0015007474000000576,75.6344,243→244,0.09259223999999477,0.00405203341014361,25.546417280758458,541.5159520927762,255.14260158304123,286.3733505097349
D:\Obsidian\Web Clipper\001_inbox\RTPLAN_57661.dcm,NewPlan,1,Beam1,245,100.0,-150.99038506,0.57896841301542,1400.0,-150.0,150.0,-150.0,150.0,-4.0,-0.3703689600000075,0.0024658018554200023,57.45399999999999,244→245,0.09259224000000188,0.00665769036211877,49.087266924311464,420.2401302744076,216.32455376389638,203.91557651051122
D:\Obsidian\Web Clipper\001_inbox\RTPLAN_57661.dcm,NewPlan,1,Beam1,246,96.0,-151.36075401,0.58109328107,1400.0,-150.0,150.0,-150.0,150.0,-4.0,-0.3703689499999996,0.002124868054580009,56.94,245→246,0.0925922374999999,0.00573716574939668,1.387805322233401,423.1812629001437,235.83294441934208,187.3483184808016
D:\Obsidian\Web Clipper\001_inbox\RTPLAN_57661.dcm,NewPlan,1,Beam1,247,92.0,-151.73112297,0.58446578111,1400.0,-150.0,150.0,-150.0,150.0,-4.0,-0.3703689600000075,0.003372500040000004,65.8204,246→247,0.09259224000000188,0.009105784782828278,23.977171305067866,492.05662375161324,253.79583645454005,238.2607872970732
D:\Obsidian\Web Clipper\001_inbox\RTPLAN_57661.dcm,NewPlan,1,Beam1,248,88.0,-152.10149193,0.58802922991,1400.0,-150.0,150.0,-150.0,150.0,-4.0,-0.3703689600000075,0.0035634487999999243,89.7602,247→248,0.09259224000000188,0.0096213483980943,64.63770614038364,715.0456128936794,372.59088882609706,342.4547240675823
D:\Obsidian\Web Clipper\001_inbox\RTPLAN_57661.dcm,NewPlan,1,Beam1,249,84.0,-152.47186088562,0.59149703105,1400.0,-150.0,150.0,-150.0,150.0,-4.0,-0.3703689556199947,0.003467801140000004,116.02929999999999,248→249,0.09259223890499868,0.009363098843408548,70.92684092819208,464.1838831016721,236.88945487650227,227.29442822516984
D:\Obsidian\Web Clipper\001_inbox\RTPLAN_57661.dcm,NewPlan,1,Beam1,250,80.0,-152.84222984314,0.59503438354,1400.0,-150.0,150.0,-150.0,150.0,-4.0,-0.370368957519986,0.0035373524900000897,99.20270000000001,249→250,0.0925922393799965,0.009550888156735451,45.431993309244824,525.576444914382,244.4394924623634,281.1369524520186
D:\Obsidian\Web Clipper\001_inbox\RTPLAN_57661.dcm,NewPlan,1,Beam1,251,76.0,-153.2125988,0.5969620857,1400.0,-150.0,150.0,-150.0,150.0,-4.0,-0.3703689568600055,0.0019277021599999333,100.04599999999999,250→251,0.09259223921500137,0.005204815696064341,2.2769186898100133,549.5676574128659,281.8897158258947,267.6779415869712
D:\Obsidian\Web Clipper\001_inbox\RTPLAN_57661.dcm,NewPlan,1,Beam1,252,72.0,-153.58296776,0.59805176188,1400.0,-150.0,150.0,-150.0,150.0,-4.0,-0.3703689600000075,0.0010896761799999988,120.5926,251→252,0.09259224000000188,0.0029421368896572126,55.47603125272592,455.52224462869833,204.47663864703583,251.04560598166248
D:\Obsidian\Web Clipper\001_inbox\RTPLAN_57661.dcm,NewPlan,1,Beam1,253,68.0,-153.95333672,0.59834789788,1400.0,-150.0,150.0,-150.0,150.0,-4.0,-0.3703689600000075,0.0002961360000000024,85.0603,252→253,0.09259224000000188,0.0007995702447634823,95.93757533028493,702.0620734523616,279.51613439743414,422.5459390549274
D:\Obsidian\Web Clipper\001_inbox\RTPLAN_57661.dcm,NewPlan,1,Beam1,254,64.0,-154.32370567,0.59968127163,1400.0,-150.0,150.0,-150.0,150.0,-4.0,-0.3703689499999996,0.0013333737499999776,110.5942,253→254,0.0925922374999999,0.0036001229314713856,68.94179439178157,663.7875556252766,303.0178420734247,360.7697135518519
D:\Obsidian\Web Clipper\001_inbox\RTPLAN_57661.dcm,NewPlan,1,Beam1,255,60.0,-154.69407463,0.60225922961,1400.0,-150.0,150.0,-150.0,150.0,-4.0,-0.3703689599999791,0.002577957980000045,102.00359999999999,254→255,0.09259223999999477,0.006960513051634216,23.194708325450637,487.1083149084907,192.05497134534173,295.0533435631489
D:\Obsidian\Web Clipper\001_inbox\RTPLAN_57661.dcm,NewPlan,1,Beam1,256,56.0,-155.06444359,0.60470408882,1400.0,-150.0,150.0,-150.0,150.0,-4.0,-0.3703689600000075,0.002444859210000039,89.0341,255→256,0.09259224000000188,0.006601145004160146,35.017783347718265,618.2772443997342,261.5821261047309,356.6951182950032
D:\Obsidian\Web Clipper\001_inbox\RTPLAN_57661.dcm,NewPlan,1,Beam1,257,52.0,-155.43481255,0.6071928455,1400.0,-150.0,150.0,-150.0,150.0,-4.0,-0.3703689600000075,0.002488756679999926,110.3983,256→257,0.09259224000000188,0.006719668624497786,57.68355965899404,623.256603361133,312.6517405778218,310.6048627833112
D:\Obsidian\Web Clipper\001_inbox\RTPLAN_57661.dcm,NewPlan,1,Beam1,258,48.0,-155.8051815,0.60986308212,1400.0,-150.0,150.0,-150.0,150.0,-4.0,-0.3703689499999996,0.0026702366199999883,108.8299,257→258,0.0925922374999999,0.0072096665230710925,4.234696240060115,616.0014223654555,261.89371436239486,354.10770800306057
D:\Obsidian\Web Clipper\001_inbox\RTPLAN_57661.dcm,NewPlan,1,Beam1,259,44.0,-156.17555046,0.61242074913,1400.0,-150.0,150.0,-150.0,150.0,-4.0,-0.3703689600000075,0.002557667010000042,103.4263,258→259,0.09259224000000188,0.006905727224009242,14.589775557865021,490.97121961839434,271.0723922436642,219.89882737473016
D:\Obsidian\Web Clipper\001_inbox\RTPLAN_57661.dcm,NewPlan,1,Beam1,260,40.0,-156.54591942,0.6151540179,1400.0,-150.0,150.0,-150.0,150.0,-4.0,-0.3703689599999791,0.002733268770000019,130.184,259→260,0.09259223999999477,0.007379853781483668,72.24606511302002,532.3737172791455,235.6128872138878,296.76083006525766
D:\Obsidian\Web Clipper\001_inbox\RTPLAN_57661.dcm,NewPlan,1,Beam1,261,36.0,-156.91628838,0.61805625978761,1400.0,-150.0,150.0,-150.0,150.0,-4.0,-0.3703689600000075,0.002902241887610013,113.9977,260→261,0.09259224000000188,0.007836082936350698,43.703176421694934,614.9106015795584,300.3345636740124,314.576037905546
D:\Obsidian\Web Clipper\001_inbox\RTPLAN_57661.dcm,NewPlan,1,Beam1,262,32.0,-157.28665733,0.62171110877,1400.0,-150.0,150.0,-150.0,150.0,-4.0,-0.3703689499999996,0.003654848982389991,112.83500000000001,261→262,0.0925922374999999,0.009868130096731908,3.139302039223288,552.9424105341451,297.51252096051826,255.4298895736268
D:\Obsidian\Web Clipper\001_inbox\RTPLAN_57661.dcm,NewPlan,1,Beam1,263,28.0,-157.65702629,0.62557639461,1400.0,-150.0,150.0,-150.0,150.0,-4.0,-0.3703689600000075,0.00386528584000001,102.5718,262→263,0.09259224000000188,0.010436311509474043,27.71074552251842,663.7972577399439,268.5343825789234,395.2628751610206
D:\Obsidian\Web Clipper\001_inbox\RTPLAN_57661.dcm,NewPlan,1,Beam1,264,24.0,-158.02739525,0.62927885161463,1400.0,-150.0,150.0,-150.0,150.0,-4.0,-0.3703689600000075,0.003702457004630011,106.7125,263→264,0.09259224000000188,0.009996671979827726,11.179932573183038,844.9050373983653,406.26001703813665,438.6450203602286
D:\Obsidian\Web Clipper\001_inbox\RTPLAN_57661.dcm,NewPlan,1,Beam1,265,20.0,-158.39776421,0.63303325526,1400.0,-150.0,150.0,-150.0,150.0,-4.0,-0.3703689599999791,0.0037544036453699414,119.8704,264→265,0.09259223999999477,0.010136928443922928,35.52646528478181,522.721450523313,220.1496583299113,302.57179219340173
D:\Obsidian\Web Clipper\001_inbox\RTPLAN_57661.dcm,NewPlan,1,Beam1,266,16.0,-158.76813316,0.63639947172,1400.0,-150.0,150.0,-150.0,150.0,-4.0,-0.3703689499999996,0.0033662164600000155,83.0949,265→266,0.0925922374999999,0.009088819297622059,99.29423079337522,493.58160288544764,201.2882019402547,292.29340094519296
D:\Obsidian\Web Clipper\001_inbox\RTPLAN_57661.dcm,NewPlan,1,Beam1,267,12.0,-159.13850212,0.63972324053,1400.0,-150.0,150.0,-150.0,150.0,-4.0,-0.3703689600000075,0.0033237688099999607,97.74199999999999,266→267,0.09259224000000188,0.008974209960791242,39.547320596196016,487.25222545646466,197.8011332267113,289.4510922297533
D:\Obsidian\Web Clipper\001_inbox\RTPLAN_57661.dcm,NewPlan,1,Beam1,268,8.0,-159.50887108,0.64339835426,1400.0,-150.0,150.0,-150.0,150.0,-4.0,-0.3703689600000075,0.003675113730000068,90.0014,267→268,0.09259224000000188,0.009922844857193198,20.89969958605556,464.58266913079456,218.26802116462014,246.31464796617445
D:\Obsidian\Web Clipper\001_inbox\RTPLAN_57661.dcm,NewPlan,1,Beam1,269,4.0,-159.87924004,0.64739353856,1400.0,-150.0,150.0,-150.0,150.0,-4.0,-0.3703689600000075,0.00399518430000001,80.8638,268→269,0.09259224000000188,0.010787038687043128,24.671613949505435,316.6526158131546,151.8601882835939,164.79242752956068
D:\Obsidian\Web Clipper\001_inbox\RTPLAN_57661.dcm,NewPlan,1,Beam1,270,0.0,-160.24960899353,0.65118131913,1400.0,-150.0,150.0,-150.0,150.0,-4.0,-0.3703689535299759,0.0037877805699999545,69.2314,269→270,0.09259223838249397,0.010227046662250511,31.40760014880279,351.56159488800574,153.69349794972192,197.8680969382838
D:\Obsidian\Web Clipper\001_inbox\RTPLAN_57661.dcm,NewPlan,1,Beam1,271,356.0,-160.61997795105,0.65510309657829,1400.0,-150.0,150.0,-150.0,150.0,-4.0,-0.3703689575200144,0.003921777448290031,78.1097,270→271,0.0925922393800036,0.010588839503586371,23.971501443989766,399.9892458373606,155.7571141660343,244.23213167132627
D:\Obsidian\Web Clipper\001_inbox\RTPLAN_57661.dcm,NewPlan,1,Beam1,272,352.0,-160.99034691,0.65880937494,1400.0,-150.0,150.0,-150.0,150.0,-4.0,-0.3703689589499959,0.0037062783617100026,77.67840000000001,271→272,0.09259223973749897,0.010006989711603756,1.164514437772372,593.9342233853328,252.86082361087955,341.0733997744532
D:\Obsidian\Web Clipper\001_inbox\RTPLAN_57661.dcm,NewPlan,1,Beam1,273,348.0,-161.36071587,0.66309003487996,1400.0,-150.0,150.0,-150.0,150.0,-4.0,-0.3703689600000075,0.004280659939959963,79.425,272→273,0.09259224000000188,0.011557825850092502,4.715837957910812,389.87365463886897,163.0574009225794,226.8162537162896
D:\Obsidian\Web Clipper\001_inbox\RTPLAN_57661.dcm,NewPlan,1,Beam1,274,344.0,-161.73108482,0.66719288078,1400.0,-150.0,150.0,-150.0,150.0,-4.0,-0.3703689499999996,0.004102845900040064,95.8199,273→274,0.0925922374999999,0.01107772641318898,44.26639976164316,418.8380262438311,170.15168253170268,248.6863437121284
D:\Obsidian\Web Clipper\001_inbox\RTPLAN_57661.dcm,NewPlan,1,Beam1,275,340.0,-162.10145378,0.67076367694,1400.0,-150.0,150.0,-150.0,150.0,-4.0,-0.3703689600000075,0.0035707961600000004,90.26050000000001,274→275,0.09259224000000188,0.009641186345637409,15.01043715974439,495.17243561662474,235.1935756171312,259.9788599994936
D:\Obsidian\Web Clipper\001_inbox\RTPLAN_57661.dcm,NewPlan,1,Beam1,276,336.0,-162.47182274,0.67424177749,1400.0,-150.0,150.0,-150.0,150.0,-4.0,-0.3703689599999791,0.003478100549999974,86.9168,275→276,0.09259223999999477,0.009390907245575252,9.028024378717378,402.07068108517626,209.17195652682224,192.898724558354
D:\Obsidian\Web Clipper\001_inbox\RTPLAN_57661.dcm,NewPlan,1,Beam1,277,332.0,-162.8421917,0.67784588961,1400.0,-150.0,150.0,-150.0,150.0,-4.0,-0.3703689600000075,0.0036041121200000026,93.3644,276→277,0.09259224000000188,0.009731139780180092,17.40858629189627,362.2441794258279,154.68844905361084,207.55573037221706
D:\Obsidian\Web Clipper\001_inbox\RTPLAN_57661.dcm,NewPlan,1,Beam1,278,328.0,-163.21256065,0.68133370586,1400.0,-150.0,150.0,-150.0,150.0,-4.0,-0.3703689499999996,0.003487816249999942,94.1444,277→278,0.0925922374999999,0.009417139989731715,2.106008076540979,375.73398093981734,134.52315589630302,241.21082504351432
D:\Obsidian\Web Clipper\001_inbox\RTPLAN_57661.dcm,NewPlan,1,Beam1,279,324.0,-163.58292961,0.68488142177,1400.0,-150.0,150.0,-150.0,150.0,-4.0,-0.3703689600000075,0.0035477159100000266,79.3934,278→279,0.09259224000000188,0.00957886943333468,39.82785166445834,389.94196489899434,178.84166102904155,211.10030386995282
D:\Obsidian\Web Clipper\001_inbox\RTPLAN_57661.dcm,NewPlan,1,Beam1,280,320.0,-163.95329857,0.68793286734,1400.0,-150.0,150.0,-150.0,150.0,-4.0,-0.3703689599999791,0.003051445570000033,70.90370000000001,279→280,0.09259223999999477,0.0082389344128628,22.922277288033165,406.65745855162515,167.63796836539302,239.0194901862321
D:\Obsidian\Web Clipper\001_inbox\RTPLAN_57661.dcm,NewPlan,1,Beam1,281,316.0,-164.32366753,0.69029213842,1400.0,-150.0,150.0,-150.0,150.0,-4.0,-0.3703689600000075,0.0023592710800000027,81.0779,280→281,0.09259224000000188,0.006370056173173786,27.470444607452468,542.7944069610908,214.45938666134006,328.3350202997507
D:\Obsidian\Web Clipper\001_inbox\RTPLAN_57661.dcm,NewPlan,1,Beam1,282,312.0,-164.69403648,0.69256306333,1400.0,-150.0,150.0,-150.0,150.0,-4.0,-0.3703689499999996,0.0022709249099999163,73.47800000000001,281→282,0.0925922374999999,0.006131520771381939,20.519808693466338,602.5961409562012,365.5460318690326,237.05010908716864
D:\Obsidian\Web Clipper\001_inbox\RTPLAN_57661.dcm,NewPlan,1,Beam1,283,308.0,-165.06440544,0.69519157255,1400.0,-150.0,150.0,-150.0,150.0,-4.0,-0.3703689600000075,0.0026285092200000193,100.6069,282→283,0.09259224000000188,0.007097001919383217,73.24830892955889,475.026848902231,256.1105552689893,218.91629363324168
D:\Obsidian\Web Clipper\001_inbox\RTPLAN_57661.dcm,NewPlan,1,Beam1,284,304.0,-165.4347744,0.69773335976,1400.0,-150.0,150.0,-150.0,150.0,-4.0,-0.3703689600000075,0.0025417872099999794,77.9686,283→284,0.09259224000000188,0.006862851600738701,61.123642758830385,375.43480965574753,184.57648286724302,190.8583267885045
D:\Obsidian\Web Clipper\001_inbox\RTPLAN_57661.dcm,NewPlan,1,Beam1,285,300.0,-165.80514336,0.70021795491,1400.0,-150.0,150.0,-150.0,150.0,-4.0,-0.3703689599999791,0.0024845951500001018,79.2008,284→285,0.09259223999999477,0.006708432450711426,3.3269526690359674,336.6615820073233,153.3562639806619,183.3053180266614
D:\Obsidian\Web Clipper\001_inbox\RTPLAN_57661.dcm,NewPlan,1,Beam1,286,296.0,-166.17551231,0.70225713867,1400.0,-150.0,150.0,-150.0,150.0,-4.0,-0.3703689499999996,0.0020391837599998963,67.998,285→286,0.0925922374999999,0.005505817266808944,30.247675999837483,331.8080524838816,159.1067501743871,172.70130230949454
D:\Obsidian\Web Clipper\001_inbox\RTPLAN_57661.dcm,NewPlan,1,Beam1,287,292.0,-166.54588127,0.70408392657,1400.0,-150.0,150.0,-150.0,150.0,-4.0,-0.3703689600000075,0.0018267879000000153,36.979,286→287,0.09259224000000188,0.004932346112373937,83.75161892616319,425.7619213013877,178.48849968420316,247.2734216171845
D:\Obsidian\Web Clipper\001_inbox\RTPLAN_57661.dcm,NewPlan,1,Beam1,288,288.0,-166.91625023,0.70593495527,1400.0,-150.0,150.0,-150.0,150.0,-4.0,-0.3703689600000075,0.0018510287000000902,43.25939999999999,287→288,0.09259224000000188,0.004997796521609296,16.957144572806172,545.3183765723669,275.9885709644726,269.3298056078943
D:\Obsidian\Web Clipper\001_inbox\RTPLAN_57661.dcm,NewPlan,1,Beam1,289,284.0,-167.28661919,0.7078072424,1400.0,-150.0,150.0,-150.0,150.0,-4.0,-0.3703689600000075,0.0018722871299999833,50.3906,288→289,0.09259224000000188,0.005055194501180513,19.254313320424753,329.4125944031528,163.40624225096718,166.00635215218563
D:\Obsidian\Web Clipper\001_inbox\RTPLAN_57661.dcm,NewPlan,1,Beam1,290,280.0,-167.65698814,0.70973290464,1400.0,-150.0,150.0,-150.0,150.0,-4.0,-0.3703689499999996,0.0019256622400000145,48.7074,289→290,0.0925922374999999,0.005199307987346176,4.5446574287612425,341.5599498824082,151.25080004681837,190.30914983558984
D:\Obsidian\Web Clipper\001_inbox\RTPLAN_57661.dcm,NewPlan,1,Beam1,291,276.0,-168.02735710144,0.71172971404,1400.0,-150.0,150.0,-150.0,150.0,-4.0,-0.3703689614399934,0.0019968093999999104,57.9762,290→291,0.09259224035999836,0.0053914058895116945,25.02585520115652,362.5517091873139,145.45036330947502,217.1013458778389
D:\Obsidian\Web Clipper\001_inbox\RTPLAN_57661.dcm,NewPlan,1,Beam1,292,272.0,-168.39772605896,0.71410296187334,1400.0,-150.0,150.0,-150.0,150.0,-4.0,-0.370368957519986,0.002373247833340031,57.0864,291→292,0.0925922393799965,0.006407793593802917,2.4024691646896064,286.9341445665444,99.61499000090767,187.31915456563672
D:\Obsidian\Web Clipper\001_inbox\RTPLAN_57661.dcm,NewPlan,1,Beam1,293,268.0,-168.76809501648,0.71648363951,1400.0,-150.0,150.0,-150.0,150.0,-4.0,-0.3703689575200144,0.0023806776366600557,62.243100000000005,292→293,0.0925922393800036,0.006427854139291374,13.923143112557819,314.0722180900218,182.56011641133873,131.51210167868308
D:\Obsidian\Web Clipper\001_inbox\RTPLAN_57661.dcm,NewPlan,1,Beam1,294,264.0,-169.13846397,0.71849906833,1400.0,-150.0,150.0,-150.0,150.0,-4.0,-0.3703689535199999,0.0020154288199999426,63.1582,293→294,0.09259223837999997,0.0054416786311196836,2.470779451956899,281.1806956556266,140.8214687119653,140.3592269436613
D:\Obsidian\Web Clipper\001_inbox\RTPLAN_57661.dcm,NewPlan,1,Beam1,295,260.0,-169.50883293,0.72062952348,1400.0,-150.0,150.0,-150.0,150.0,-4.0,-0.3703689600000075,0.002130455149999988,60.6438,294→295,0.09259224000000188,0.005752250809570933,6.788905852153352,300.2408733172395,130.86733834282177,169.37353497441774
D:\Obsidian\Web Clipper\001_inbox\RTPLAN_57661.dcm,NewPlan,1,Beam1,296,256.0,-169.87920189,0.72290090209,1400.0,-150.0,150.0,-150.0,150.0,-4.0,-0.3703689599999791,0.002271378610000041,58.7679,295→296,0.09259223999999477,0.006132745600495704,5.064949287327176,408.7434864952196,178.87001113701248,229.87347535820714
D:\Obsidian\Web Clipper\001_inbox\RTPLAN_57661.dcm,NewPlan,1,Beam1,297,252.0,-170.24957085,0.72512990072,1400.0,-150.0,150.0,-150.0,150.0,-4.0,-0.3703689600000075,0.002228998630000034,55.490500000000004,296→297,0.09259224000000188,0.006018319218759555,8.84901369704396,280.1298467344507,102.91926191654733,177.2105848179034
D:\Obsidian\Web Clipper\001_inbox\RTPLAN_57661.dcm,NewPlan,1,Beam1,298,248.0,-170.6199398,0.72702938953,1400.0,-150.0,150.0,-150.0,150.0,-4.0,-0.3703689499999996,0.0018994888099999052,45.979099999999995,297→298,0.0925922374999999,0.005128639455332061,25.680878486169046,317.32519694213056,133.32678130820645,183.99841563392414
D:\Obsidian\Web Clipper\001_inbox\RTPLAN_57661.dcm,NewPlan,1,Beam1,299,244.0,-170.99030876,0.72886197180493,1400.0,-150.0,150.0,-150.0,150.0,-4.0,-0.3703689600000075,0.0018325822749299947,56.2908,298→299,0.09259224000000188,0.0049479909842605535,27.84169602117789,526.8127761030407,224.6284353850774,302.1843407179633
D:\Obsidian\Web Clipper\001_inbox\RTPLAN_57661.dcm,NewPlan,1,Beam1,300,240.0,-171.36067772,0.73066308327,1400.0,-150.0,150.0,-150.0,150.0,-4.0,-0.3703689600000075,0.0018011114650700044,48.8832,299→300,0.09259224000000188,0.004863019474067071,20.000596162269765,345.41933535682205,125.73974881696095,219.67958653986108
D:\Obsidian\Web Clipper\001_inbox\RTPLAN_57661.dcm,NewPlan,1,Beam1,301,236.0,-171.73104668,0.73206145501,1400.0,-150.0,150.0,-150.0,150.0,-4.0,-0.3703689599999791,0.001398371740000015,47.997600000000006,300→301,0.09259223999999477,0.0037756180755538853,2.3911291054197594,213.43986277900953,101.66186712839577,111.77799565061376
D:\Obsidian\Web Clipper\001_inbox\RTPLAN_57661.dcm,NewPlan,1,Beam1,302,232.0,-172.10141563,0.73341564141,1400.0,-150.0,150.0,-150.0,150.0,-4.0,-0.3703689499999996,0.001354186400000068,47.767700000000005,301→302,0.0925922374999999,0.003656317301977041,0.6207323805086817,214.96942440774285,105.67867527771982,109.29074913002302
D:\Obsidian\Web Clipper\001_inbox\RTPLAN_57661.dcm,NewPlan,1,Beam1,303,228.0,-172.47178459,0.73484070719,1400.0,-150.0,150.0,-150.0,150.0,-4.0,-0.3703689600000075,0.0014250657800000122,57.8241,302→303,0.09259224000000188,0.0038476922580120733,27.15238339627541,294.5589716805582,143.2134053566447,151.3455663239135
D:\Obsidian\Web Clipper\001_inbox\RTPLAN_57661.dcm,NewPlan,1,Beam1,304,224.0,-172.84215355,0.73624373333,1400.0,-150.0,150.0,-150.0,150.0,-4.0,-0.3703689600000075,0.0014030261399999855,60.375099999999996,303→304,0.09259224000000188,0.0037881850034083768,6.887726228461324,266.097353298716,125.73326879228502,140.36408450643094
D:\Obsidian\Web Clipper\001_inbox\RTPLAN_57661.dcm,NewPlan,1,Beam1,305,220.0,-173.21252251,0.7375987235,1400.0,-150.0,150.0,-150.0,150.0,-4.0,-0.3703689600000075,0.001354990169999959,53.3121,304→305,0.09259224000000188,0.0036584873905197977,19.070172619216933,408.98756742464843,194.17150940510385,214.81605801954458
D:\Obsidian\Web Clipper\001_inbox\RTPLAN_57661.dcm,NewPlan,1,Beam1,306,216.0,-173.58289146,0.73900066117,1400.0,-150.0,150.0,-150.0,150.0,-4.0,-0.3703689499999996,0.0014019376699999642,46.365100000000005,305→306,0.0925922374999999,0.003785246225419182,18.756971932987373,516.1698895115269,298.0897831743188,218.08010633720804
D:\Obsidian\Web Clipper\001_inbox\RTPLAN_57661.dcm,NewPlan,1,Beam1,307,212.0,-173.95326042,0.74067273952,1400.0,-150.0,150.0,-150.0,150.0,-4.0,-0.3703689599999791,0.0016720783500000502,41.1184,306→307,0.09259223999999477,0.00451462873670662,14.166143944676952,315.8242526587719,128.54316949239666,187.28108316637528
D:\Obsidian\Web Clipper\001_inbox\RTPLAN_57661.dcm,NewPlan,1,Beam1,308,208.0,-174.32362938,0.74246567425,1400.0,-150.0,150.0,-150.0,150.0,-4.0,-0.3703689600000075,0.0017929347299999732,46.720200000000006,307→308,0.09259224000000188,0.004840942205307747,15.12491759568591,241.4570594684776,105.10087022411172,136.35618924436588
D:\Obsidian\Web Clipper\001_inbox\RTPLAN_57661.dcm,NewPlan,1,Beam1,309,204.0,-174.69399834,0.74430834683,1400.0,-150.0,150.0,-150.0,150.0,-4.0,-0.3703689600000075,0.0018426725800000376,43.007600000000004,308→309,0.09259224000000188,0.004975234911694545,10.02405817161332,259.85384952345373,111.50421460804696,148.34963491540677
D:\Obsidian\Web Clipper\001_inbox\RTPLAN_57661.dcm,NewPlan,1,Beam1,310,200.0,-175.06436729,0.74615039975,1400.0,-150.0,150.0,-150.0,150.0,-4.0,-0.3703689499999996,0.001842052919999948,39.011199999999995,309→310,0.0925922374999999,0.004973561957609973,10.79032138088253,238.47004453262107,99.40520121894681,139.06484331367426
D:\Obsidian\Web Clipper\001_inbox\RTPLAN_57661.dcm,NewPlan,1,Beam1,311,196.0,-175.43473625,0.74800805708,1400.0,-150.0,150.0,-150.0,150.0,-4.0,-0.3703689599999791,0.0018576573299999843,36.542899999999996,310→311,0.09259223999999477,0.0050156938907625764,6.664435378170294,327.296056343401,150.66219372164218,176.63386262175885
D:\Obsidian\Web Clipper\001_inbox\RTPLAN_57661.dcm,NewPlan,1,Beam1,312,192.0,-175.80510521,0.74986036261,1400.0,-150.0,150.0,-150.0,150.0,-4.0,-0.3703689600000075,0.0018523055300000424,35.5832,311→312,0.09259224000000188,0.005001243975737073,2.5911998672890366,389.6568438132533,215.87473205097527,173.78211176227808
D:\Obsidian\Web Clipper\001_inbox\RTPLAN_57661.dcm,NewPlan,1,Beam1,313,188.0,-176.17547416687,0.75155182772,1400.0,-150.0,150.0,-150.0,150.0,-4.0,-0.3703689568700099,0.0016914651099999567,33.840900000000005,312→313,0.09259223921750248,0.004566973226629299,4.704227953455333,484.7841501549417,243.7396502204253,241.04449993451638
D:\Obsidian\Web Clipper\001_inbox\RTPLAN_57661.dcm,NewPlan,1,Beam1,314,184.0,-176.54584312439,0.75316042449,1400.0,-150.0,150.0,-150.0,150.0,-4.0,-0.370368957519986,0.0016085967700000259,40.9882,313→314,0.0925922393799965,0.004343227847094129,19.29778361517868,331.45542440169413,140.18750477271897,191.2679196289752
D:\Obsidian\Web Clipper\001_inbox\RTPLAN_57661.dcm,NewPlan,1,Beam1,315,180.0,-176.91621208,0.75469432401,1400.0,-150.0,150.0,-150.0,150.0,-4.0,-0.3703689556100187,0.0015338995200000483,52.9728,314→315,0.09259223890250468,0.004141544524091196,32.35854360487823,337.07846759017866,116.90234654977328,220.17612104040538
D:\Obsidian\Web Clipper\001_inbox\RTPLAN_57661.dcm,NewPlan,1,Beam1,316,176.0,-177.28658104,0.75613628034,1400.0,-150.0,150.0,-150.0,150.0,-4.0,-0.3703689599999791,0.0014419563299999938,47.23779999999999,315→316,0.09259223999999477,0.0038932969166748615,15.484558965201431,262.16937834100753,90.30670388793352,171.862674453074
D:\Obsidian\Web Clipper\001_inbox\RTPLAN_57661.dcm,NewPlan,1,Beam1,317,172.0,-177.65695,0.75747303744,1400.0,-150.0,150.0,-150.0,150.0,-4.0,-0.3703689600000075,0.00133675710000003,47.7878,316→317,0.09259224000000188,0.0036092579140541443,1.4850056549015151,316.37586475928657,186.5520803903183,129.82378436896826
D:\Obsidian\Web Clipper\001_inbox\RTPLAN_57661.dcm,NewPlan,1,Beam1,318,168.0,-178.02731895,0.75876072192,1400.0,-150.0,150.0,-150.0,150.0,-4.0,-0.3703689499999996,0.0012876844799999398,42.3849,317→318,0.0925922374999999,0.003476761429379923,14.5878859445426,246.11593385460662,107.04002049847874,139.07591335612787
D:\Obsidian\Web Clipper\001_inbox\RTPLAN_57661.dcm,NewPlan,1,Beam1,319,164.0,-178.39768791,0.76027111949,1400.0,-150.0,150.0,-150.0,150.0,-4.0,-0.3703689600000075,0.0015103975700000438,38.3439,318→319,0.09259224000000188,0.004078088968362827,10.910741548103605,210.710152384256,91.68883915109762,119.02131323315837
D:\Obsidian\Web Clipper\001_inbox\RTPLAN_57661.dcm,NewPlan,1,Beam1,320,160.0,-178.76805687,0.76190517156,1400.0,-150.0,150.0,-150.0,150.0,-4.0,-0.3703689600000075,0.0016340520700000027,38.6901,319→320,0.09259224000000188,0.004411957389733658,0.9347435595034642,192.31849234881494,82.96456592906536,109.35392641974958
D:\Obsidian\Web Clipper\001_inbox\RTPLAN_57661.dcm,NewPlan,1,Beam1,321,156.0,-179.13842583,0.76357051704,1400.0,-150.0,150.0,-150.0,150.0,-4.0,-0.3703689599999791,0.001665345479999969,41.6205,320→321,0.09259223999999477,0.00449644991848146,7.912110129315816,313.57919410958885,142.10964115352152,171.46955295606733
D:\Obsidian\Web Clipper\001_inbox\RTPLAN_57661.dcm,NewPlan,1,Beam1,322,152.0,-179.50879478,0.76520650402,1400.0,-150.0,150.0,-150.0,150.0,-4.0,-0.3703689499999996,0.0016359869800000038,53.831799999999994,321→322,0.0925922374999999,0.004417181785892164,32.97063644239078,211.24908014022253,75.01006766360956,136.23901247661297
D:\Obsidian\Web Clipper\001_inbox\RTPLAN_57661.dcm,NewPlan,1,Beam1,323,148.0,-179.87916374,0.76687909323,1400.0,-150.0,150.0,-150.0,150.0,-4.0,-0.3703689600000075,0.0016725892100000195,42.1389,322→323,0.09259224000000188,0.004516008063958668,31.57095022217779,338.33504837985737,104.56815819554429,233.76689018431307
D:\Obsidian\Web Clipper\001_inbox\RTPLAN_57661.dcm,NewPlan,1,Beam1,324,144.0,-180.2495327,0.76858059729,1400.0,-150.0,150.0,-150.0,150.0,-4.0,-0.3703689600000075,0.0017015040599999143,47.3538,323→324,0.09259224000000188,0.0045940784562504364,14.080283617719731,379.95921688469025,173.4019503146233,206.55726657006693
D:\Obsidian\Web Clipper\001_inbox\RTPLAN_57661.dcm,NewPlan,1,Beam1,325,140.0,-180.61990166,0.77021568295459,1400.0,-150.0,150.0,-150.0,150.0,-4.0,-0.3703689600000075,0.0016350856645900302,44.966899999999995,324→325,0.09259224000000188,0.004414748105753779,6.444654541244374,202.33958050911843,78.25007797629532,124.08950253282312
D:\Obsidian\Web Clipper\001_inbox\RTPLAN_57661.dcm,NewPlan,1,Beam1,326,136.0,-180.99027061,0.77185952282,1400.0,-150.0,150.0,-150.0,150.0,-4.0,-0.3703689499999996,0.0016438398654100572,38.2089,325→326,0.0925922374999999,0.004438384657812322,18.246669975979366,246.35245476166432,117.72504147553421,128.6274132861301
D:\Obsidian\Web Clipper\001_inbox\RTPLAN_57661.dcm,NewPlan,1,Beam1,327,132.0,-181.36063957,0.77355125067,1400.0,-150.0,150.0,-150.0,150.0,-4.0,-0.3703689599999791,0.0016917278499999355,42.3404,326→327,0.09259223999999477,0.004567682588735382,11.155092478592795,250.4410736796227,117.55223763892755,132.88883604069514
D:\Obsidian\Web Clipper\001_inbox\RTPLAN_57661.dcm,NewPlan,1,Beam1,328,128.0,-181.73100853,0.77531230949,1400.0,-150.0,150.0,-150.0,150.0,-4.0,-0.3703689600000075,0.0017610588199999944,49.1587,327→328,0.09259224000000188,0.004754876920571202,18.409480103299863,212.8426205046946,81.78736144627074,131.05525905842384
D:\Obsidian\Web Clipper\001_inbox\RTPLAN_57661.dcm,NewPlan,1,Beam1,329,124.0,-182.10137749,0.77707002215,1400.0,-150.0,150.0,-150.0,150.0,-4.0,-0.3703689600000075,0.0017577126600000215,40.5739,328→329,0.09259224000000188,0.0047458422541672655,23.17904826581533,308.8015259162044,140.72777589136774,168.07375002483667
D:\Obsidian\Web Clipper\001_inbox\RTPLAN_57661.dcm,NewPlan,1,Beam1,330,120.0,-182.47174644,0.77879331987897,1400.0,-150.0,150.0,-150.0,150.0,-4.0,-0.3703689499999996,0.0017232977289700635,35.8687,329→330,0.0925922374999999,0.004652921712173943,12.70408872018027,307.52658936447057,165.10806318942252,142.41852617504804
D:\Obsidian\Web Clipper\001_inbox\RTPLAN_57661.dcm,NewPlan,1,Beam1,331,116.0,-182.8421154,0.78096998369,1400.0,-150.0,150.0,-150.0,150.0,-4.0,-0.3703689600000075,0.0021766638110299885,40.5431,330→331,0.09259224000000188,0.005877014669452711,12.620928060493814,267.86559003216144,105.47158163578074,162.39400839638068
D:\Obsidian\Web Clipper\001_inbox\RTPLAN_57661.dcm,NewPlan,1,Beam1,332,112.0,-183.21248436,0.78307493066,1400.0,-150.0,150.0,-150.0,150.0,-4.0,-0.3703689599999791,0.0021049469699999657,45.94070000000001,331→332,0.09259223999999477,0.005683378461305409,14.573575496176323,259.76933920165834,97.00650940079328,162.76282980086506
D:\Obsidian\Web Clipper\001_inbox\RTPLAN_57661.dcm,NewPlan,1,Beam1,333,108.0,-183.58285332,0.78519497789032,1400.0,-150.0,150.0,-150.0,150.0,-4.0,-0.3703689600000075,0.002120047230319999,40.6762,332→333,0.09259224000000188,0.00572414931942449,14.214204127689044,290.92340783633114,91.00114653236415,199.922261303967
D:\Obsidian\Web Clipper\001_inbox\RTPLAN_57661.dcm,NewPlan,1,Beam1,334,104.0,-183.95322227478,0.78733412689,1400.0,-150.0,150.0,-150.0,150.0,-4.0,-0.3703689547799911,0.0021391489996800406,39.260600000000004,333→334,0.09259223869499777,0.005775724374497726,3.8221346085578403,206.07099762272853,74.58832508359154,131.48267253913698
D:\Obsidian\Web Clipper\001_inbox\RTPLAN_57661.dcm,NewPlan,1,Beam1,335,100.0,-184.3235912323,0.78953593784,1400.0,-150.0,150.0,-150.0,150.0,-4.0,-0.3703689575200144,0.0022018109499999383,39.5501,334→335,0.0925922393800036,0.005944912243032556,0.7816529817684638,134.1103215901021,73.79155149233344,60.31877009776868
D:\Obsidian\Web Clipper\001_inbox\RTPLAN_57661.dcm,NewPlan,1,Beam1,336,96.0,-184.69396019,0.79171612933,1400.0,-150.0,150.0,-150.0,150.0,-4.0,-0.3703689577000091,0.0021801914900000385,34.982,335→336,0.09259223942500228,0.005886539475497692,12.333917044149429,206.26728674674268,62.94723009395296,143.32005665278973
D:\Obsidian\Web Clipper\001_inbox\RTPLAN_57661.dcm,NewPlan,1,Beam1,337,92.0,-185.06432915,0.79382251498595,1400.0,-150.0,150.0,-150.0,150.0,-4.0,-0.3703689599999791,0.002106385655950005,50.5736,336→337,0.09259223999999477,0.005687262928162564,42.097480307207384,340.6265471059106,150.30255235212783,190.32399475378278
D:\Obsidian\Web Clipper\001_inbox\RTPLAN_57661.dcm,NewPlan,1,Beam1,338,88.0,-185.43471956,0.79595804669064,1400.0,-150.0,150.0,-150.0,150.0,-4.0,-0.37039040999999884,0.0021355317046899414,45.594,337→338,0.09259760249999971,0.005765623642064459,13.444192575072377,263.7808576091382,73.8712430486526,189.90961456048558
D:\Obsidian\Web Clipper\001_inbox\RTPLAN_57661.dcm,NewPlan,1,Beam1,339,84.0,-185.80508852005,0.7979972565,1400.0,-150.0,150.0,-150.0,150.0,-4.0,-0.3703689600500013,0.0020392098093600097,38.0314,338→339,0.09259224001250033,0.005505887450948125,20.419097753167602,226.2479015214647,73.14273851767373,153.10516300379098
D:\Obsidian\Web Clipper\001_inbox\RTPLAN_57661.dcm,NewPlan,1,Beam1,340,80.0,-186.17545747757,0.79994203377,1400.0,-150.0,150.0,-150.0,150.0,-4.0,-0.3703689575200144,0.0019447772699999755,36.3908,339→340,0.0925922393800036,0.0052509186596581365,4.42963689771798,254.1508895083717,103.9746966318553,150.1761928765164
D:\Obsidian\Web Clipper\001_inbox\RTPLAN_57661.dcm,NewPlan,1,Beam1,341,76.0,-186.54582644,0.80201423994982,1400.0,-150.0,150.0,-150.0,150.0,-4.0,-0.37036896243000683,0.0020722061798200686,40.4972,340→341,0.09259224060750171,0.005594977954481483,11.087322147778616,214.7947265290465,108.88115390506283,105.91357262398365
D:\Obsidian\Web Clipper\001_inbox\RTPLAN_57661.dcm,NewPlan,1,Beam1,342,72.0,-186.91619539,0.80418115803,1400.0,-150.0,150.0,-150.0,150.0,-4.0,-0.3703689499999996,0.0021669180801799914,46.3042,341→342,0.0925922374999999,0.005850701253925292,15.678960128812117,157.6244444897448,54.31475829709812,103.30968619264667
D:\Obsidian\Web Clipper\001_inbox\RTPLAN_57661.dcm,NewPlan,1,Beam1,343,68.0,-187.28656435,0.80616016324,1400.0,-150.0,150.0,-150.0,150.0,-4.0,-0.3703689599999791,0.00197900520999994,39.5777,342→343,0.09259223999999477,0.00534333441441759,18.161619159446786,222.8199684984526,82.2439331849022,140.5760353135504
D:\Obsidian\Web Clipper\001_inbox\RTPLAN_57661.dcm,NewPlan,1,Beam1,344,64.0,-187.65693331,0.80802594,1400.0,-150.0,150.0,-150.0,150.0,-4.0,-0.3703689600000075,0.001865776760000104,29.4652,343→344,0.09259224000000188,0.005037616435243564,27.303853973075377,239.38210156703792,104.45799777605343,134.9241037909845
D:\Obsidian\Web Clipper\001_inbox\RTPLAN_57661.dcm,NewPlan,1,Beam1,345,60.0,-188.02732134,0.80981116205,1400.0,-150.0,150.0,-150.0,150.0,-4.0,-0.37038802999998666,0.0017852220499999794,27.897999999999996,344→345,0.09259700749999666,0.004819869718792056,4.231238250329147,338.8446435485632,161.2660106753508,177.5786328732124
D:\Obsidian\Web Clipper\001_inbox\RTPLAN_57661.dcm,NewPlan,1,Beam1,346,56.0,-188.3976903,0.81159807822,1400.0,-150.0,150.0,-150.0,150.0,-4.0,-0.3703689600000075,0.0017869161699999303,25.706999999999997,345→346,0.09259224000000188,0.00482469203142697,5.91572252707126,280.7227689922986,174.42282420211103,106.2999447901876
D:\Obsidian\Web Clipper\001_inbox\RTPLAN_57661.dcm,NewPlan,1,Beam1,347,52.0,-188.76805925,0.81336531502,1400.0,-150.0,150.0,-150.0,150.0,-4.0,-0.3703689499999996,0.001767236800000016,48.2481,346→347,0.0925922374999999,0.004771557658923671,60.86120340271513,475.25798261436387,181.0149041921578,294.2430784222061
D:\Obsidian\Web Clipper\001_inbox\RTPLAN_57661.dcm,NewPlan,1,Beam1,348,48.0,-189.13842821,0.81526544347,1400.0,-150.0,150.0,-150.0,150.0,-4.0,-0.3703689600000075,0.0019001284499999826,42.205,347→348,0.09259224000000188,0.005130366351434915,16.316432132973237,607.2801025226181,264.6004675985753,342.67963492404283
D:\Obsidian\Web Clipper\001_inbox\RTPLAN_57661.dcm,NewPlan,1,Beam1,349,44.0,-189.50879717,0.81709438711516,1400.0,-150.0,150.0,-150.0,150.0,-4.0,-0.3703689600000075,0.0018289436451600638,41.89639999999999,348→349,0.09259224000000188,0.004938166646470662,0.8332231729138405,476.68276520796024,206.79999749438628,269.88276771357397
D:\Obsidian\Web Clipper\001_inbox\RTPLAN_57661.dcm,NewPlan,1,Beam1,350,40.0,-189.87916613,0.81895319814,1400.0,-150.0,150.0,-150.0,150.0,-4.0,-0.3703689599999791,0.0018588110248399792,34.6271,349→350,0.09259223999999477,0.005018808878692437,19.627184740320583,284.0076015009625,77.35799457924772,206.6496069217148
D:\Obsidian\Web Clipper\001_inbox\RTPLAN_57661.dcm,NewPlan,1,Beam1,351,36.0,-190.24953508,0.82068503745,1400.0,-150.0,150.0,-150.0,150.0,-4.0,-0.3703689499999996,0.001731839309999983,37.1167,350→351,0.0925922374999999,0.004675984069398865,6.721945778662077,328.8960913165106,79.77342593108854,249.12266538542204
D:\Obsidian\Web Clipper\001_inbox\RTPLAN_57661.dcm,NewPlan,1,Beam1,352,32.0,-190.61990404129,0.82238352393,1400.0,-150.0,150.0,-150.0,150.0,-4.0,-0.37036896129001207,0.0016984864800000388,41.059999999999995,351→352,0.09259224032250302,0.00458593094325219,10.646950506503837,308.8274449392543,88.60515709982357,220.2222878394307
D:\Obsidian\Web Clipper\001_inbox\RTPLAN_57661.dcm,NewPlan,1,Beam1,353,28.0,-190.99027299881,0.82415647204,1400.0,-150.0,150.0,-150.0,150.0,-4.0,-0.3703689575200144,0.00177294810999995,42.424,352→353,0.0925922393800036,0.00478697815786611,3.682814048815889,322.5402603930286,133.5695095270685,188.97075086596004
D:\Obsidian\Web Clipper\001_inbox\RTPLAN_57661.dcm,NewPlan,1,Beam1,354,24.0,-191.36066103,0.82600198771,1400.0,-150.0,150.0,-150.0,150.0,-4.0,-0.3703880311899752,0.0018455156700000197,43.2913,353→354,0.0925970077974938,0.00498265471503165,2.341598342726022,263.9739726088813,107.17921924328759,156.79475336559372
D:\Obsidian\Web Clipper\001_inbox\RTPLAN_57661.dcm,NewPlan,1,Beam1,355,20.0,-191.73102999,0.82798841845,1400.0,-150.0,150.0,-150.0,150.0,-4.0,-0.3703689600000075,0.0019864307400000447,32.6985,354→355,0.09259224000000188,0.005363383421764082,28.600668911346624,400.0548534088736,123.77117132061785,276.2836820882558
D:\Obsidian\Web Clipper\001_inbox\RTPLAN_57661.dcm,NewPlan,1,Beam1,356,16.0,-192.10139894,0.83005361972226,1400.0,-150.0,150.0,-150.0,150.0,-4.0,-0.3703689499999996,0.0020652012722599533,29.4163,355→356,0.0925922374999999,0.005576064819310462,8.861973985670254,365.19260051362335,110.62104423170474,254.57155628191862
D:\Obsidian\Web Clipper\001_inbox\RTPLAN_57661.dcm,NewPlan,1,Beam1,357,12.0,-192.4717679,0.83224377183,1400.0,-150.0,150.0,-150.0,150.0,-4.0,-0.3703689600000075,0.0021901521077399844,27.6541,356→357,0.09259224000000188,0.005913433209251499,4.757958118304418,332.7876072552017,124.83308536438655,207.95452189081513
D:\Obsidian\Web Clipper\001_inbox\RTPLAN_57661.dcm,NewPlan,1,Beam1,358,8.0,-192.84213686,0.83443252503,1400.0,-150.0,150.0,-150.0,150.0,-4.0,-0.3703689600000075,0.0021887532000000043,43.1023,357→358,0.09259224000000188,0.0059096561439704876,41.71029883281711,452.43289286444684,189.41490129194028,263.01799157250656
D:\Obsidian\Web Clipper\001_inbox\RTPLAN_57661.dcm,NewPlan,1,Beam1,359,4.0,-193.21250582,0.83655219872,1400.0,-150.0,150.0,-150.0,150.0,-4.0,-0.3703689599999791,0.00211967368999999,37.5003,358→359,0.09259223999999477,0.005723140756720298,15.125457597743377,236.35647004545126,93.1827548399357,143.17371520551558
D:\Obsidian\Web Clipper\001_inbox\RTPLAN_57661.dcm,NewPlan,1,Beam1,360,0.0,-193.58287477,0.83855524066,1400.0,-150.0,150.0,-150.0,150.0,-4.0,-0.3703689499999996,0.0020030419400000055,21.2092,359→360,0.0925922374999999,0.005408233978577329,43.986138686841926,304.2965669773347,181.91292763607768,122.38363934125701
D:\Obsidian\Web Clipper\001_inbox\RTPLAN_57661.dcm,NewPlan,1,Beam1,361,356.0,-193.95326281,0.84072391961,1400.0,-150.0,150.0,-150.0,150.0,-4.0,-0.370388040000023,0.002168678950000058,19.848200000000002,360→361,0.09259701000000575,0.005855153827320999,3.674524695775578,459.3693144087197,267.6166325456779,191.75268186304177
D:\Obsidian\Web Clipper\001_inbox\RTPLAN_57661.dcm,NewPlan,1,Beam1,362,352.0,-194.32363176,0.84300929737,1400.0,-150.0,150.0,-150.0,150.0,-4.0,-0.3703689499999996,0.002285377759999929,27.581500000000005,361→362,0.0925922374999999,0.006170543616034583,20.87999007476197,366.5274856329078,199.68115577723265,166.84632985567518
D:\Obsidian\Web Clipper\001_inbox\RTPLAN_57661.dcm,NewPlan,1,Beam1,363,348.0,-194.69400072,0.84531915841,1400.0,-150.0,150.0,-150.0,150.0,-4.0,-0.3703689599999791,0.002309861040000083,31.3592,362→363,0.09259223999999477,0.006236648557158281,10.199828840948792,292.97001562983604,109.82075819745339,183.14925743238265
D:\Obsidian\Web Clipper\001_inbox\RTPLAN_57661.dcm,NewPlan,1,Beam1,364,344.0,-195.06436968,0.84771512026,1400.0,-150.0,150.0,-150.0,150.0,-4.0,-0.3703689600000075,0.002395961849999906,36.512,363→364,0.09259224000000188,0.006469121629414779,13.912612979229941,328.45247074700194,103.05993245222069,225.39253829478125
D:\Obsidian\Web Clipper\001_inbox\RTPLAN_57661.dcm,NewPlan,1,Beam1,365,340.0,-195.43473864,0.85034704149,1400.0,-150.0,150.0,-150.0,150.0,-4.0,-0.3703689600000075,0.0026319212300000006,39.3838,364→365,0.09259224000000188,0.007106214381464222,7.753889526811162,214.53417694614143,81.56461059803549,132.96956634810596
D:\Obsidian\Web Clipper\001_inbox\RTPLAN_57661.dcm,NewPlan,1,Beam1,366,336.0,-195.80510759,0.85299355959,1400.0,-150.0,150.0,-150.0,150.0,-4.0,-0.3703689499999996,0.0026465181000000504,39.162200000000006,365→366,0.0925922374999999,0.007145626273476903,0.5983222945659872,148.99116138110406,73.50697189923731,75.48418948186674
D:\Obsidian\Web Clipper\001_inbox\RTPLAN_57661.dcm,NewPlan,1,Beam1,367,332.0,-196.17547655,0.85563788217357,1400.0,-150.0,150.0,-150.0,150.0,-4.0,-0.3703689600000075,0.002644322583569947,32.827600000000004,366→367,0.09259224000000188,0.007139698163609319,17.103485130071032,299.95251221916044,215.93035226277703,84.0221599563834
D:\Obsidian\Web Clipper\001_inbox\RTPLAN_57661.dcm,NewPlan,1,Beam1,368,328.0,-196.54584551,0.85851419966172,1400.0,-150.0,150.0,-150.0,150.0,-4.0,-0.3703689599999791,0.002876317488150093,34.5239,367→368,0.09259223999999477,0.007766086791264191,4.580027440744736,233.882180623357,89.12490938765997,144.757271235697
D:\Obsidian\Web Clipper\001_inbox\RTPLAN_57661.dcm,NewPlan,1,Beam1,369,324.0,-196.91621447,0.86147057213,1400.0,-150.0,150.0,-150.0,150.0,-4.0,-0.3703689600000075,0.0029563724682799553,32.1092,368→369,0.09259224000000188,0.007982236060710636,6.519714827073919,405.1697528864108,183.34581818087193,221.82393470553885
D:\Obsidian\Web Clipper\001_inbox\RTPLAN_57661.dcm,NewPlan,1,Beam1,370,320.0,-197.2866025,0.86471102697,1400.0,-150.0,150.0,-150.0,150.0,-4.0,-0.37038802999998666,0.0032404548400000177,38.165,369→370,0.09259700749999666,0.00874881091594708,16.349880421352214,453.77222368661876,162.11782006022753,291.65440362639123
D:\Obsidian\Web Clipper\001_inbox\RTPLAN_57661.dcm,NewPlan,1,Beam1,371,316.0,-197.65697145462,0.86849861368,1400.0,-150.0,150.0,-150.0,150.0,-4.0,-0.3703689546200053,0.0037875867100000127,40.152,370→371,0.09259223865500132,0.010226523208150741,5.364920507548057,428.4087476035702,158.3172651718601,270.09148243171006
D:\Obsidian\Web Clipper\001_inbox\RTPLAN_57661.dcm,NewPlan,1,Beam1,372,312.0,-198.02734041214,0.87289843861,1400.0,-150.0,150.0,-150.0,150.0,-4.0,-0.3703689575200144,0.004399824930000018,48.899300000000004,371→372,0.0925922393800036,0.011879572627957772,23.61780009472664,664.3980144764223,273.380362862966,391.0176516134563
D:\Obsidian\Web Clipper\001_inbox\RTPLAN_57661.dcm,NewPlan,1,Beam1,373,308.0,-198.39770937,0.87673903757,1400.0,-150.0,150.0,-150.0,150.0,-4.0,-0.3703689578599949,0.003840598959999997,30.153100000000002,372→373,0.09259223946499873,0.010369656739568875,50.61493303411878,936.0328198213883,468.76714777384177,467.2656720475466
D:\Obsidian\Web Clipper\001_inbox\RTPLAN_57661.dcm,NewPlan,1,Beam1,374,304.0,-198.76807833,0.87986168562092,1400.0,-150.0,150.0,-150.0,150.0,-4.0,-0.3703689600000075,0.003122648050919996,28.210600000000003,373→374,0.09259224000000188,0.008431181843424278,5.244769972083945,576.4843252522988,240.5579560446917,335.92636920760714
D:\Obsidian\Web Clipper\001_inbox\RTPLAN_57661.dcm,NewPlan,1,Beam1,375,300.0,-199.13844728,0.88288020782,1400.0,-150.0,150.0,-150.0,150.0,-4.0,-0.3703689499999996,0.0030185221990799427,28.1391,374→375,0.0925922374999999,0.00815004119292383,0.19305074034959996,440.7586003092327,216.4152799525989,224.3433203566338
D:\Obsidian\Web Clipper\001_inbox\RTPLAN_57661.dcm,NewPlan,1,Beam1,376,296.0,-199.50881624,0.88580744262,1400.0,-150.0,150.0,-150.0,150.0,-4.0,-0.3703689599999791,0.0029272348000000115,48.422799999999995,375→376,0.09259223999999477,0.007903564056772405,54.76619854968716,417.0535781400491,172.56602713144105,244.48755100860805
D:\Obsidian\Web Clipper\001_inbox\RTPLAN_57661.dcm,NewPlan,1,Beam1,377,292.0,-199.87920427,0.8888546148,1400.0,-150.0,150.0,-150.0,150.0,-4.0,-0.3703880300000151,0.0030471721800000573,40.1297,376→377,0.09259700750000377,0.008226972615718529,22.39030240798996,313.92024196892993,92.19385410483868,221.72638786409124
D:\Obsidian\Web Clipper\001_inbox\RTPLAN_57661.dcm,NewPlan,1,Beam1,378,288.0,-200.24957323,0.8919688127,1400.0,-150.0,150.0,-150.0,150.0,-4.0,-0.3703689600000075,0.003114197899999893,36.97189999999999,377→378,0.09259224000000188,0.008408366349058598,8.526092467359966,231.29908078689493,65.57838972250674,165.7206910643882
D:\Obsidian\Web Clipper\001_inbox\RTPLAN_57661.dcm,NewPlan,1,Beam1,379,284.0,-200.61994219,0.89507112468,1400.0,-150.0,150.0,-150.0,150.0,-4.0,-0.3703689599999791,0.0031023119800001053,31.772400000000005,378→379,0.09259223999999477,0.008376274242853074,14.038703459383528,179.46779341336745,89.12976940616691,90.33802400720053
D:\Obsidian\Web Clipper\001_inbox\RTPLAN_57661.dcm,NewPlan,1,Beam1,380,280.0,-200.99031115,0.89821416306,1400.0,-150.0,150.0,-150.0,150.0,-4.0,-0.3703689600000075,0.003143038379999963,25.172200000000004,379→380,0.09259224000000188,0.008486235941586193,17.820607860874375,288.5147286640809,209.5739880577423,78.94074060633862
D:\Obsidian\Web Clipper\001_inbox\RTPLAN_57661.dcm,NewPlan,1,Beam1,381,276.0,-201.3606801,0.90173017331,1400.0,-150.0,150.0,-150.0,150.0,-4.0,-0.3703689499999996,0.0035160102500000345,31.666200000000003,380→381,0.0925922374999999,0.009493264081667858,17.533867242380893,315.70195071698134,81.71149336357713,233.99045735340422
D:\Obsidian\Web Clipper\001_inbox\RTPLAN_57661.dcm,NewPlan,1,Beam1,382,272.0,-201.73104906,0.90540530228,1400.0,-150.0,150.0,-150.0,150.0,-4.0,-0.3703689600000075,0.0036751289699999967,35.575199999999995,381→382,0.09259224000000188,0.009922886005349699,10.55434019092721,359.86925038209813,76.21616023113663,283.65309015096153
D:\Obsidian\Web Clipper\001_inbox\RTPLAN_57661.dcm,NewPlan,1,Beam1,383,268.0,-202.10141802,0.90929878851,1400.0,-150.0,150.0,-150.0,150.0,-4.0,-0.3703689600000075,0.003893486229999965,32.1045,382→383,0.09259224000000188,0.010512452852420154,9.3709256844848,321.80072541715583,75.92941913922654,245.87130627792928
D:\Obsidian\Web Clipper\001_inbox\RTPLAN_57661.dcm,NewPlan,1,Beam1,384,264.0,-202.47178698,0.91358851034,1400.0,-150.0,150.0,-150.0,150.0,-4.0,-0.3703689599999791,0.004289721829999982,22.405099999999997,383→384,0.09259223999999477,0.011582293046372524,26.188479725732286,471.3337748390412,218.4500018576194,252.8837729814218
D:\Obsidian\Web Clipper\001_inbox\RTPLAN_57661.dcm,NewPlan,1,Beam1,385,260.0,-202.84215593338,0.91834949193,1400.0,-150.0,150.0,-150.0,150.0,-4.0,-0.37036895338002296,0.004760981590000046,36.8088,384→385,0.09259223834500574,0.01285469947345982,38.89013878876844,633.995365586346,291.76176624373755,342.2335993426084
D:\Obsidian\Web Clipper\001_inbox\RTPLAN_57661.dcm,NewPlan,1,Beam1,386,256.0,-203.21254396,0.92340056819,1400.0,-150.0,150.0,-150.0,150.0,-4.0,-0.3703880266199917,0.005051076260000009,29.299699999999998,385→386,0.09259700665499793,0.013637255788460676,20.273603519327956,450.1711394981695,107.244017476714,342.9271220214555
D:\Obsidian\Web Clipper\001_inbox\RTPLAN_57661.dcm,NewPlan,1,Beam1,387,252.0,-203.58291292,0.92790403037,1400.0,-150.0,150.0,-150.0,150.0,-4.0,-0.3703689600000075,0.004503462179999973,36.0103,386→387,0.09259224000000188,0.012159394188972751,18.118688995967336,176.0314903279116,63.74265273202031,112.28883759589128
D:\Obsidian\Web Clipper\001_inbox\RTPLAN_57661.dcm,NewPlan,1,Beam1,388,248.0,-203.95328188,0.93216965482,1400.0,-150.0,150.0,-150.0,150.0,-4.0,-0.3703689599999791,0.004265624450000005,35.8981,387→388,0.09259223999999477,0.01151722987261202,0.3029411535999338,193.54807703108827,78.32891827652524,115.21915875456304
D:\Obsidian\Web Clipper\001_inbox\RTPLAN_57661.dcm,NewPlan,1,Beam1,389,244.0,-204.32365084,0.93633743181202,1400.0,-150.0,150.0,-150.0,150.0,-4.0,-0.3703689600000075,0.004167776992019978,35.4002,388→389,0.09259224000000188,0.011253040730032813,1.3443351192281103,174.31131377747934,62.085926423206566,112.22538735427278
D:\Obsidian\Web Clipper\001_inbox\RTPLAN_57661.dcm,NewPlan,1,Beam1,390,240.0,-204.69401979,0.94038121719,1400.0,-150.0,150.0,-150.0,150.0,-4.0,-0.3703689499999996,0.004043785377980003,35.589,389→390,0.0925922374999999,0.010918262392082293,0.5097619549370992,198.26932036284379,70.51509042537185,127.75422993747193
D:\Obsidian\Web Clipper\001_inbox\RTPLAN_57661.dcm,NewPlan,1,Beam1,391,236.0,-205.06438875,0.9442251867,1400.0,-150.0,150.0,-150.0,150.0,-4.0,-0.3703689600000075,0.0038439695099999893,36.0589,390→391,0.09259224000000188,0.010378757199307176,1.268734831342219,125.91821949657731,58.75600374286108,67.16221575371623
D:\Obsidian\Web Clipper\001_inbox\RTPLAN_57661.dcm,NewPlan,1,Beam1,392,232.0,-205.43476725,0.94802871692,1400.0,-150.0,150.0,-150.0,150.0,-4.0,-0.37037849999998684,0.0038035302200000176,37.4577,391→392,0.09259462499999671,0.010269306182729702,3.7766771019377505,266.33376397389026,133.18969648616687,133.1440674877234
D:\Obsidian\Web Clipper\001_inbox\RTPLAN_57661.dcm,NewPlan,1,Beam1,393,228.0,-205.8051362,0.95197324025,1400.0,-150.0,150.0,-150.0,150.0,-4.0,-0.3703689499999996,0.003944523329999949,47.5832,392→393,0.0925922374999999,0.01065025383472333,27.33895484489185,198.68215194605293,88.0902678261772,110.59188411987573
D:\Obsidian\Web Clipper\001_inbox\RTPLAN_57661.dcm,NewPlan,1,Beam1,394,224.0,-206.17550516,0.95581752096,1400.0,-150.0,150.0,-150.0,150.0,-4.0,-0.3703689600000075,0.003844280710000092,43.323499999999996,393→394,0.09259224000000188,0.0103795974425071,11.50123379669807,154.67197899089285,60.48698033441988,94.18499865647298
D:\Obsidian\Web Clipper\001_inbox\RTPLAN_57661.dcm,NewPlan,1,Beam1,395,220.0,-206.54587412,0.95962653526033,1400.0,-150.0,150.0,-150.0,150.0,-4.0,-0.3703689600000075,0.0038090143003299826,42.036699999999996,394→395,0.09259224000000188,0.010284377773801307,3.4743732304131894,186.99353207136636,64.2456646474897,122.74786742387664
D:\Obsidian\Web Clipper\001_inbox\RTPLAN_57661.dcm,NewPlan,1,Beam1,396,216.0,-206.91624308,0.96342567627,1400.0,-150.0,150.0,-150.0,150.0,-4.0,-0.3703689599999791,0.0037991410096699374,35.6686,395→396,0.09259223999999477,0.01025771978750636,17.193935474507253,183.1074072730172,63.72051264771575,119.38689462530147
D:\Obsidian\Web Clipper\001_inbox\RTPLAN_57661.dcm,NewPlan,1,Beam1,397,212.0,-207.28661203,0.96723437418,1400.0,-150.0,150.0,-150.0,150.0,-4.0,-0.3703689499999996,0.0038086979100000473,35.571200000000005,396→397,0.0925922374999999,0.01028352379431389,0.26298100853214984,188.87706434354195,63.15216218854206,125.7249021549999
D:\Obsidian\Web Clipper\001_inbox\RTPLAN_57661.dcm,NewPlan,1,Beam1,398,208.0,-207.65698099,0.97106427199,1400.0,-150.0,150.0,-150.0,150.0,-4.0,-0.3703689600000075,0.0038298978099999825,34.1077,397→398,0.09259224000000188,0.010340763464627017,3.9514650471788286,215.97814244476203,119.29698428291371,96.68115816184832
D:\Obsidian\Web Clipper\001_inbox\RTPLAN_57661.dcm,NewPlan,1,Beam1,399,204.0,-208.02735949,0.97487343412,1400.0,-150.0,150.0,-150.0,150.0,-4.0,-0.37037850000001526,0.0038091621300000433,38.492,398→399,0.09259462500000382,0.010284512005961163,11.837350170163267,176.34689918555563,68.29635089509505,108.05054829046058
D:\Obsidian\Web Clipper\001_inbox\RTPLAN_57661.dcm,NewPlan,1,Beam1,400,200.0,-208.39772844,0.97859660333,1400.0,-150.0,150.0,-150.0,150.0,-4.0,-0.3703689499999996,0.0037231692099999325,40.8663,399→400,0.0925922374999999,0.01005259541870326,6.4106345847836534,148.39202908343168,57.50671053823498,90.88531854519671
D:\Obsidian\Web Clipper\001_inbox\RTPLAN_57661.dcm,NewPlan,1,Beam1,401,196.0,-208.7680974,0.98244074383,1400.0,-150.0,150.0,-150.0,150.0,-4.0,-0.3703689599999791,0.0038441405000000373,41.8125,400→401,0.09259223999999477,0.010379218874066159,2.5547497284871037,145.78381514477627,59.5649268232447,86.21888832153158
D:\Obsidian\Web Clipper\001_inbox\RTPLAN_57661.dcm,NewPlan,1,Beam1,402,192.0,-209.13846636,0.98648330603,1400.0,-150.0,150.0,-150.0,150.0,-4.0,-0.3703689600000075,0.004042562199999988,43.862,401→402,0.09259224000000188,0.01091495950416554,5.533671072219335,161.81782620227892,65.64615998057589,96.17166622170302
D:\Obsidian\Web Clipper\001_inbox\RTPLAN_57661.dcm,NewPlan,1,Beam1,403,188.0,-209.50883532,0.99074406393,1400.0,-150.0,150.0,-150.0,150.0,-4.0,-0.3703689600000075,0.004260757900000023,40.9647,402→403,0.09259224000000188,0.011504090137575073,7.822739788992961,156.83279721928864,70.45514829320327,86.37764892608536
D:\Obsidian\Web Clipper\001_inbox\RTPLAN_57661.dcm,NewPlan,1,Beam1,404,184.0,-209.87920427,0.99523787594,1400.0,-150.0,150.0,-150.0,150.0,-4.0,-0.3703689499999996,0.004493812009999987,39.924099999999996,403→404,0.0925922374999999,0.012133338958354884,2.809630774934038,154.0590808165751,68.87429413291808,85.18478668365702
D:\Obsidian\Web Clipper\001_inbox\RTPLAN_57661.dcm,NewPlan,1,Beam1,405,180.0,-210.24957323,1.0,1400.0,-150.0,150.0,-150.0,150.0,-4.0,-0.3703689600000075,0.004762124059999984,30.245700000000003,404→405,0.09259224000000188,0.012857783924440879,26.131779509815825,610.3427241850814,296.34097846644,314.0017457186413
D:\Obsidian\Web Clipper\001_inbox\RTPLAN_57661.dcm,NewPlan,2,Beam11,0,180.0,-210.24957323,0.0,1400.0,-150.0,150.0,-150.0,150.0,,,,25.454900000000006,,,,,,,
D:\Obsidian\Web Clipper\001_inbox\RTPLAN_57661.dcm,NewPlan,2,Beam11,1,184.0,-209.87920427,0.0037505394594,1400.0,-150.0,150.0,-150.0,150.0,4.0,0.3703689600000075,0.0037505394594,33.1689,0→1,0.09259224000000188,0.010126495102073143,20.827879312563987,224.37436441757512,99.56503914366701,124.80932527390812
D:\Obsidian\Web Clipper\001_inbox\RTPLAN_57661.dcm,NewPlan,2,Beam11,2,188.0,-209.50883532,0.0069848061386,1400.0,-150.0,150.0,-150.0,150.0,4.0,0.3703689499999996,0.0032342666792,31.179199999999998,1→2,0.0925922374999999,0.008732553523182772,5.372210602427674,308.9575948523766,137.3319766681307,171.62561818424592
D:\Obsidian\Web Clipper\001_inbox\RTPLAN_57661.dcm,NewPlan,2,Beam11,3,192.0,-209.13846636,0.0096532330358,1400.0,-150.0,150.0,-150.0,150.0,4.0,0.3703689600000075,0.0026684268972000007,29.328500000000002,2→3,0.09259224000000188,0.007204780058242317,4.996909028229468,227.16590504776184,95.5098937016733,131.65601134608852
D:\Obsidian\Web Clipper\001_inbox\RTPLAN_57661.dcm,NewPlan,2,Beam11,4,196.0,-208.7680974,0.011997289112,1400.0,-150.0,150.0,-150.0,150.0,4.0,0.3703689600000075,0.0023440560762,36.1914,3→4,0.09259224000000188,0.0063289755064786,18.529900561860963,162.53764894336388,57.715419780317355,104.82222916304653
D:\Obsidian\Web Clipper\001_inbox\RTPLAN_57661.dcm,NewPlan,2,Beam11,5,200.0,-208.39772844,0.01441395911,1400.0,-150.0,150.0,-150.0,150.0,4.0,0.3703689599999791,0.0024166699979999984,42.7723,4→5,0.09259223999999477,0.006525033841929234,17.7684976624401,203.1368935453021,64.61286604579753,138.52402749950454
D:\Obsidian\Web Clipper\001_inbox\RTPLAN_57661.dcm,NewPlan,2,Beam11,6,204.0,-208.02735949,0.017109771058,1400.0,-150.0,150.0,-150.0,150.0,4.0,0.3703689499999996,0.0026958119480000008,40.238,5→6,0.0925922374999999,0.007278720173491875,6.842636241509998,247.5056291840882,85.4113175524029,162.0943116316853
D:\Obsidian\Web Clipper\001_inbox\RTPLAN_57661.dcm,NewPlan,2,Beam11,7,208.0,-207.65698099,0.020051886996,1400.0,-150.0,150.0,-150.0,150.0,4.0,0.37037850000001526,0.002942115937999999,42.1269,6→7,0.09259462500000382,0.007943538671925822,5.099918056798442,202.6732113230031,92.15005730623834,110.52315401676476
D:\Obsidian\Web Clipper\001_inbox\RTPLAN_57661.dcm,NewPlan,2,Beam11,8,212.0,-207.28661203,0.02295635427,1400.0,-150.0,150.0,-150.0,150.0,4.0,0.3703689600000075,0.0029044672740000006,38.6148,7→8,0.09259224000000188,0.007842091502484284,9.482706110144665,143.49069641256904,59.09134501984064,84.39935139272839
D:\Obsidian\Web Clipper\001_inbox\RTPLAN_57661.dcm,NewPlan,2,Beam11,9,216.0,-206.91624308,0.025729330793,1400.0,-150.0,150.0,-150.0,150.0,4.0,0.3703689499999996,0.002772976523000001,30.7932,8→9,0.0925922374999999,0.0074870653249955324,21.118400989067826,129.7371175418459,42.10612147697589,87.63099606487
D:\Obsidian\Web Clipper\001_inbox\RTPLAN_57661.dcm,NewPlan,2,Beam11,10,220.0,-206.54587412,0.028509149298,1400.0,-150.0,150.0,-150.0,150.0,4.0,0.3703689599999791,0.002779818505,29.7206,9→10,0.09259223999999477,0.007505538544591201,2.896031028086312,134.00718029935018,45.59318361884579,88.41399668050438
D:\Obsidian\Web Clipper\001_inbox\RTPLAN_57661.dcm,NewPlan,2,Beam11,11,224.0,-206.17550516,0.031348177176,1400.0,-150.0,150.0,-150.0,150.0,4.0,0.3703689600000075,0.0028390278779999965,31.7129,10→11,0.09259224000000188,0.007665404460460021,5.379230484109574,186.79265130641232,70.71812929463489,116.07452201177745
D:\Obsidian\Web Clipper\001_inbox\RTPLAN_57661.dcm,NewPlan,2,Beam11,12,228.0,-205.8051362,0.034235632473,1400.0,-150.0,150.0,-150.0,150.0,4.0,0.3703689600000075,0.002887455297000005,30.7515,11→12,0.09259224000000188,0.007796158989673288,2.595789884767832,238.71519902747306,129.78328421474367,108.93191481272939
D:\Obsidian\Web Clipper\001_inbox\RTPLAN_57661.dcm,NewPlan,2,Beam11,13,232.0,-205.43476725,0.037370640324,1400.0,-150.0,150.0,-150.0,150.0,4.0,0.3703689499999996,0.003135007850999995,33.28920000000001,12→13,0.0925922374999999,0.008464553659263279,6.851816276715451,106.9298600760135,53.60897559042145,53.320884485592046
D:\Obsidian\Web Clipper\001_inbox\RTPLAN_57661.dcm,NewPlan,2,Beam11,14,236.0,-205.06438875,0.040743077463,1400.0,-150.0,150.0,-150.0,150.0,4.0,0.37037849999998684,0.003372437139000005,37.703199999999995,13→14,0.09259462499999671,0.00910538041220029,11.91753841003229,149.31644250409232,83.11794556109787,66.19849694299447
D:\Obsidian\Web Clipper\001_inbox\RTPLAN_57661.dcm,NewPlan,2,Beam11,15,240.0,-204.69401979,0.044269599225,1400.0,-150.0,150.0,-150.0,150.0,4.0,0.3703689600000075,0.0035265217619999956,33.7623,14→15,0.09259224000000188,0.009521645015824014,10.6404705189115,124.92515571499041,57.54990915005287,67.37524656493754
D:\Obsidian\Web Clipper\001_inbox\RTPLAN_57661.dcm,NewPlan,2,Beam11,16,244.0,-204.32365084,0.047972954069,1400.0,-150.0,150.0,-150.0,150.0,4.0,0.3703689499999996,0.003703354844000001,31.1215,15→16,0.0925922374999999,0.009999096425334805,7.13018734426848,114.04600736643837,61.78082692947134,52.26518043696704
D:\Obsidian\Web Clipper\001_inbox\RTPLAN_57661.dcm,NewPlan,2,Beam11,17,248.0,-203.95328188,0.05170254702,1400.0,-150.0,150.0,-150.0,150.0,4.0,0.3703689600000075,0.0037295929510000048,34.7254,16→17,0.09259224000000188,0.010069939314028716,9.730567053999142,146.4264175917952,59.338665961638775,87.08775163015643
D:\Obsidian\Web Clipper\001_inbox\RTPLAN_57661.dcm,NewPlan,2,Beam11,18,252.0,-203.58291292,0.055340247068,1400.0,-150.0,150.0,-150.0,150.0,4.0,0.3703689599999791,0.0036377000479999935,35.6423,17→18,0.09259223999999477,0.009821827531119775,2.475639427235074,214.47936673744064,75.06865586144576,139.41071087599488
D:\Obsidian\Web Clipper\001_inbox\RTPLAN_57661.dcm,NewPlan,2,Beam11,19,256.0,-203.21254396,0.059057517922,1400.0,-150.0,150.0,-150.0,150.0,4.0,0.3703689600000075,0.0037172708540000043,30.975699999999996,18→19,0.09259224000000188,0.01003666952543736,12.59986798029702,219.8118870436614,113.72740307394858,106.08448396971279
D:\Obsidian\Web Clipper\001_inbox\RTPLAN_57661.dcm,NewPlan,2,Beam11,20,260.0,-202.84215593338,0.063144157543,1400.0,-150.0,150.0,-150.0,150.0,4.0,0.3703880266199917,0.0040866396209999975,28.7132,19→20,0.09259700665499793,0.011033400993798273,6.108458798321958,123.08632224435758,34.35073243621223,88.73558980814535
D:\Obsidian\Web Clipper\001_inbox\RTPLAN_57661.dcm,NewPlan,2,Beam11,21,264.0,-202.47178698,0.067252090301,1400.0,-150.0,150.0,-150.0,150.0,4.0,0.37036895338002296,0.004107932758000005,30.6495,20→21,0.09259223834500574,0.011091460881131133,5.228030001783729,151.38228916955484,61.91987689764326,89.46241227191157
D:\Obsidian\Web Clipper\001_inbox\RTPLAN_57661.dcm,NewPlan,2,Beam11,22,268.0,-202.10141802,0.071121837141,1400.0,-150.0,150.0,-150.0,150.0,4.0,0.3703689599999791,0.0038697468399999935,21.770899999999997,21→22,0.09259223999999477,0.010448356255341192,23.97231128656274,141.91902042763778,53.674314391792215,88.24470603584555
D:\Obsidian\Web Clipper\001_inbox\RTPLAN_57661.dcm,NewPlan,2,Beam11,23,272.0,-201.73104906,0.07463453187,1400.0,-150.0,150.0,-150.0,150.0,4.0,0.3703689600000075,0.00351269472900001,17.879199999999997,22→23,0.09259224000000188,0.00948431188455949,10.507630013054877,130.7666279593166,45.02051143810663,85.74611652120996
D:\Obsidian\Web Clipper\001_inbox\RTPLAN_57661.dcm,NewPlan,2,Beam11,24,276.0,-201.3606801,0.078151447587,1400.0,-150.0,150.0,-150.0,150.0,4.0,0.3703689600000075,0.0035169157169999965,20.6201,23→24,0.09259224000000188,0.009495708595558129,7.400458180944612,225.7189695378314,125.78213897838269,99.93683055944874
D:\Obsidian\Web Clipper\001_inbox\RTPLAN_57661.dcm,NewPlan,2,Beam11,25,280.0,-200.99031115,0.081738488739,1400.0,-150.0,150.0,-150.0,150.0,4.0,0.3703689499999996,0.003587041151999995,27.7896,24→25,0.0925922374999999,0.009685048252560046,19.357724236872468,163.0379652505969,64.15764604457263,98.88031920602427
D:\Obsidian\Web Clipper\001_inbox\RTPLAN_57661.dcm,NewPlan,2,Beam11,26,284.0,-200.61994219,0.085100071589,1400.0,-150.0,150.0,-150.0,150.0,4.0,0.3703689600000075,0.003361582850000003,33.4566,25→26,0.09259224000000188,0.009076308257581668,15.30095826604877,189.81747282493268,85.5087856174539,104.30868720747878
D:\Obsidian\Web Clipper\001_inbox\RTPLAN_57661.dcm,NewPlan,2,Beam11,27,288.0,-200.24957323,0.088527124561,1400.0,-150.0,150.0,-150.0,150.0,4.0,0.3703689599999791,0.0034270529719999943,34.3186,26→27,0.09259223999999477,0.009253078260122522,2.327408862773086,138.4411371838582,54.144926183881964,84.29621099997622
D:\Obsidian\Web Clipper\001_inbox\RTPLAN_57661.dcm,NewPlan,2,Beam11,28,292.0,-199.87920427,0.091937003604,1400.0,-150.0,150.0,-150.0,150.0,4.0,0.3703689600000075,0.003409879043000011,36.8248,27→28,0.09259224000000188,0.009206708475245717,6.766765767843906,177.66904656372571,74.27242282938464,103.39662373434108
D:\Obsidian\Web Clipper\001_inbox\RTPLAN_57661.dcm,NewPlan,2,Beam11,29,296.0,-199.50881624,0.095325152626,1400.0,-150.0,150.0,-150.0,150.0,4.0,0.3703880300000151,0.003388149021999992,35.84440000000001,28→29,0.09259700750000377,0.009147566194295896,2.646953790596192,141.64793608475378,53.4485415200896,88.19939456466419
D:\Obsidian\Web Clipper\001_inbox\RTPLAN_57661.dcm,NewPlan,2,Beam11,30,300.0,-199.13844728,0.098599894764,1400.0,-150.0,150.0,-150.0,150.0,4.0,0.3703689599999791,0.0032747421379999975,30.586199999999998,29→30,0.09259223999999477,0.008841837442317473,14.197194062915818,130.46611681498018,54.456237369354966,76.00987944562522
D:\Obsidian\Web Clipper\001_inbox\RTPLAN_57661.dcm,NewPlan,2,Beam11,31,304.0,-198.76807833,0.10177344233,1400.0,-150.0,150.0,-150.0,150.0,4.0,0.3703689499999996,0.0031735475660000095,29.404400000000003,30→31,0.0925922374999999,0.008568611288824328,3.19087223699502,195.58848008182133,117.31625990785687,78.27222017396446
D:\Obsidian\Web Clipper\001_inbox\RTPLAN_57661.dcm,NewPlan,2,Beam11,32,308.0,-198.39770937,0.104901613,1400.0,-150.0,150.0,-150.0,150.0,4.0,0.3703689600000075,0.0031281706699999995,32.084,31→32,0.09259224000000188,0.008446092971721863,7.234947550680128,149.5724695719611,70.21538738019372,79.35708219176738
D:\Obsidian\Web Clipper\001_inbox\RTPLAN_57661.dcm,NewPlan,2,Beam11,33,312.0,-198.02734041214,0.10835352941,1400.0,-150.0,150.0,-150.0,150.0,4.0,0.3703689578599949,0.0034519164099999916,38.861900000000006,32→33,0.09259223946499873,0.009320209852211395,18.300399793662383,158.56944474866208,69.24527408610388,89.32417066255819
D:\Obsidian\Web Clipper\001_inbox\RTPLAN_57661.dcm,NewPlan,2,Beam11,34,316.0,-197.65697145462,0.1118578321,1400.0,-150.0,150.0,-150.0,150.0,4.0,0.3703689575200144,0.0035043026900000024,38.5793,33→34,0.0925922393800036,0.00946165335633085,0.7630229107004215,186.44516123160352,80.33313644649114,106.11202478511238
D:\Obsidian\Web Clipper\001_inbox\RTPLAN_57661.dcm,NewPlan,2,Beam11,35,320.0,-197.2866025,0.11533671251,1400.0,-150.0,150.0,-150.0,150.0,4.0,0.3703689546200053,0.003478880409999996,34.9101,34→35,0.09259223865500132,0.009393013012036312,9.906877869298102,204.95940346264575,76.36439190487245,128.59501155777332
D:\Obsidian\Web Clipper\001_inbox\RTPLAN_57661.dcm,NewPlan,2,Beam11,36,324.0,-196.91621447,0.11858256834,1400.0,-150.0,150.0,-150.0,150.0,4.0,0.37038802999998666,0.003245855830000005,39.037499999999994,35→36,0.09259700749999666,0.008763392893663766,11.143448669224389,221.44479129091445,97.7850175125835,123.65977377833094
D:\Obsidian\Web Clipper\001_inbox\RTPLAN_57661.dcm,NewPlan,2,Beam11,37,328.0,-196.54584551,0.12163387658,1400.0,-150.0,150.0,-150.0,150.0,4.0,0.3703689600000075,0.0030513082399999947,53.18470000000001,36→37,0.09259224000000188,0.008238563620450085,38.197585456404674,354.5618401714802,193.13605546209527,161.42578470938489
D:\Obsidian\Web Clipper\001_inbox\RTPLAN_57661.dcm,NewPlan,2,Beam11,38,332.0,-196.17547655,0.1245906706,1400.0,-150.0,150.0,-150.0,150.0,4.0,0.3703689599999791,0.0029567940200000004,43.0499,37→38,0.09259223999999477,0.007983374254689613,27.36406420235804,219.1738746141269,90.03967287107938,129.13420174304753
D:\Obsidian\Web Clipper\001_inbox\RTPLAN_57661.dcm,NewPlan,2,Beam11,39,336.0,-195.80510759,0.12725302478,1400.0,-150.0,150.0,-150.0,150.0,4.0,0.3703689600000075,0.0026623541800000067,35.9852,38→39,0.09259224000000188,0.007188383659364847,19.074762636695738,177.3669154132103,73.90576143313804,103.46115398007227
D:\Obsidian\Web Clipper\001_inbox\RTPLAN_57661.dcm,NewPlan,2,Beam11,40,340.0,-195.43473864,0.12987611863,1400.0,-150.0,150.0,-150.0,150.0,4.0,0.3703689499999996,0.002623093850000008,36.7676,39→40,0.0925922374999999,0.007082380555929461,2.1124881013918784,179.03687660642197,80.50485873613334,98.53201787028864
D:\Obsidian\Web Clipper\001_inbox\RTPLAN_57661.dcm,NewPlan,2,Beam11,41,344.0,-195.06436968,0.13249637783676,1400.0,-150.0,150.0,-150.0,150.0,4.0,0.3703689600000075,0.002620259206759984,37.6424,40→41,0.09259224000000188,0.007074726798811463,2.361968994377884,182.2131638677243,81.46147020527685,100.75169366244744
D:\Obsidian\Web Clipper\001_inbox\RTPLAN_57661.dcm,NewPlan,2,Beam11,42,348.0,-194.69400072,0.13489580925,1400.0,-150.0,150.0,-150.0,150.0,4.0,0.3703689600000075,0.002399431413240005,43.2165,41→42,0.09259224000000188,0.006478489485835844,15.050127310884498,187.62290446801643,80.35878600625547,107.26411846176094
D:\Obsidian\Web Clipper\001_inbox\RTPLAN_57661.dcm,NewPlan,2,Beam11,43,352.0,-194.32363176,0.137250429,1400.0,-150.0,150.0,-150.0,150.0,4.0,0.3703689599999791,0.0023546197500000088,41.531400000000005,42→43,0.09259223999999477,0.006357497534350993,4.549787325590389,182.4534647828042,75.05191579769959,107.4015489851046
D:\Obsidian\Web Clipper\001_inbox\RTPLAN_57661.dcm,NewPlan,2,Beam11,44,356.0,-193.95326281,0.13952611375,1400.0,-150.0,150.0,-150.0,150.0,4.0,0.3703689499999996,0.0022756847500000066,38.061499999999995,43→44,0.0925922374999999,0.006144372388668135,9.368765929217375,298.15404342075686,170.9055254226902,127.24851799806667
D:\Obsidian\Web Clipper\001_inbox\RTPLAN_57661.dcm,NewPlan,2,Beam11,45,0.0,-193.58287477,0.14177892521,1400.0,-150.0,150.0,-150.0,150.0,4.0,0.370388040000023,0.002252811459999976,35.7955,44→45,0.09259701000000575,0.006082300767594537,6.1179081268387,258.71839706269685,148.79206142832413,109.92633563437272
D:\Obsidian\Web Clipper\001_inbox\RTPLAN_57661.dcm,NewPlan,2,Beam11,46,4.0,-193.21250582,0.14396800705,1400.0,-150.0,150.0,-150.0,150.0,4.0,0.3703689499999996,0.0021890818400000234,36.8048,45→46,0.0925922374999999,0.00591054363493491,2.7251204508369407,168.55597641216974,71.12259275514332,97.43338365702644
D:\Obsidian\Web Clipper\001_inbox\RTPLAN_57661.dcm,NewPlan,2,Beam11,47,8.0,-192.84213686,0.14606719414,1400.0,-150.0,150.0,-150.0,150.0,4.0,0.3703689599999791,0.002099187089999982,39.9111,46→47,0.09259223999999477,0.005667826726084444,8.387041937856166,181.02110932839452,68.36669034036066,112.65441898803387
D:\Obsidian\Web Clipper\001_inbox\RTPLAN_57661.dcm,NewPlan,2,Beam11,48,12.0,-192.4717679,0.14805683222,1400.0,-150.0,150.0,-150.0,150.0,4.0,0.3703689600000075,0.0019896380799999946,37.3184,47→48,0.09259224000000188,0.005372043272740659,7.0003166572056905,233.85491051949447,99.80048004022596,134.05443047926852
D:\Obsidian\Web Clipper\001_inbox\RTPLAN_57661.dcm,NewPlan,2,Beam11,49,16.0,-192.10139894,0.14997983467,1400.0,-150.0,150.0,-150.0,150.0,4.0,0.3703689600000075,0.0019230024500000165,35.792500000000004,48→49,0.09259224000000188,0.005192126386617219,4.11994568875308,244.14734971310273,123.92615191078394,120.22119780231878
D:\Obsidian\Web Clipper\001_inbox\RTPLAN_57661.dcm,NewPlan,2,Beam11,50,20.0,-191.73102999,0.15176315756,1400.0,-150.0,150.0,-150.0,150.0,4.0,0.3703689499999996,0.0017833228899999942,34.884699999999995,49→50,0.0925922374999999,0.0048149902684876695,2.451069399851175,313.75173323789727,161.75087031458781,152.00086292330948
D:\Obsidian\Web Clipper\001_inbox\RTPLAN_57661.dcm,NewPlan,2,Beam11,51,24.0,-191.36066103,0.15365257439,1400.0,-150.0,150.0,-150.0,150.0,4.0,0.3703689600000075,0.0018894168299999903,34.04900000000001,50→51,0.09259224000000188,0.005101444867301925,2.256398592365763,248.7149571065516,104.31489723112654,144.40005987542506
D:\Obsidian\Web Clipper\001_inbox\RTPLAN_57661.dcm,NewPlan,2,Beam11,52,28.0,-190.99027299881,0.1554259707,1400.0,-150.0,150.0,-150.0,150.0,4.0,0.3703880311899752,0.0017733963100000083,41.651199999999996,51→52,0.0925970077974938,0.004787941727767165,20.524961283375692,218.8683034372146,80.5150207046084,138.35328273260617
D:\Obsidian\Web Clipper\001_inbox\RTPLAN_57661.dcm,NewPlan,2,Beam11,53,32.0,-190.61990404129,0.15702865864,1400.0,-150.0,150.0,-150.0,150.0,4.0,0.3703689575200144,0.0016026879400000138,43.347500000000004,52→53,0.0925922393800036,0.004327273945234479,4.580027471412318,198.39648682227693,82.74154563383992,115.65494118843701
D:\Obsidian\Web Clipper\001_inbox\RTPLAN_57661.dcm,NewPlan,2,Beam11,54,36.0,-190.24953508,0.15856121491,1400.0,-150.0,150.0,-150.0,150.0,4.0,0.37036896129001207,0.001532556269999985,40.1061,53→54,0.09259224032250302,0.0041379176717779515,8.751813296422197,214.03467429854996,90.7492352570053,123.28543904154466
D:\Obsidian\Web Clipper\001_inbox\RTPLAN_57661.dcm,NewPlan,2,Beam11,55,40.0,-189.87916613,0.16014748428,1400.0,-150.0,150.0,-150.0,150.0,4.0,0.3703689499999996,0.0015862693700000041,37.314600000000006,54→55,0.0925922374999999,0.0042829437240891974,7.537078904697586,201.12512131484047,80.16708744078042,120.95803387406005
D:\Obsidian\Web Clipper\001_inbox\RTPLAN_57661.dcm,NewPlan,2,Beam11,56,44.0,-189.50879717,0.16176639588912,1400.0,-150.0,150.0,-150.0,150.0,4.0,0.3703689599999791,0.001618911609120005,45.81770000000001,55→56,0.09259223999999477,0.004371077989689246,22.958457425807183,259.106756678544,152.90779227288158,106.19896440566245
D:\Obsidian\Web Clipper\001_inbox\RTPLAN_57661.dcm,NewPlan,2,Beam11,57,48.0,-189.13842821,0.16323451776,1400.0,-150.0,150.0,-150.0,150.0,4.0,0.3703689600000075,0.001468121870879996,41.6854,56→57,0.09259224000000188,0.003963944146075217,11.157252486817265,242.66936408493353,125.39090748857319,117.27845659636034
D:\Obsidian\Web Clipper\001_inbox\RTPLAN_57661.dcm,NewPlan,2,Beam11,58,52.0,-188.76805925,0.16502848675,1400.0,-150.0,150.0,-150.0,150.0,4.0,0.3703689600000075,0.0017939689900000055,48.5709,57→58,0.09259224000000188,0.004843734717941722,18.590920794226008,250.45835374540601,120.26979798738833,130.18855575801769
D:\Obsidian\Web Clipper\001_inbox\RTPLAN_57661.dcm,NewPlan,2,Beam11,59,56.0,-188.3976903,0.16688393179,1400.0,-150.0,150.0,-150.0,150.0,4.0,0.3703689499999996,0.0018554450399999867,45.83970000000001,58→59,0.0925922374999999,0.0050097208202793155,7.374268280318847,229.00056821717936,100.2732545479313,128.72731366924808
D:\Obsidian\Web Clipper\001_inbox\RTPLAN_57661.dcm,NewPlan,2,Beam11,60,60.0,-188.02732134,0.16878147949,1400.0,-150.0,150.0,-150.0,150.0,4.0,0.3703689600000075,0.0018975477000000018,45.645,59→60,0.09259224000000188,0.005123398299900627,0.5256920018351445,232.4517151761267,116.83943492456582,115.61228025156086
D:\Obsidian\Web Clipper\001_inbox\RTPLAN_57661.dcm,NewPlan,2,Beam11,61,64.0,-187.65693331,0.17079751218,1400.0,-150.0,150.0,-150.0,150.0,4.0,0.37038802999998666,0.0020160326900000025,55.4475,60→61,0.09259700749999666,0.00544302873394714,26.46548809906289,203.3807626018657,92.76244699376824,110.61831560809748
D:\Obsidian\Web Clipper\001_inbox\RTPLAN_57661.dcm,NewPlan,2,Beam11,62,68.0,-187.28656435,0.17288273253,1400.0,-150.0,150.0,-150.0,150.0,4.0,0.3703689600000075,0.00208522035,47.6307,61→62,0.09259224000000188,0.0056301163844830774,21.1054403695165,203.40527456728142,106.67551622036359,96.72975834691783
D:\Obsidian\Web Clipper\001_inbox\RTPLAN_57661.dcm,NewPlan,2,Beam11,63,72.0,-186.91619539,0.17488953574,1400.0,-150.0,150.0,-150.0,150.0,4.0,0.3703689599999791,0.002006803209999991,43.040600000000005,62→63,0.09259223999999477,0.005418389300226737,12.393317193752553,212.85315054480932,132.6169450053341,80.23620553947524
D:\Obsidian\Web Clipper\001_inbox\RTPLAN_57661.dcm,NewPlan,2,Beam11,64,76.0,-186.54582644,0.17717320061,1400.0,-150.0,150.0,-150.0,150.0,4.0,0.3703689499999996,0.0022836648700000073,43.3055,63→64,0.0925922374999999,0.006165918795298607,0.7152327429175624,226.6010690150999,85.54496806495263,141.05610095014728
D:\Obsidian\Web Clipper\001_inbox\RTPLAN_57661.dcm,NewPlan,2,Beam11,65,80.0,-186.17545747757,0.17939359387,1400.0,-150.0,150.0,-150.0,150.0,4.0,0.37036896243000683,0.0022203932600000087,45.1196,64→65,0.09259224060750171,0.005995084591948289,4.898088619785004,269.07546287395354,108.43646221459447,160.63900065935906
D:\Obsidian\Web Clipper\001_inbox\RTPLAN_57661.dcm,NewPlan,2,Beam11,66,84.0,-185.80508852005,0.18160741193,1400.0,-150.0,150.0,-150.0,150.0,4.0,0.3703689575200144,0.0022138180599999835,41.1014,65→66,0.0925922393800036,0.00597733156370253,10.849181386328416,366.1332766871318,171.2851434007447,194.84813328638708
D:\Obsidian\Web Clipper\001_inbox\RTPLAN_57661.dcm,NewPlan,2,Beam11,67,88.0,-185.43471956,0.18395549615179,1400.0,-150.0,150.0,-150.0,150.0,4.0,0.3703689600500013,0.0023480842217900033,42.630799999999994,66→67,0.09259224001250033,0.006339851540131771,4.129395724181422,192.25261207199196,69.62354511706037,122.62906695493159
D:\Obsidian\Web Clipper\001_inbox\RTPLAN_57661.dcm,NewPlan,2,Beam11,68,92.0,-185.06432915,0.186318161,1400.0,-150.0,150.0,-150.0,150.0,4.0,0.37039040999999884,0.0023626648482100165,31.429899999999996,67→68,0.09259760249999971,0.006378849949732835,30.24079376137204,219.74597020479084,88.23932563480815,131.50664456998268
D:\Obsidian\Web Clipper\001_inbox\RTPLAN_57661.dcm,NewPlan,2,Beam11,69,96.0,-184.69396019,0.18862306475,1400.0,-150.0,150.0,-150.0,150.0,4.0,0.3703689599999791,0.0023049037500000036,26.395,68→69,0.09259223999999477,0.006223263823188999,13.594281767025727,257.4270802823362,108.55445337536457,148.87262690697165
D:\Obsidian\Web Clipper\001_inbox\RTPLAN_57661.dcm,NewPlan,2,Beam11,70,100.0,-184.3235912323,0.19100315526,1400.0,-150.0,150.0,-150.0,150.0,4.0,0.3703689577000091,0.002380090509999988,28.3039,69→70,0.09259223942500228,0.006426268888138866,5.15404965862762,194.75066281992082,85.76231711548546,108.98834570443537
D:\Obsidian\Web Clipper\001_inbox\RTPLAN_57661.dcm,NewPlan,2,Beam11,71,104.0,-183.95322227478,0.19334384587,1400.0,-150.0,150.0,-150.0,150.0,4.0,0.3703689575200144,0.0023406906100000013,34.989,70→71,0.0925922393800036,0.006319888755454113,18.049838854647373,203.99171816638338,103.1865636253675,100.80515454101588
D:\Obsidian\Web Clipper\001_inbox\RTPLAN_57661.dcm,NewPlan,2,Beam11,72,108.0,-183.58285332,0.19566284071,1400.0,-150.0,150.0,-150.0,150.0,4.0,0.3703689547799911,0.002318994840000005,34.791000000000004,71→72,0.09259223869499777,0.006261309999315544,0.5346020432992569,192.36412523377345,89.63359258801857,102.73053264575488
D:\Obsidian\Web Clipper\001_inbox\RTPLAN_57661.dcm,NewPlan,2,Beam11,73,112.0,-183.21248436,0.19787336292,1400.0,-150.0,150.0,-150.0,150.0,4.0,0.3703689600000075,0.002210522209999982,37.7166,72→73,0.09259224000000188,0.0059684326947915325,7.8991500799633325,188.68481851178507,71.3107815514547,117.37403696033037
D:\Obsidian\Web Clipper\001_inbox\RTPLAN_57661.dcm,NewPlan,2,Beam11,74,116.0,-182.8421154,0.2000130754,1400.0,-150.0,150.0,-150.0,150.0,4.0,0.3703689599999791,0.00213971248,34.124,73→74,0.09259223999999477,0.0057772456957519355,9.70005693781736,369.2939062712159,188.61056822905445,180.68333804216147
D:\Obsidian\Web Clipper\001_inbox\RTPLAN_57661.dcm,NewPlan,2,Beam11,75,120.0,-182.47174644,0.20230327131,1400.0,-150.0,150.0,-150.0,150.0,4.0,0.3703689600000075,0.0022901959100000147,43.3027,74→75,0.09259224000000188,0.006183552503967849,24.782584372080784,271.852965216086,106.55617576591516,165.29678945017085
D:\Obsidian\Web Clipper\001_inbox\RTPLAN_57661.dcm,NewPlan,2,Beam11,76,124.0,-182.10137749,0.20419683679,1400.0,-150.0,150.0,-150.0,150.0,4.0,0.3703689499999996,0.001893565479999998,41.57659999999999,75→76,0.0925922374999999,0.005112646402998956,4.660487872971024,229.43580988633119,99.92333320598297,129.51247668034821
D:\Obsidian\Web Clipper\001_inbox\RTPLAN_57661.dcm,NewPlan,2,Beam11,77,128.0,-181.73100853,0.20592494885,1400.0,-150.0,150.0,-150.0,150.0,4.0,0.3703689600000075,0.0017281120600000088,34.5148,76→77,0.09259224000000188,0.004665920329824545,19.066932606878957,211.82903664496723,95.87223508146923,115.95680156349799
D:\Obsidian\Web Clipper\001_inbox\RTPLAN_57661.dcm,NewPlan,2,Beam11,78,132.0,-181.36063957,0.20752945012,1400.0,-150.0,150.0,-150.0,150.0,4.0,0.3703689600000075,0.001604501269999975,38.1534,77→78,0.09259224000000188,0.004332169925902922,9.824257410772011,214.121615375107,89.92924245055343,124.19237292455358
D:\Obsidian\Web Clipper\001_inbox\RTPLAN_57661.dcm,NewPlan,2,Beam11,79,136.0,-180.99027061,0.20904912146,1400.0,-150.0,150.0,-150.0,150.0,4.0,0.3703689599999791,0.0015196713400000006,43.3082,78→79,0.09259223999999477,0.004103128242712581,13.918012999794293,213.51060304838842,104.27439707690993,109.2362059714785
D:\Obsidian\Web Clipper\001_inbox\RTPLAN_57661.dcm,NewPlan,2,Beam11,80,140.0,-180.61990166,0.21043222954,1400.0,-150.0,150.0,-150.0,150.0,4.0,0.3703689499999996,0.0013831080800000006,39.106899999999996,79→80,0.0925922374999999,0.003734406137447543,11.343553502527705,228.9041778475223,109.56345017583153,119.34072767169076
D:\Obsidian\Web Clipper\001_inbox\RTPLAN_57661.dcm,NewPlan,2,Beam11,81,144.0,-180.2495327,0.21179432678,1400.0,-150.0,150.0,-150.0,150.0,4.0,0.3703689600000075,0.0013620972399999987,36.4397,80→81,0.09259224000000188,0.003677676552592234,7.201467423187785,207.97288196073026,99.75727987571975,108.21560208501053
D:\Obsidian\Web Clipper\001_inbox\RTPLAN_57661.dcm,NewPlan,2,Beam11,82,148.0,-179.87916374,0.21324844046,1400.0,-150.0,150.0,-150.0,150.0,4.0,0.3703689600000075,0.0014541136800000076,46.9907,81→82,0.09259224000000188,0.003926121886672085,28.487808481574106,176.04040036184102,90.0836830386632,85.95671732317783
D:\Obsidian\Web Clipper\001_inbox\RTPLAN_57661.dcm,NewPlan,2,Beam11,83,152.0,-179.50879478,0.21470955216,1400.0,-150.0,150.0,-150.0,150.0,4.0,0.3703689600000075,0.0014611117000000173,46.6081,82→83,0.09259224000000188,0.003945016612623227,1.0330239337551093,238.7446291395429,116.57780392827499,122.16682521126792
D:\Obsidian\Web Clipper\001_inbox\RTPLAN_57661.dcm,NewPlan,2,Beam11,84,156.0,-179.13842583,0.21615819325,1400.0,-150.0,150.0,-150.0,150.0,4.0,0.3703689499999996,0.0014486410899999802,51.261399999999995,83→84,0.0925922374999999,0.003911345943011642,12.56395818277963,231.08902622641585,109.74300086440843,121.34602536200741
D:\Obsidian\Web Clipper\001_inbox\RTPLAN_57661.dcm,NewPlan,2,Beam11,85,160.0,-178.76805687,0.21764449885,1400.0,-150.0,150.0,-150.0,150.0,4.0,0.3703689599999791,0.0014863056000000152,53.0462,84→85,0.09259223999999477,0.004013040401658117,4.818978350669843,217.88002968716535,103.8818155819596,113.99821410520573
D:\Obsidian\Web Clipper\001_inbox\RTPLAN_57661.dcm,NewPlan,2,Beam11,86,164.0,-178.39768791,0.21910381308,1400.0,-150.0,150.0,-150.0,150.0,4.0,0.3703689600000075,0.0014593142299999806,47.4309,85→86,0.09259224000000188,0.0039401634251421905,15.161367734488019,225.57937900627067,108.13190176627973,117.44747723999095
D:\Obsidian\Web Clipper\001_inbox\RTPLAN_57661.dcm,NewPlan,2,Beam11,87,168.0,-178.02731895,0.22053305724,1400.0,-150.0,150.0,-150.0,150.0,4.0,0.3703689600000075,0.0014292441600000094,51.2777,86→87,0.09259224000000188,0.003858973926972661,10.386399551409285,194.89322215338598,89.37061032328229,105.5226118301037
D:\Obsidian\Web Clipper\001_inbox\RTPLAN_57661.dcm,NewPlan,2,Beam11,88,172.0,-177.65695,0.22168020992,1400.0,-150.0,150.0,-150.0,150.0,4.0,0.3703689499999996,0.0011471526800000131,50.382,87→88,0.0925922374999999,0.003097324114238017,2.418399274561234,238.01158277442022,113.50249528206955,124.50908749235067
D:\Obsidian\Web Clipper\001_inbox\RTPLAN_57661.dcm,NewPlan,2,Beam11,89,176.0,-177.28658104,0.22271484645293,1400.0,-150.0,150.0,-150.0,150.0,4.0,0.3703689600000075,0.0010346365329299834,45.764300000000006,88→89,0.09259224000000188,0.002793529276670384,12.46783747752484,248.76787730807172,115.06741817672606,133.70045913134564
D:\Obsidian\Web Clipper\001_inbox\RTPLAN_57661.dcm,NewPlan,2,Beam11,90,180.0,-176.91621208,0.22379487157,1400.0,-150.0,150.0,-150.0,150.0,4.0,0.3703689599999791,0.0010800251170700048,56.3182,89→90,0.09259223999999477,0.002916078920517707,28.495638511393036,231.7124523610317,103.70523490954041,128.00721745149127
D:\Obsidian\Web Clipper\001_inbox\RTPLAN_57661.dcm,NewPlan,2,Beam11,91,184.0,-176.54584312439,0.22485753295,1400.0,-150.0,150.0,-150.0,150.0,4.0,0.3703689556100187,0.0010626613799999962,60.0058,90→91,0.09259223890250468,0.002869196685909413,9.956558032587576,328.9679066090284,170.5550614952547,158.41284511377367
D:\Obsidian\Web Clipper\001_inbox\RTPLAN_57661.dcm,NewPlan,2,Beam11,92,188.0,-176.17547416687,0.22602284383348,1400.0,-150.0,150.0,-150.0,150.0,4.0,0.370368957519986,0.001165310883480014,66.3939,91→92,0.0925922393799965,0.0031463513877702104,17.247935795632344,328.7586541143353,179.45051454916685,149.30813956516843
D:\Obsidian\Web Clipper\001_inbox\RTPLAN_57661.dcm,NewPlan,2,Beam11,93,192.0,-175.80510521,0.22738462165,1400.0,-150.0,150.0,-150.0,150.0,4.0,0.3703689568700099,0.001361777816519999,68.9284,92→93,0.09259223921750248,0.0036768141369848887,6.843176116646134,271.12531473647135,127.49718658676186,143.62812814970948
D:\Obsidian\Web Clipper\001_inbox\RTPLAN_57661.dcm,NewPlan,2,Beam11,94,196.0,-175.43473625,0.22898419346,1400.0,-150.0,150.0,-150.0,150.0,4.0,0.3703689600000075,0.0015995718100000056,68.8672,93→94,0.09259224000000188,0.004318860333220076,0.16524062923631136,266.6346553447621,127.93998719546863,138.69466814929348
D:\Obsidian\Web Clipper\001_inbox\RTPLAN_57661.dcm,NewPlan,2,Beam11,95,200.0,-175.06436729,0.23056981054,1400.0,-150.0,150.0,-150.0,150.0,4.0,0.3703689599999791,0.0015856170799999902,59.4072,94→95,0.09259223999999477,0.004281182418742866,25.542097264307806,246.66483929972196,99.8822903517673,146.78254894795467
D:\Obsidian\Web Clipper\001_inbox\RTPLAN_57661.dcm,NewPlan,2,Beam11,96,204.0,-174.69399834,0.2321437154,1400.0,-150.0,150.0,-150.0,150.0,4.0,0.3703689499999996,0.0015739048600000027,63.03189999999999,95→96,0.0925922374999999,0.0042495594190603845,9.78672753210007,265.64834876141776,127.7574699498974,137.8908788115204
D:\Obsidian\Web Clipper\001_inbox\RTPLAN_57661.dcm,NewPlan,2,Beam11,97,208.0,-174.32362938,0.23375736038,1400.0,-150.0,150.0,-150.0,150.0,4.0,0.3703689600000075,0.0016136449799999952,61.8878,96→97,0.09259224000000188,0.004356858036915303,3.0890817632232768,192.80962421904513,86.09495784959776,106.71466636944737
D:\Obsidian\Web Clipper\001_inbox\RTPLAN_57661.dcm,NewPlan,2,Beam11,98,212.0,-173.95326042,0.23547263617,1400.0,-150.0,150.0,-150.0,150.0,4.0,0.3703689600000075,0.0017152757899999982,74.9808,97→98,0.09259224000000188,0.004631262268846621,35.351234617500715,348.04509535571606,186.25885927373236,161.78623608198373
D:\Obsidian\Web Clipper\001_inbox\RTPLAN_57661.dcm,NewPlan,2,Beam11,99,216.0,-173.58289146,0.23730979234,1400.0,-150.0,150.0,-150.0,150.0,4.0,0.3703689599999791,0.0018371561699999928,71.4947,98→99,0.09259223999999477,0.004960340547977067,9.412505842822801,290.43200596509513,134.72862304660418,155.70338291849095
D:\Obsidian\Web Clipper\001_inbox\RTPLAN_57661.dcm,NewPlan,2,Beam11,100,220.0,-173.21252251,0.23901590297,1400.0,-150.0,150.0,-150.0,150.0,4.0,0.3703689499999996,0.0017061106300000073,65.24310000000001,99→100,0.0925922374999999,0.004606516366990292,16.879384732440418,243.04602208149493,107.27897141485549,135.76705066663942
D:\Obsidian\Web Clipper\001_inbox\RTPLAN_57661.dcm,NewPlan,2,Beam11,101,224.0,-172.84215355,0.24057370371,1400.0,-150.0,150.0,-150.0,150.0,4.0,0.3703689600000075,0.0015578007400000038,72.82140000000001,100→101,0.09259224000000188,0.004206078014745005,20.461487917345572,258.8275756154027,117.17288619434824,141.65468942105446
D:\Obsidian\Web Clipper\001_inbox\RTPLAN_57661.dcm,NewPlan,2,Beam11,102,228.0,-172.47178459,0.24214272714,1400.0,-150.0,150.0,-150.0,150.0,4.0,0.3703689600000075,0.0015690234300000105,66.7227,101→102,0.09259224000000188,0.004236379393132672,16.466552704632388,273.6395620194466,127.14618417266675,146.49337784677985
D:\Obsidian\Web Clipper\001_inbox\RTPLAN_57661.dcm,NewPlan,2,Beam11,103,232.0,-172.10141563,0.24366196896,1400.0,-150.0,150.0,-150.0,150.0,4.0,0.3703689600000075,0.001519241819999989,67.1065,102→103,0.09259224000000188,0.004101968534296066,1.0362639460930687,265.6262015045699,116.6504342048511,148.97576729971883
D:\Obsidian\Web Clipper\001_inbox\RTPLAN_57661.dcm,NewPlan,2,Beam11,104,236.0,-171.73104668,0.24514792537,1400.0,-150.0,150.0,-150.0,150.0,4.0,0.3703689499999996,0.001485956409999989,60.6628,103→104,0.0925922374999999,0.004012097693394629,17.398056721547547,238.0180627992711,134.47779572234674,103.54026707692437
D:\Obsidian\Web Clipper\001_inbox\RTPLAN_57661.dcm,NewPlan,2,Beam11,105,240.0,-171.36067772,0.24666926232,1400.0,-150.0,150.0,-150.0,150.0,4.0,0.3703689599999791,0.0015213369500000073,66.0216,104→105,0.09259223999999477,0.004107625406837801,14.468815097248733,301.85682947082364,177.60721632828978,124.24961314253386
D:\Obsidian\Web Clipper\001_inbox\RTPLAN_57661.dcm,NewPlan,2,Beam11,106,244.0,-170.99030876,0.24866307402,1400.0,-150.0,150.0,-150.0,150.0,4.0,0.3703689600000075,0.0019938117000000144,74.779,105→106,0.09259224000000188,0.005383312089652367,23.645070040426205,363.60687461497116,173.9838025303165,189.62307208465464
D:\Obsidian\Web Clipper\001_inbox\RTPLAN_57661.dcm,NewPlan,2,Beam11,107,248.0,-170.6199398,0.25064097988,1400.0,-150.0,150.0,-150.0,150.0,4.0,0.3703689600000075,0.00197790585999999,69.9145,106→107,0.09259224000000188,0.0053403661581141945,13.13420001503337,385.80473914443877,178.33351909403706,207.4712200504017
D:\Obsidian\Web Clipper\001_inbox\RTPLAN_57661.dcm,NewPlan,2,Beam11,108,252.0,-170.24957085,0.25290016059,1400.0,-150.0,150.0,-150.0,150.0,4.0,0.3703689499999996,0.002259180709999975,72.9204,107→108,0.0925922374999999,0.006099811309776312,8.115961124710914,370.82806212561866,158.75925884175783,212.06880328386083
D:\Obsidian\Web Clipper\001_inbox\RTPLAN_57661.dcm,NewPlan,2,Beam11,109,256.0,-169.87920189,0.25542084683,1400.0,-150.0,150.0,-150.0,150.0,4.0,0.3703689600000075,0.002520686240000014,75.9933,108→109,0.09259224000000188,0.0068058787647862365,8.296861594448794,295.0501035507883,137.0209317757054,158.02917177508294
D:\Obsidian\Web Clipper\001_inbox\RTPLAN_57661.dcm,NewPlan,2,Beam11,110,260.0,-169.50883293,0.25799788668118,1400.0,-150.0,150.0,-150.0,150.0,4.0,0.3703689599999791,0.0025770398511800185,67.5458,109→110,0.09259223999999477,0.0069580340943802745,22.808336854148042,260.8396232773002,153.75127548486574,107.08834779243442
D:\Obsidian\Web Clipper\001_inbox\RTPLAN_57661.dcm,NewPlan,2,Beam11,111,264.0,-169.13846397,0.26053687763,1400.0,-150.0,150.0,-150.0,150.0,4.0,0.3703689600000075,0.0025389909488199858,65.3451,110→111,0.09259224000000188,0.006855301666802569,5.941912626803156,275.3348984752878,166.62087449228665,108.71402398300114
D:\Obsidian\Web Clipper\001_inbox\RTPLAN_57661.dcm,NewPlan,2,Beam11,112,268.0,-168.76809501648,0.2629040584,1400.0,-150.0,150.0,-150.0,150.0,4.0,0.3703689535199999,0.002367180769999977,59.697,111→112,0.09259223837999997,0.0063914125293230055,15.249928338539863,259.7034634945609,104.81143095570991,154.89203253885097
D:\Obsidian\Web Clipper\001_inbox\RTPLAN_57661.dcm,NewPlan,2,Beam11,113,272.0,-168.39772605896,0.26548326828,1400.0,-150.0,150.0,-150.0,150.0,4.0,0.3703689575200144,0.002579209880000044,63.4687,112→113,0.0925922393800036,0.006963893241135539,10.183628847447821,278.0989008627539,133.61810971246345,144.48079115029043
D:\Obsidian\Web Clipper\001_inbox\RTPLAN_57661.dcm,NewPlan,2,Beam11,114,276.0,-168.02735710144,0.26804188244,1400.0,-150.0,150.0,-150.0,150.0,4.0,0.370368957519986,0.0025586141599999723,56.1192,113→114,0.0925922393799965,0.00690828458500576,19.843725697781792,357.38416331195174,179.55851496115557,177.82564835079617
D:\Obsidian\Web Clipper\001_inbox\RTPLAN_57661.dcm,NewPlan,2,Beam11,115,280.0,-167.65698814,0.27036341202,1400.0,-150.0,150.0,-150.0,150.0,4.0,0.3703689614399934,0.002321529580000037,53.3669,114→115,0.09259224035999836,0.00626815371075896,7.431238269262802,400.84595486291414,195.769104727604,205.07685013531017
D:\Obsidian\Web Clipper\001_inbox\RTPLAN_57661.dcm,NewPlan,2,Beam11,116,284.0,-167.28661919,0.27246394289,1400.0,-150.0,150.0,-150.0,150.0,4.0,0.3703689499999996,0.0021005308699999503,71.2544,115→116,0.0925922374999999,0.005671455099030177,48.29643521682912,362.8676215973293,196.30479282888072,166.56282876844853
D:\Obsidian\Web Clipper\001_inbox\RTPLAN_57661.dcm,NewPlan,2,Beam11,117,288.0,-166.91625023,0.27419311436,1400.0,-150.0,150.0,-150.0,150.0,4.0,0.3703689600000075,0.0017291714700000127,66.7006,116→117,0.09259224000000188,0.004668780747717027,12.295306820528149,403.58322684491964,207.85165149908468,195.73157534583495
D:\Obsidian\Web Clipper\001_inbox\RTPLAN_57661.dcm,NewPlan,2,Beam11,118,292.0,-166.54588127,0.27646323386,1400.0,-150.0,150.0,-150.0,150.0,4.0,0.3703689600000075,0.0022701195000000007,88.4152,117→118,0.09259224000000188,0.0061293459905494094,58.629643261680364,391.5376709754431,195.66191508056866,195.8757558948745
D:\Obsidian\Web Clipper\001_inbox\RTPLAN_57661.dcm,NewPlan,2,Beam11,119,296.0,-166.17551231,0.27959407129,1400.0,-150.0,150.0,-150.0,150.0,4.0,0.3703689600000075,0.003130837430000033,77.7895,118→119,0.09259224000000188,0.008453293251140618,28.689499249612545,291.27170916266255,162.82142002396415,128.45028913869842
D:\Obsidian\Web Clipper\001_inbox\RTPLAN_57661.dcm,NewPlan,2,Beam11,120,300.0,-165.80514336,0.28291653510913,1400.0,-150.0,150.0,-150.0,150.0,4.0,0.3703689499999996,0.003322463819129984,75.9446,119→120,0.0925922374999999,0.008970686714234516,4.9812491030903425,373.5750526603274,177.38555027358552,196.18950238674185
D:\Obsidian\Web Clipper\001_inbox\RTPLAN_57661.dcm,NewPlan,2,Beam11,121,304.0,-165.4347744,0.28587014994,1400.0,-150.0,150.0,-150.0,150.0,4.0,0.3703689599999791,0.0029536148308699772,89.3266,120→121,0.09259223999999477,0.007974790411351275,36.13153758889719,299.1333290997341,125.46461776927156,173.66871133046254
D:\Obsidian\Web Clipper\001_inbox\RTPLAN_57661.dcm,NewPlan,2,Beam11,122,308.0,-165.06440544,0.28864855505,1400.0,-150.0,150.0,-150.0,150.0,4.0,0.3703689600000075,0.002778405109999993,83.84479999999999,121→122,0.09259224000000188,0.007501722363558589,14.800916361889223,619.6485796217787,326.53735345423536,293.1112261675433
D:\Obsidian\Web Clipper\001_inbox\RTPLAN_57661.dcm,NewPlan,2,Beam11,123,312.0,-164.69403648,0.29065808215,1400.0,-150.0,150.0,-150.0,150.0,4.0,0.3703689600000075,0.0020095271000000192,71.5094,122→123,0.09259224000000188,0.005425743831232451,33.30570682813091,677.4120595851092,329.197133582678,348.2149260024312
D:\Obsidian\Web Clipper\001_inbox\RTPLAN_57661.dcm,NewPlan,2,Beam11,124,316.0,-164.32366753,0.29329541079,1400.0,-150.0,150.0,-150.0,150.0,4.0,0.3703689499999996,0.002637328639999992,94.124,123→124,0.0925922374999999,0.007120814636324116,61.05965416377377,578.9975104554533,265.88729967779454,313.11021077765866
D:\Obsidian\Web Clipper\001_inbox\RTPLAN_57661.dcm,NewPlan,2,Beam11,125,320.0,-163.95329857,0.29724776615322,1400.0,-150.0,150.0,-150.0,150.0,4.0,0.3703689600000075,0.003952355363220028,90.8228,124→125,0.09259224000000188,0.010671400117385507,8.913273941746974,452.5746434042329,199.21188859886777,253.36275480536514
D:\Obsidian\Web Clipper\001_inbox\RTPLAN_57661.dcm,NewPlan,2,Beam11,126,324.0,-163.58292961,0.30249317897,1400.0,-150.0,150.0,-150.0,150.0,4.0,0.3703689599999791,0.005245412816779982,90.8319,125→126,0.09259223999999477,0.014162668536748538,0.02457009356292756,431.31314244047076,178.64618028466458,252.66696215580615
D:\Obsidian\Web Clipper\001_inbox\RTPLAN_57661.dcm,NewPlan,2,Beam11,127,328.0,-163.21256065,0.30787766035,1400.0,-150.0,150.0,-150.0,150.0,4.0,0.3703689600000075,0.005384481380000028,106.8754,126→127,0.09259224000000188,0.014538155087294353,43.31761495347685,420.84223256721305,185.90569792889394,234.93653463831913
D:\Obsidian\Web Clipper\001_inbox\RTPLAN_57661.dcm,NewPlan,2,Beam11,128,332.0,-162.8421917,0.31327153429,1400.0,-150.0,150.0,-150.0,150.0,4.0,0.3703689499999996,0.00539387393999996,108.6906,127→128,0.0925922374999999,0.014563515489081809,4.901058795560498,778.9130271314599,233.94104716391612,544.9719799675438
D:\Obsidian\Web Clipper\001_inbox\RTPLAN_57661.dcm,NewPlan,2,Beam11,129,336.0,-162.47182274,0.31866674225,1400.0,-150.0,150.0,-150.0,150.0,4.0,0.3703689600000075,0.005395207960000037,87.7728,128→129,0.09259224000000188,0.0145671169635812,56.47827506927032,993.3991228638397,333.9464516680812,659.4526711957585
D:\Obsidian\Web Clipper\001_inbox\RTPLAN_57661.dcm,NewPlan,2,Beam11,130,340.0,-162.10145378,0.32392891483,1400.0,-150.0,150.0,-150.0,150.0,4.0,0.3703689599999791,0.005262172580000002,101.771,129→130,0.09259223999999477,0.014207920069760432,37.79528392444331,843.3692715502336,534.7769964308326,308.59227511940105
D:\Obsidian\Web Clipper\001_inbox\RTPLAN_57661.dcm,NewPlan,2,Beam11,131,344.0,-161.73108482,0.32916310497,1400.0,-150.0,150.0,-150.0,150.0,4.0,0.3703689600000075,0.0052341901399999835,116.623,130→131,0.09259224000000188,0.014132367194053943,40.10055270290389,752.8792369641191,336.29357060591,416.58566635820904
D:\Obsidian\Web Clipper\001_inbox\RTPLAN_57661.dcm,NewPlan,2,Beam11,132,348.0,-161.36071587,0.33455749357,1400.0,-150.0,150.0,-150.0,150.0,4.0,0.3703689499999996,0.005394388599999966,112.3785,131→132,0.0925922374999999,0.014564905076410893,11.460193949843816,546.5369059690349,207.05407405237423,339.48283191666076
D:\Obsidian\Web Clipper\001_inbox\RTPLAN_57661.dcm,NewPlan,2,Beam11,133,352.0,-160.99034691,0.33979149199,1400.0,-150.0,150.0,-150.0,150.0,4.0,0.3703689600000075,0.005233998420000052,97.4973,132→133,0.09259224000000188,0.014131849548082933,40.17939300312776,577.9120906892297,283.31342885753133,294.5986618316983
D:\Obsidian\Web Clipper\001_inbox\RTPLAN_57661.dcm,NewPlan,2,Beam11,134,356.0,-160.61997795105,0.34427452552,1400.0,-150.0,150.0,-150.0,150.0,4.0,0.3703689589499959,0.004483033529999958,105.9748,133→134,0.09259223973749897,0.012104236658248727,22.889337227487704,513.3348662344806,255.30568292783502,258.0291833066456
D:\Obsidian\Web Clipper\001_inbox\RTPLAN_57661.dcm,NewPlan,2,Beam11,135,0.0,-160.24960899353,0.34926752563,1400.0,-150.0,150.0,-150.0,150.0,4.0,0.3703689575200144,0.004993000110000034,104.0012,134→135,0.0925922393800036,0.013481151723495123,5.328740327524217,483.06775275660533,215.95681380958536,267.11093894702
D:\Obsidian\Web Clipper\001_inbox\RTPLAN_57661.dcm,NewPlan,2,Beam11,136,4.0,-159.87924004,0.35437339364,1400.0,-150.0,150.0,-150.0,150.0,4.0,0.3703689535299759,0.005105868009999959,75.0599,135→136,0.09259223838249397,0.013785896364519965,78.14180892907274,596.2430109091936,292.71864978613957,303.52436112305395
D:\Obsidian\Web Clipper\001_inbox\RTPLAN_57661.dcm,NewPlan,2,Beam11,137,8.0,-159.50887108,0.35969477016,1400.0,-150.0,150.0,-150.0,150.0,4.0,0.3703689600000075,0.005321376520000032,73.09989999999999,136→137,0.09259224000000188,0.014367771316472967,5.292020152012653,661.7452499258982,319.3191459673013,342.4261039585969
D:\Obsidian\Web Clipper\001_inbox\RTPLAN_57661.dcm,NewPlan,2,Beam11,138,12.0,-159.13850212,0.3650564365,1400.0,-150.0,150.0,-150.0,150.0,4.0,0.3703689600000075,0.005361666340000015,147.3427,137→138,0.09259224000000188,0.01447655424471831,200.45632333767526,606.7457704878817,262.42992933316555,344.31584115471617
D:\Obsidian\Web Clipper\001_inbox\RTPLAN_57661.dcm,NewPlan,2,Beam11,139,16.0,-158.76813316,0.37005613393,1400.0,-150.0,150.0,-150.0,150.0,4.0,0.3703689600000075,0.00499969742999995,125.1938,138→139,0.09259224000000188,0.013499234466084437,59.802257726996245,666.9846198774189,353.3406255210948,313.64399435632413
D:\Obsidian\Web Clipper\001_inbox\RTPLAN_57661.dcm,NewPlan,2,Beam11,140,20.0,-158.39776421,0.37456031016,1400.0,-150.0,150.0,-150.0,150.0,4.0,0.3703689499999996,0.004504176230000045,100.1485,139→140,0.0925922374999999,0.01216132245967177,67.62256933255345,900.0573617199832,402.24106259447547,497.81629912550767
D:\Obsidian\Web Clipper\001_inbox\RTPLAN_57661.dcm,NewPlan,2,Beam11,141,24.0,-158.02739525,0.37949206594,1400.0,-150.0,150.0,-150.0,150.0,4.0,0.3703689599999791,0.004931755779999991,35.5078,140→141,0.09259223999999477,0.013315791312534046,174.5305546123618,640.0873874528075,279.45781417537216,360.6295732774354
D:\Obsidian\Web Clipper\001_inbox\RTPLAN_57661.dcm,NewPlan,2,Beam11,142,28.0,-157.65702629,0.38384877101,1400.0,-150.0,150.0,-150.0,150.0,4.0,0.3703689600000075,0.0043567050699999665,71.5771,141→142,0.09259224000000188,0.011763148483069094,97.3874808515251,757.2888937560921,391.08568925429677,366.2032045017953
D:\Obsidian\Web Clipper\001_inbox\RTPLAN_57661.dcm,NewPlan,2,Beam11,143,32.0,-157.28665733,0.38883719134,1400.0,-150.0,150.0,-150.0,150.0,4.0,0.3703689600000075,0.004988420330000021,58.4102,142→143,0.09259224000000188,0.013468786180137556,35.55076537731383,573.4897438489329,250.59767427593857,322.8920695729944
D:\Obsidian\Web Clipper\001_inbox\RTPLAN_57661.dcm,NewPlan,2,Beam11,144,36.0,-156.91628838,0.39351159809,1400.0,-150.0,150.0,-150.0,150.0,4.0,0.3703689499999996,0.004674406750000026,74.8371,143→144,0.0925922374999999,0.012620946626330396,44.35280009298842,575.5139570960262,220.64241616366624,354.8715409323599
D:\Obsidian\Web Clipper\001_inbox\RTPLAN_57661.dcm,NewPlan,2,Beam11,145,40.0,-156.54591942,0.39679636523,1400.0,-150.0,150.0,-150.0,150.0,4.0,0.3703689600000075,0.003284767139999978,100.5691,144→145,0.09259224000000188,0.008868905050790193,69.47666456713726,715.6409651607809,365.56087205579337,350.0800931049875
D:\Obsidian\Web Clipper\001_inbox\RTPLAN_57661.dcm,NewPlan,2,Beam11,146,44.0,-156.17555046,0.39995456931,1400.0,-150.0,150.0,-150.0,150.0,4.0,0.3703689599999791,0.0031582040800000044,88.8031,145→146,0.09259223999999477,0.008527183487515213,31.768320973768077,733.5274532725834,329.815975939255,403.71147733332845
D:\Obsidian\Web Clipper\001_inbox\RTPLAN_57661.dcm,NewPlan,2,Beam11,147,48.0,-155.8051815,0.40306956363888,1400.0,-150.0,150.0,-150.0,150.0,4.0,0.3703689600000075,0.0031149943288800164,80.77820000000001,146→147,0.09259224000000188,0.008410516715223524,21.667312509125562,708.9427796540906,314.9556593511444,393.98712030294615
D:\Obsidian\Web Clipper\001_inbox\RTPLAN_57661.dcm,NewPlan,2,Beam11,148,52.0,-155.43481255,0.40535209037,1400.0,-150.0,150.0,-150.0,150.0,4.0,0.3703689499999996,0.0022825267311199493,82.7749,147→148,0.0925922374999999,0.006162845808537546,5.3911106749094175,498.67409241514497,197.58972775660612,301.08436465853885
D:\Obsidian\Web Clipper\001_inbox\RTPLAN_57661.dcm,NewPlan,2,Beam11,149,56.0,-155.06444359,0.40765100463,1400.0,-150.0,150.0,-150.0,150.0,4.0,0.3703689600000075,0.0022989142600000068,82.86269999999999,148→149,0.09259224000000188,0.006207092138606756,0.23706090272787828,467.90638178749236,242.22332238640675,225.68305940108561
D:\Obsidian\Web Clipper\001_inbox\RTPLAN_57661.dcm,NewPlan,2,Beam11,150,60.0,-154.69407463,0.40961087095,1400.0,-150.0,150.0,-150.0,150.0,4.0,0.3703689600000075,0.0019598663200000033,51.646800000000006,149→150,0.09259224000000188,0.005291659214638191,84.28325095061787,586.9449750864533,300.07050266846807,286.87447241798515
D:\Obsidian\Web Clipper\001_inbox\RTPLAN_57661.dcm,NewPlan,2,Beam11,151,64.0,-154.32370567,0.41113000315,1400.0,-150.0,150.0,-150.0,150.0,4.0,0.3703689599999791,0.0015191321999999952,72.5046,150→151,0.09259223999999477,0.0041016725591693235,56.31627445237627,685.4613302367842,358.92235677635483,326.53897346042936
D:\Obsidian\Web Clipper\001_inbox\RTPLAN_57661.dcm,NewPlan,2,Beam11,152,68.0,-153.95333672,0.41402630082,1400.0,-150.0,150.0,-150.0,150.0,4.0,0.3703689499999996,0.0028962976700000476,111.311,151→152,0.0925922374999999,0.007820033698829372,104.77768182240993,773.3396657576191,280.1897945278623,493.14987122975674
D:\Obsidian\Web Clipper\001_inbox\RTPLAN_57661.dcm,NewPlan,2,Beam11,153,72.0,-153.58296776,0.41770290162,1400.0,-150.0,150.0,-150.0,150.0,4.0,0.3703689600000075,0.003676600799999985,101.7863,152→153,0.09259224000000188,0.00992685996148249,25.71678792952794,602.8615356967157,270.72220091013554,332.13933478658015
D:\Obsidian\Web Clipper\001_inbox\RTPLAN_57661.dcm,NewPlan,2,Beam11,154,76.0,-153.2125988,0.42221843848098,1400.0,-150.0,150.0,-150.0,150.0,4.0,0.3703689600000075,0.004515536860979996,56.70099999999999,153→154,0.09259224000000188,0.012191995951766326,121.73077355078323,544.6979142096463,187.50086400328632,357.19705020635996
D:\Obsidian\Web Clipper\001_inbox\RTPLAN_57661.dcm,NewPlan,2,Beam11,155,80.0,-152.84222984314,0.4262373653,1400.0,-150.0,150.0,-150.0,150.0,4.0,0.3703689568600055,0.004018926819019997,59.871,154→155,0.09259223921500137,0.010851143824505511,8.559032665359766,613.6875021248417,314.41322995117036,299.2742721736713
D:\Obsidian\Web Clipper\001_inbox\RTPLAN_57661.dcm,NewPlan,2,Beam11,156,84.0,-152.47186088562,0.42979625533094,1400.0,-150.0,150.0,-150.0,150.0,4.0,0.370368957519986,0.0035588900309400096,89.01570000000001,155→156,0.0925922393799965,0.009609039739103846,78.69099018220848,490.8948126144967,275.52849105744315,215.3663215570535
D:\Obsidian\Web Clipper\001_inbox\RTPLAN_57661.dcm,NewPlan,2,Beam11,157,88.0,-152.10149193,0.43397343655,1400.0,-150.0,150.0,-150.0,150.0,4.0,0.3703689556199947,0.004177181219059967,113.7005,156→157,0.09259223890499868,0.011278432373111288,66.64921458840371,497.33946975024446,226.81112637904087,270.5283433712036
D:\Obsidian\Web Clipper\001_inbox\RTPLAN_57661.dcm,NewPlan,2,Beam11,158,92.0,-151.73112297,0.43835137779,1400.0,-150.0,150.0,-150.0,150.0,4.0,0.3703689600000075,0.004377941240000016,111.5416,157→158,0.09259224000000188,0.011820486360411863,5.829052197030656,509.9495918880355,252.49092148542388,257.45867040261163
D:\Obsidian\Web Clipper\001_inbox\RTPLAN_57661.dcm,NewPlan,2,Beam11,159,96.0,-151.36075401,0.442234831,1400.0,-150.0,150.0,-150.0,150.0,4.0,0.3703689600000075,0.0038834532099999985,107.2902,158→159,0.09259224000000188,0.010485363595264354,11.47882371136047,498.2191272184263,214.2066656989786,284.0124615194477
D:\Obsidian\Web Clipper\001_inbox\RTPLAN_57661.dcm,NewPlan,2,Beam11,160,100.0,-150.99038506,0.44541907058243,1400.0,-150.0,150.0,-150.0,150.0,4.0,0.3703689499999996,0.0031842395824300262,103.8343,159→160,0.0925922374999999,0.008597479843896283,9.330965784253792,519.4412220570871,246.49636531356123,272.9448567435259
D:\Obsidian\Web Clipper\001_inbox\RTPLAN_57661.dcm,NewPlan,2,Beam11,161,104.0,-150.6200161,0.44779783843,1400.0,-150.0,150.0,-150.0,150.0,4.0,0.3703689600000075,0.0023787678475699625,77.6715,160→161,0.09259224000000188,0.0064226976460714045,70.6398289964674,578.3276222715739,328.86314231083924,249.46447996073462
D:\Obsidian\Web Clipper\001_inbox\RTPLAN_57661.dcm,NewPlan,2,Beam11,162,108.0,-150.24964714,0.44962077485,1400.0,-150.0,150.0,-150.0,150.0,4.0,0.3703689599999791,0.001822936420000032,108.0208,161→162,0.09259223999999477,0.0049219470767748325,81.94342204055576,617.0814098460436,267.6279891273977,349.4534207186459
D:\Obsidian\Web Clipper\001_inbox\RTPLAN_57661.dcm,NewPlan,2,Beam11,163,112.0,-149.87927818,0.45147027249,1400.0,-150.0,150.0,-150.0,150.0,4.0,0.3703689600000075,0.0018494976399999752,88.3998,162→163,0.09259224000000188,0.0049936626438671795,52.97690173604072,520.0506003526755,224.30416415025252,295.746436202423
D:\Obsidian\Web Clipper\001_inbox\RTPLAN_57661.dcm,NewPlan,2,Beam11,164,116.0,-149.50890923,0.45414088445,1400.0,-150.0,150.0,-150.0,150.0,4.0,0.3703689499999996,0.0026706119600000133,70.9502,163→164,0.0925922374999999,0.007210679944957633,47.11410068257618,746.6522234112776,365.96453347398625,380.68768993729134
D:\Obsidian\Web Clipper\001_inbox\RTPLAN_57661.dcm,NewPlan,2,Beam11,165,120.0,-149.13854027,0.45690583572,1400.0,-150.0,150.0,-150.0,150.0,4.0,0.3703689600000075,0.0027649512699999823,110.93599999999999,164→165,0.09259224000000188,0.007465396857231033,107.96207111956463,619.5176291231191,337.5790455009984,281.9385836221207
D:\Obsidian\Web Clipper\001_inbox\RTPLAN_57661.dcm,NewPlan,2,Beam11,166,124.0,-148.76817131,0.45972034167,1400.0,-150.0,150.0,-150.0,150.0,4.0,0.3703689599999791,0.0028145059499999903,153.308,165→166,0.09259223999999477,0.007599195002734973,114.40483565362062,653.0752469105771,320.06920882356525,333.0060380870118
D:\Obsidian\Web Clipper\001_inbox\RTPLAN_57661.dcm,NewPlan,2,Beam11,167,128.0,-148.39780235,0.46341654951,1400.0,-150.0,150.0,-150.0,150.0,4.0,0.3703689600000075,0.003696207840000021,110.3129,166→167,0.09259224000000188,0.009979799171075098,116.08721206010115,572.9678318614922,283.34555897988287,289.62227288160926
D:\Obsidian\Web Clipper\001_inbox\RTPLAN_57661.dcm,NewPlan,2,Beam11,168,132.0,-148.0274334,0.46796378059,1400.0,-150.0,150.0,-150.0,150.0,4.0,0.3703689499999996,0.0045472310799999915,108.912,167→168,0.0925922374999999,0.012277571000484778,3.7824445056746643,447.0547544549839,188.18289168138983,258.87186277359405
D:\Obsidian\Web Clipper\001_inbox\RTPLAN_57661.dcm,NewPlan,2,Beam11,169,136.0,-147.65706444,0.47264249538,1400.0,-150.0,150.0,-150.0,150.0,4.0,0.3703689600000075,0.004678714790000038,108.28719999999998,168→169,0.09259224000000188,0.012632578037857015,1.686966423968167,510.52037406157405,257.96384232630635,252.5565317352677
D:\Obsidian\Web Clipper\001_inbox\RTPLAN_57661.dcm,NewPlan,2,Beam11,170,140.0,-147.28669548,0.47790859546,1400.0,-150.0,150.0,-150.0,150.0,4.0,0.3703689600000075,0.005266100079999947,111.4254,169→170,0.09259224000000188,0.014218524360140332,8.473172265839848,669.5974198269611,311.9918580649892,357.6055617619719
D:\Obsidian\Web Clipper\001_inbox\RTPLAN_57661.dcm,NewPlan,2,Beam11,171,144.0,-146.91632652,0.48315134824,1400.0,-150.0,150.0,-150.0,150.0,4.0,0.3703689599999791,0.005242752780000026,116.43169999999999,170→171,0.09259223999999477,0.01415548641009312,13.517061472970841,574.7225685435734,252.41478119550104,322.3077873480724
D:\Obsidian\Web Clipper\001_inbox\RTPLAN_57661.dcm,NewPlan,2,Beam11,172,148.0,-146.54595757,0.48786048179,1400.0,-150.0,150.0,-150.0,150.0,4.0,0.3703689499999996,0.004709133550000022,109.5344,171→172,0.0925922374999999,0.012714709345910414,18.622781418366724,561.7838644411208,288.20558526841984,273.57827917270095
D:\Obsidian\Web Clipper\001_inbox\RTPLAN_57661.dcm,NewPlan,2,Beam11,173,152.0,-146.17558861,0.49248999813,1400.0,-150.0,150.0,-150.0,150.0,4.0,0.3703689600000075,0.004629516339999973,125.9982,172→173,0.09259224000000188,0.01249974171701613,44.452429274849756,577.7236299715712,250.37924344415393,327.34438652741727
D:\Obsidian\Web Clipper\001_inbox\RTPLAN_57661.dcm,NewPlan,2,Beam11,174,156.0,-145.80521965,0.49705840905,1400.0,-150.0,150.0,-150.0,150.0,4.0,0.3703689600000075,0.004568410919999988,110.9934,173→174,0.09259224000000188,0.012334756454752297,40.51311427393834,589.9390164877627,299.1954293361888,290.743587151574
D:\Obsidian\Web Clipper\001_inbox\RTPLAN_57661.dcm,NewPlan,2,Beam11,175,160.0,-145.43485069,0.49888260284,1400.0,-150.0,150.0,-150.0,150.0,4.0,0.3703689600000075,0.0018241937900000393,104.203,174→175,0.09259224000000188,0.0049253419887022995,18.334149816442103,592.3242055705628,252.58326183705591,339.7409437335068
D:\Obsidian\Web Clipper\001_inbox\RTPLAN_57661.dcm,NewPlan,2,Beam11,176,164.0,-145.06448173523,0.49919281714,1400.0,-150.0,150.0,-150.0,150.0,4.0,0.37036895476998666,0.00031021430000000016,84.3802,175→176,0.09259223869249666,0.0008375818113390609,53.521764566662235,476.50565126227343,281.80952711012173,194.69612415215173
D:\Obsidian\Web Clipper\001_inbox\RTPLAN_57661.dcm,NewPlan,2,Beam11,177,168.0,-144.69411277771,0.49949085776,1400.0,-150.0,150.0,-150.0,150.0,4.0,0.3703689575200144,0.0002980406199999952,76.5138,176→177,0.0925922393800036,0.0008047127437344404,21.239361021704703,435.9034328390647,261.684188245616,174.2192445934487
D:\Obsidian\Web Clipper\001_inbox\RTPLAN_57661.dcm,NewPlan,2,Beam11,178,172.0,-144.32374382019,0.50120135373,1400.0,-150.0,150.0,-150.0,150.0,4.0,0.370368957519986,0.0017104959699999478,99.49260000000001,177→178,0.0925922393799965,0.004618356736627004,62.04299667517361,601.9856563922983,276.4559445953965,325.5297117969018
D:\Obsidian\Web Clipper\001_inbox\RTPLAN_57661.dcm,NewPlan,2,Beam11,179,176.0,-143.95337486,0.50515179896,1400.0,-150.0,150.0,-150.0,150.0,4.0,0.37036896019000665,0.003950445229999988,100.56400000000001,178→179,0.09259224004750166,0.01066624273258032,2.8927910142641204,559.8376815746846,251.24999663109136,308.5876849435932
D:\Obsidian\Web Clipper\001_inbox\RTPLAN_57661.dcm,NewPlan,2,Beam11,180,180.0,-143.58300591,0.50890032778,1400.0,-150.0,150.0,-150.0,150.0,4.0,0.3703689499999996,0.0037485288200000966,60.1945,179→180,0.0925922374999999,0.010121066628290792,108.99806800759096,687.8073877413328,294.45556923710836,393.3518185042244
D:\Obsidian\Web Clipper\001_inbox\RTPLAN_57661.dcm,NewPlan,2,Beam11,181,184.0,-143.21263695,0.51237314461097,1400.0,-150.0,150.0,-150.0,150.0,4.0,0.3703689600000075,0.0034728168309700047,94.45710000000001,180→181,0.09259224000000188,0.00937664114986832,92.50937227568778,591.5592926577744,247.80802365294903,343.7512690048254
D:\Obsidian\Web Clipper\001_inbox\RTPLAN_57661.dcm,NewPlan,2,Beam11,182,188.0,-142.84226799,0.51415590276,1400.0,-150.0,150.0,-150.0,150.0,4.0,0.3703689599999791,0.0017827581490299504,120.0227,181→182,0.09259223999999477,0.0048134653320571225,69.02738285627778,685.3371297638289,315.2186403526003,370.11848941122855
D:\Obsidian\Web Clipper\001_inbox\RTPLAN_57661.dcm,NewPlan,2,Beam11,183,192.0,-142.47189903,0.51491663052,1400.0,-150.0,150.0,-150.0,150.0,4.0,0.3703689600000075,0.000760727760000024,125.2463,182→183,0.09259224000000188,0.0020539727735283445,14.103773707170003,791.5371741735432,396.12849845731404,395.40867571622914
D:\Obsidian\Web Clipper\001_inbox\RTPLAN_57661.dcm,NewPlan,2,Beam11,184,196.0,-142.10153008,0.51519367498,1400.0,-150.0,150.0,-150.0,150.0,4.0,0.3703689499999996,0.0002770444599999866,94.9715,183→184,0.0925922374999999,0.000748022910667827,81.7422734816189,536.7334383727368,254.1079645040442,282.6254738686926
D:\Obsidian\Web Clipper\001_inbox\RTPLAN_57661.dcm,NewPlan,2,Beam11,185,200.0,-141.73116112,0.51736833303,1400.0,-150.0,150.0,-150.0,150.0,4.0,0.3703689600000075,0.0021746580499999446,108.5856,184→185,0.09259224000000188,0.005871599094049082,36.75820997526282,496.41957036571387,211.8487467200232,284.57082364569067
D:\Obsidian\Web Clipper\001_inbox\RTPLAN_57661.dcm,NewPlan,2,Beam11,186,204.0,-141.36079216,0.52159662956,1400.0,-150.0,150.0,-150.0,150.0,4.0,0.3703689600000075,0.004228296530000009,108.3797,185→186,0.09259224000000188,0.011416444104818943,0.5559321169894895,410.31921249555285,159.28953657455205,251.02967592100083
D:\Obsidian\Web Clipper\001_inbox\RTPLAN_57661.dcm,NewPlan,2,Beam11,187,208.0,-140.9904232,0.52579418661,1400.0,-150.0,150.0,-150.0,150.0,4.0,0.3703689599999791,0.0041975570500000225,76.54190000000001,186→187,0.09259223999999477,0.01133344719276761,85.96238734477582,411.2760961393973,229.15581262534738,182.1202835140499
D:\Obsidian\Web Clipper\001_inbox\RTPLAN_57661.dcm,NewPlan,2,Beam11,188,212.0,-140.62005424,0.5291595414,1400.0,-150.0,150.0,-150.0,150.0,4.0,0.3703689600000075,0.003365354789999997,82.2243,187→188,0.09259224000000188,0.009086492534363378,15.342538424385973,434.1270931559619,209.30776704397266,224.81932611198928
D:\Obsidian\Web Clipper\001_inbox\RTPLAN_57661.dcm,NewPlan,2,Beam11,189,216.0,-140.24968529,0.53161961319,1400.0,-150.0,150.0,-150.0,150.0,4.0,0.3703689499999996,0.0024600717899999625,76.7337,188→189,0.0925922374999999,0.006642219305910945,14.824676852635749,511.87093302502876,241.45004596092653,270.4208870641022
D:\Obsidian\Web Clipper\001_inbox\RTPLAN_57661.dcm,NewPlan,2,Beam11,190,220.0,-139.87931633,0.53332984399,1400.0,-150.0,150.0,-150.0,150.0,4.0,0.3703689600000075,0.001710230800000101,64.2397,189→190,0.09259224000000188,0.004617640743976132,33.733928458798886,488.4669600821741,242.1177519843947,246.34920809777944
D:\Obsidian\Web Clipper\001_inbox\RTPLAN_57661.dcm,NewPlan,2,Beam11,191,224.0,-139.50894737,0.53566720836,1400.0,-150.0,150.0,-150.0,150.0,4.0,0.3703689600000075,0.0023373643699999835,84.10510000000001,190→191,0.09259224000000188,0.006310907830936847,53.636784248873354,442.4053246794674,221.27772262556326,221.12760205390416
D:\Obsidian\Web Clipper\001_inbox\RTPLAN_57661.dcm,NewPlan,2,Beam11,192,228.0,-139.13857841,0.53786708495,1400.0,-150.0,150.0,-150.0,150.0,4.0,0.3703689599999791,0.002199876589999983,118.0137,191→192,0.09259223999999477,0.005939689411337567,91.55356863599451,424.57310677441455,216.50464444969828,208.06846232471628
D:\Obsidian\Web Clipper\001_inbox\RTPLAN_57661.dcm,NewPlan,2,Beam11,193,232.0,-138.76820946,0.53944538268,1400.0,-150.0,150.0,-150.0,150.0,4.0,0.3703689499999996,0.0015782977299999557,81.627,192→193,0.0925922374999999,0.004261420213546404,98.24446676753017,504.5368948989925,211.9891529784019,292.54774192059057
D:\Obsidian\Web Clipper\001_inbox\RTPLAN_57661.dcm,NewPlan,2,Beam11,194,236.0,-138.3978405,0.54116753629542,1400.0,-150.0,150.0,-150.0,150.0,4.0,0.3703689600000075,0.0017221536154200523,93.3417,193→194,0.09259224000000188,0.004649832468196086,31.62981044631756,465.2317516025007,253.01337347492108,212.21837812757963
D:\Obsidian\Web Clipper\001_inbox\RTPLAN_57661.dcm,NewPlan,2,Beam11,195,240.0,-138.02747154,0.54349663584,1400.0,-150.0,150.0,-150.0,150.0,4.0,0.3703689600000075,0.002329099544579938,104.3253,194→195,0.09259224000000188,0.006288592717326772,29.655832929411183,483.82483240495196,233.10403766017066,250.7207947447813
D:\Obsidian\Web Clipper\001_inbox\RTPLAN_57661.dcm,NewPlan,2,Beam11,196,244.0,-137.65710258,0.54672396772,1400.0,-150.0,150.0,-150.0,150.0,4.0,0.3703689600000075,0.0032273318800000173,99.3528,195→196,0.09259224000000188,0.008713829258261686,13.425801125450404,516.2932660447466,276.49212288199834,239.80114316274828
D:\Obsidian\Web Clipper\001_inbox\RTPLAN_57661.dcm,NewPlan,2,Beam11,197,248.0,-137.28673363,0.54988142541,1400.0,-150.0,150.0,-150.0,150.0,4.0,0.3703689499999996,0.0031574576899999762,99.0844,196→197,0.0925922374999999,0.008525168457020978,0.7246827791584582,485.2509909375508,239.44150825818446,245.80948267936634
D:\Obsidian\Web Clipper\001_inbox\RTPLAN_57661.dcm,NewPlan,2,Beam11,198,252.0,-136.9163646698,0.55262234285,1400.0,-150.0,150.0,-150.0,150.0,4.0,0.37036896019998267,0.0027409174400000458,70.15090000000001,197→198,0.09259224004999567,0.0074005052651282465,78.1207474416247,523.2725223392224,244.31124020528608,278.9612821339363
D:\Obsidian\Web Clipper\001_inbox\RTPLAN_57661.dcm,NewPlan,2,Beam11,199,256.0,-136.54599571228,0.55476220815303,1400.0,-150.0,150.0,-150.0,150.0,4.0,0.3703689575200144,0.0021398653030300085,69.1935,198→199,0.0925922393800036,0.005777658358191026,2.5849898609504005,528.2502651141529,235.62152882449436,292.62873628965843
D:\Obsidian\Web Clipper\001_inbox\RTPLAN_57661.dcm,NewPlan,2,Beam11,200,260.0,-136.17562675,0.55698286627,1400.0,-150.0,150.0,-150.0,150.0,4.0,0.37036896227999705,0.0022206581169700312,72.6211,199→200,0.09259224056999926,0.005995799710914288,9.25455518437517,465.1056582591599,200.1039707640822,265.0016874950777
D:\Obsidian\Web Clipper\001_inbox\RTPLAN_57661.dcm,NewPlan,2,Beam11,201,264.0,-135.8052578,0.55989263378,1400.0,-150.0,150.0,-150.0,150.0,4.0,0.3703689499999996,0.0029097675099999387,84.58049999999999,200→201,0.0925922374999999,0.007856402406303071,32.29050383408221,320.02871731013124,139.13828359531774,180.8904337148135
D:\Obsidian\Web Clipper\001_inbox\RTPLAN_57661.dcm,NewPlan,2,Beam11,202,268.0,-135.43488884,0.56370814214,1400.0,-150.0,150.0,-150.0,150.0,4.0,0.3703689599999791,0.0038155083599999973,81.1997,201→202,0.09259223999999477,0.010301911801680715,9.128194760166107,318.8658142410386,154.92388995018166,163.94192429085695
D:\Obsidian\Web Clipper\001_inbox\RTPLAN_57661.dcm,NewPlan,2,Beam11,203,272.0,-135.06451988,0.56818763386,1400.0,-150.0,150.0,-150.0,150.0,4.0,0.3703689600000075,0.004479491720000062,74.5177,202→203,0.09259224000000188,0.012094673700517372,18.041468701912457,250.1513625763836,108.59927354603147,141.55208903035214
D:\Obsidian\Web Clipper\001_inbox\RTPLAN_57661.dcm,NewPlan,2,Beam11,204,276.0,-134.69415092,0.57245619204,1400.0,-150.0,150.0,-150.0,150.0,4.0,0.3703689600000075,0.004268558179999937,58.0981,203→204,0.09259224000000188,0.011525150973774505,44.333088820401336,449.7501626486102,238.7022389781212,211.04792367048904
D:\Obsidian\Web Clipper\001_inbox\RTPLAN_57661.dcm,NewPlan,2,Beam11,205,280.0,-134.32378197,0.57626075233213,1400.0,-150.0,150.0,-150.0,150.0,4.0,0.3703689499999996,0.0038045602921300548,73.0241,204→205,0.0925922374999999,0.010272352183221782,40.300354551859755,495.9878521134134,224.27474009362854,271.7131120197849
D:\Obsidian\Web Clipper\001_inbox\RTPLAN_57661.dcm,NewPlan,2,Beam11,206,284.0,-133.95341301,0.57991685951,1400.0,-150.0,150.0,-150.0,150.0,4.0,0.3703689600000075,0.003656107177870016,56.6125,205→206,0.09259224000000188,0.009871526971023548,44.311488738148235,555.0940337980694,264.9906190842721,290.10341471379735
D:\Obsidian\Web Clipper\001_inbox\RTPLAN_57661.dcm,NewPlan,2,Beam11,207,288.0,-133.58304405,0.58260012868,1400.0,-150.0,150.0,-150.0,150.0,4.0,0.3703689599999791,0.0026832691699999467,60.7187,206→207,0.09259223999999477,0.00724485434740562,11.086782218467317,435.87021979382166,198.55389609324754,237.3163237005741
D:\Obsidian\Web Clipper\001_inbox\RTPLAN_57661.dcm,NewPlan,2,Beam11,208,292.0,-133.21267509,0.58491769988,1400.0,-150.0,150.0,-150.0,150.0,4.0,0.3703689600000075,0.0023175711999999793,67.27380000000001,207→208,0.09259224000000188,0.0062574660684306055,17.698837397172476,433.24445979489406,230.41158740732016,202.8328723875739
D:\Obsidian\Web Clipper\001_inbox\RTPLAN_57661.dcm,NewPlan,2,Beam11,209,296.0,-132.84230614,0.58713655572,1400.0,-150.0,150.0,-150.0,150.0,4.0,0.3703689499999996,0.0022188558400000336,60.366800000000005,208→209,0.0925922374999999,0.005990933743231002,18.648971518805805,439.49013544466993,223.42909685058666,216.06103859408324
D:\Obsidian\Web Clipper\001_inbox\RTPLAN_57661.dcm,NewPlan,2,Beam11,210,300.0,-132.47193718,0.58953964529,1400.0,-150.0,150.0,-150.0,150.0,4.0,0.3703689600000075,0.0024030895700000166,74.0524,209→210,0.09259224000000188,0.006488366546699723,36.951260710400035,503.22413627750075,250.52747400861594,252.6966622688848
D:\Obsidian\Web Clipper\001_inbox\RTPLAN_57661.dcm,NewPlan,2,Beam11,211,304.0,-132.10156822,0.59151316629,1400.0,-150.0,150.0,-150.0,150.0,4.0,0.3703689600000075,0.0019735209999999226,76.5032,210→211,0.09259224000000188,0.005328526991030464,6.617185198241104,363.85581556293823,151.79781804608803,212.05799751685024
D:\Obsidian\Web Clipper\001_inbox\RTPLAN_57661.dcm,NewPlan,2,Beam11,212,308.0,-131.73119926,0.59339820674034,1400.0,-150.0,150.0,-150.0,150.0,4.0,0.3703689599999791,0.001885040450340103,74.73330000000001,211→212,0.09259223999999477,0.005089628597224264,4.778748197473386,627.8304207782777,327.91975871845966,299.91066205981804
D:\Obsidian\Web Clipper\001_inbox\RTPLAN_57661.dcm,NewPlan,2,Beam11,213,312.0,-131.36083031,0.59594270373,1400.0,-150.0,150.0,-150.0,150.0,4.0,0.3703689499999996,0.0025444969896599723,64.221,212→213,0.0925922374999999,0.0068701682191770535,28.383318850027848,433.52311256113717,239.3518679144137,194.17124464672347
D:\Obsidian\Web Clipper\001_inbox\RTPLAN_57661.dcm,NewPlan,2,Beam11,214,316.0,-130.99046135,0.59847934621959,1400.0,-150.0,150.0,-150.0,150.0,4.0,0.3703689600000075,0.0025366424895899575,71.3599,213→214,0.09259224000000188,0.006848960802735483,19.275103399593334,435.227617346758,221.41137313450437,213.81624421225362
D:\Obsidian\Web Clipper\001_inbox\RTPLAN_57661.dcm,NewPlan,2,Beam11,215,320.0,-130.62009239,0.60115825869,1400.0,-150.0,150.0,-150.0,150.0,4.0,0.3703689600000075,0.0026789124704099665,63.5169,214→215,0.09259224000000188,0.0072330912137181045,21.176180638895435,524.6484478612788,264.09637567899324,260.5520721822856
D:\Obsidian\Web Clipper\001_inbox\RTPLAN_57661.dcm,NewPlan,2,Beam11,216,324.0,-130.24972343,0.60386560762,1400.0,-150.0,150.0,-150.0,150.0,4.0,0.3703689600000075,0.0027073489300000197,72.1882,215→216,0.09259224000000188,0.007309869946984663,23.412599155177094,444.83749394116796,241.53346975944797,203.30402418171997
D:\Obsidian\Web Clipper\001_inbox\RTPLAN_57661.dcm,NewPlan,2,Beam11,217,328.0,-129.87935448,0.60710074615,1400.0,-150.0,150.0,-150.0,150.0,4.0,0.3703689499999996,0.0032351385300000146,67.4603,216→217,0.0925922374999999,0.008734907529370424,12.765378955228284,343.0082354365833,144.44920396269734,198.5590314738859
D:\Obsidian\Web Clipper\001_inbox\RTPLAN_57661.dcm,NewPlan,2,Beam11,218,332.0,-129.50898552,0.61005511218,1400.0,-150.0,150.0,-150.0,150.0,4.0,0.3703689599999791,0.0029543660299999885,49.8528,217→218,0.09259223999999477,0.007976818656725865,47.54043103396406,469.61629829889046,214.71750764428123,254.8987906546092
D:\Obsidian\Web Clipper\001_inbox\RTPLAN_57661.dcm,NewPlan,2,Beam11,219,336.0,-129.13861656189,0.61252487595,1400.0,-150.0,150.0,-150.0,150.0,4.0,0.3703689581100207,0.0024697637700000774,63.549899999999994,218→219,0.09259223952750517,0.006668387606248623,36.982311017359,652.9999199559172,351.4727602018167,301.5271597541006
D:\Obsidian\Web Clipper\001_inbox\RTPLAN_57661.dcm,NewPlan,2,Beam11,220,340.0,-128.76824760437,0.61546622661,1400.0,-150.0,150.0,-150.0,150.0,4.0,0.370368957519986,0.0029413506599998973,69.6498,219→220,0.0925922393799965,0.007941677077083802,16.469792827253457,478.8565466921713,211.09139524950905,267.7651514426623
D:\Obsidian\Web Clipper\001_inbox\RTPLAN_57661.dcm,NewPlan,2,Beam11,221,344.0,-128.39787865,0.61884668581,1400.0,-150.0,150.0,-150.0,150.0,4.0,0.37036895437000794,0.0033804592000000744,53.8749,220→221,0.09259223859250199,0.0091272747354059,42.59239283927799,509.22707687745867,243.70266172425482,265.52441515320385
D:\Obsidian\Web Clipper\001_inbox\RTPLAN_57661.dcm,NewPlan,2,Beam11,222,348.0,-128.02750969,0.6220935773631,1400.0,-150.0,150.0,-150.0,150.0,4.0,0.3703689600000075,0.0032468915530999842,79.9684,221→222,0.09259224000000188,0.008766640576737096,70.4527182839498,506.1795675317828,286.47838090966866,219.70118662211416
D:\Obsidian\Web Clipper\001_inbox\RTPLAN_57661.dcm,NewPlan,2,Beam11,223,352.0,-127.65714073,0.62511702157,1400.0,-150.0,150.0,-150.0,150.0,4.0,0.3703689599999933,0.003023444206900039,90.0527,222→223,0.09259223999999833,0.008163330444592585,27.227713683134194,389.39440281389295,166.5717343051672,222.8226685087257
D:\Obsidian\Web Clipper\001_inbox\RTPLAN_57661.dcm,NewPlan,2,Beam11,224,356.0,-127.28677177,0.62796242478,1400.0,-150.0,150.0,-150.0,150.0,4.0,0.3703689599999933,0.0028454032099999305,79.4046,223→224,0.09259223999999833,0.007682617922409,28.749979479922377,541.070450396285,269.537976400619,271.5324739956659
D:\Obsidian\Web Clipper\001_inbox\RTPLAN_57661.dcm,NewPlan,2,Beam11,225,0.0,-126.91640282,0.63053640835,1400.0,-150.0,150.0,-150.0,150.0,4.0,0.3703689499999996,0.002573983570000049,87.4754,224→225,0.0925922374999999,0.006949782291415228,21.79124356941909,523.8438589411996,253.79368329877576,270.05017564242394
D:\Obsidian\Web Clipper\001_inbox\RTPLAN_57661.dcm,NewPlan,2,Beam11,226,4.0,-126.54603386,0.63334267205,1400.0,-150.0,150.0,-150.0,150.0,4.0,0.3703689600000075,0.0028062637000000334,88.13239999999999,225→226,0.09259224000000188,0.007576940842990667,1.7739067550368777,419.2759566028342,189.9935134952955,229.28244310753865
D:\Obsidian\Web Clipper\001_inbox\RTPLAN_57661.dcm,NewPlan,2,Beam11,227,8.0,-126.1756649,0.63621702685,1400.0,-150.0,150.0,-150.0,150.0,4.0,0.3703689599999933,0.0028743547999999786,73.4332,226→227,0.09259223999999833,0.0077607875130789325,39.68799113187092,480.4954497266812,277.01430487047793,203.4811448562033
D:\Obsidian\Web Clipper\001_inbox\RTPLAN_57661.dcm,NewPlan,2,Beam11,228,12.0,-125.80529594,0.63892678362,1400.0,-150.0,150.0,-150.0,150.0,4.0,0.3703689600000075,0.0027097567699999603,69.04299999999999,227→228,0.09259224000000188,0.007316371139741045,11.853585138451987,573.5693941522412,306.4001367717146,267.16925738052663
D:\Obsidian\Web Clipper\001_inbox\RTPLAN_57661.dcm,NewPlan,2,Beam11,229,16.0,-125.43492699,0.64113820248,1400.0,-150.0,150.0,-150.0,150.0,4.0,0.3703689499999996,0.0022114188599999807,49.4734,228→229,0.0925922374999999,0.005970853820224355,52.838122634200346,416.65182785976026,234.25991838678726,182.391909472973
D:\Obsidian\Web Clipper\001_inbox\RTPLAN_57661.dcm,NewPlan,2,Beam11,230,20.0,-125.06455803,0.64333078869,1400.0,-150.0,150.0,-150.0,150.0,4.0,0.3703689599999933,0.0021925862100000693,54.568,229→230,0.09259223999999833,0.005920005310380516,13.755472380839075,813.8152290084068,391.1885596460422,422.6266693623646
D:\Obsidian\Web Clipper\001_inbox\RTPLAN_57661.dcm,NewPlan,2,Beam11,231,24.0,-124.69418907,0.64576286442511,1400.0,-150.0,150.0,-150.0,150.0,4.0,0.3703689600000075,0.002432075735109951,49.66000000000001,230→231,0.09259224000000188,0.006566629490521834,13.251650462284656,517.3608501101066,194.48930061525277,322.8715494948539
D:\Obsidian\Web Clipper\001_inbox\RTPLAN_57661.dcm,NewPlan,2,Beam11,232,28.0,-124.32382011,0.64848769294,1400.0,-150.0,150.0,-150.0,150.0,4.0,0.3703689599999933,0.0027248285148899765,45.1507,231→232,0.09259223999999833,0.0073570650059066114,12.175156362995677,344.97086364905505,146.8891993540738,198.08166429498124
D:\Obsidian\Web Clipper\001_inbox\RTPLAN_57661.dcm,NewPlan,2,Beam11,233,32.0,-123.95345116,0.65128169023,1400.0,-150.0,150.0,-150.0,150.0,4.0,0.3703689499999996,0.002793997290000072,53.5644,232→233,0.0925922374999999,0.0075438216135560905,22.717077119990776,322.04157502944054,168.1893150060232,153.85226002341736
D:\Obsidian\Web Clipper\001_inbox\RTPLAN_57661.dcm,NewPlan,2,Beam11,234,36.0,-123.5830822,0.65403177618,1400.0,-150.0,150.0,-150.0,150.0,4.0,0.3703689599999933,0.0027500859499999253,48.0473,233→234,0.09259223999999833,0.007425260340391308,14.896226724831635,304.67456020073075,139.55624143016988,165.11831877056085
D:\Obsidian\Web Clipper\001_inbox\RTPLAN_57661.dcm,NewPlan,2,Beam11,235,40.0,-123.21271324,0.65665197938,1400.0,-150.0,150.0,-150.0,150.0,4.0,0.3703689600000075,0.002620203200000004,38.851000000000006,234→235,0.09259224000000188,0.007074575579983676,24.830104553037618,267.44681843747924,115.71137062889704,151.7354478085822
D:\Obsidian\Web Clipper\001_inbox\RTPLAN_57661.dcm,NewPlan,2,Beam11,236,44.0,-122.84234428,0.6591297396,1400.0,-150.0,150.0,-150.0,150.0,4.0,0.3703689599999933,0.0024777602200000137,43.780100000000004,235→236,0.09259223999999833,0.006689978069436647,13.308620679227783,356.84793887695764,158.89830508474864,197.94963379220903
D:\Obsidian\Web Clipper\001_inbox\RTPLAN_57661.dcm,NewPlan,2,Beam11,237,48.0,-122.47197533,0.6614186207,1400.0,-150.0,150.0,-150.0,150.0,4.0,0.3703689499999996,0.0022888811000000286,53.32189999999999,236→237,0.0925922374999999,0.006180002670310325,25.762958800946997,423.85869549809775,208.38922917269414,215.4694663254036
D:\Obsidian\Web Clipper\001_inbox\RTPLAN_57661.dcm,NewPlan,2,Beam11,238,52.0,-122.10160637,0.66348027258,1400.0,-150.0,150.0,-150.0,150.0,4.0,0.3703689600000075,0.0020616518799999595,41.237,237→238,0.09259224000000188,0.0055664812731604655,32.629354252580306,400.6985358600165,199.0971381618981,201.60139769811838
D:\Obsidian\Web Clipper\001_inbox\RTPLAN_57661.dcm,NewPlan,2,Beam11,239,56.0,-121.73123741,0.66516963577,1400.0,-150.0,150.0,-150.0,150.0,4.0,0.3703689599999933,0.001689363190000015,37.90749999999999,238→239,0.09259223999999833,0.00456129798242284,8.989684232717748,360.01775094760205,171.55460327993237,188.46314766766972
D:\Obsidian\Web Clipper\001_inbox\RTPLAN_57661.dcm,NewPlan,2,Beam11,240,60.0,-121.36086845398,0.66665792896,1400.0,-150.0,150.0,-150.0,150.0,4.0,0.37036895602000186,0.0014882931899999896,39.344,239→240,0.09259223900500047,0.00401840695827545,3.878564811253865,398.66813241233393,190.44306725370035,208.22506515863358
D:\Obsidian\Web Clipper\001_inbox\RTPLAN_57661.dcm,NewPlan,2,Beam11,241,64.0,-120.99049949646,0.66810361523,1400.0,-150.0,150.0,-150.0,150.0,4.0,0.3703689575200002,0.0014456862699999684,35.28210000000001,240→241,0.09259223938000005,0.0039033678191615186,10.967171836426514,370.4964933314909,149.23604929016022,221.2604440413307
D:\Obsidian\Web Clipper\001_inbox\RTPLAN_57661.dcm,NewPlan,2,Beam11,242,68.0,-120.62013053894,0.66954385404,1400.0,-150.0,150.0,-150.0,150.0,4.0,0.3703689575200002,0.0014402388100001051,35.215799999999994,241→242,0.09259223938000005,0.0038886596210545832,0.17901068287136945,224.65057697365725,110.88132297853917,113.76925399511808
D:\Obsidian\Web Clipper\001_inbox\RTPLAN_57661.dcm,NewPlan,2,Beam11,243,72.0,-120.24976158,0.6710725201,1400.0,-150.0,150.0,-150.0,150.0,4.0,0.37036895894000565,0.0015286660599999058,42.578700000000005,242→243,0.09259223973500141,0.0041274140910052,19.87990575957715,256.94188917007773,124.2828236246879,132.6590655453898
D:\Obsidian\Web Clipper\001_inbox\RTPLAN_57661.dcm,NewPlan,2,Beam11,244,76.0,-119.87939262,0.67277550196,1400.0,-150.0,150.0,-150.0,150.0,4.0,0.3703689599999933,0.0017029818600000635,35.061499999999995,243→244,0.09259223999999833,0.004598068531445222,20.29651728913823,279.485084279206,116.72819450096675,162.75688977823924
D:\Obsidian\Web Clipper\001_inbox\RTPLAN_57661.dcm,NewPlan,2,Beam11,245,80.0,-119.50902367,0.67468867593,1400.0,-150.0,150.0,-150.0,150.0,4.0,0.3703689499999996,0.001913173970000015,42.9591,244→245,0.0925922374999999,0.00516558952903589,21.323601776012847,328.53239992175406,158.8926393532721,169.63976056848196
D:\Obsidian\Web Clipper\001_inbox\RTPLAN_57661.dcm,NewPlan,2,Beam11,246,84.0,-119.13865471,0.67682127997,1400.0,-150.0,150.0,-150.0,150.0,4.0,0.3703689600000075,0.00213260403999993,37.0449,245→246,0.09259224000000188,0.005758052834664889,15.968400807669955,291.0351882619909,133.02491655887954,158.0102717031114
D:\Obsidian\Web Clipper\001_inbox\RTPLAN_57661.dcm,NewPlan,2,Beam11,247,88.0,-118.76828575,0.67900033584,1400.0,-150.0,150.0,-150.0,150.0,4.0,0.3703689599999933,0.0021790558700000018,42.498999999999995,246→247,0.09259223999999833,0.00588347325326626,14.72612607708836,365.3446012322481,152.03244893956833,213.31215229267977
D:\Obsidian\Web Clipper\001_inbox\RTPLAN_57661.dcm,NewPlan,2,Beam11,248,92.0,-118.39791679,0.68119883953,1400.0,-150.0,150.0,-150.0,150.0,4.0,0.3703689600000075,0.0021985036900000754,39.629900000000006,247→248,0.09259224000000188,0.005935982567221699,7.746599499050705,228.92388174213704,116.56997389845823,112.35390784367881
D:\Obsidian\Web Clipper\001_inbox\RTPLAN_57661.dcm,NewPlan,2,Beam11,249,96.0,-118.02754784,0.68333321544,1400.0,-150.0,150.0,-150.0,150.0,4.0,0.3703689499999996,0.002134375909999986,49.327099999999994,248→249,0.0925922374999999,0.005762837057480084,26.18254041004247,205.3722376025314,116.90315832361229,88.46907927891912
D:\Obsidian\Web Clipper\001_inbox\RTPLAN_57661.dcm,NewPlan,2,Beam11,250,100.0,-117.65717888,0.68507516382,1400.0,-150.0,150.0,-150.0,150.0,4.0,0.3703689599999933,0.001741948379999969,43.521699999999996,249→250,0.09259223999999833,0.004703278536084667,15.674639689028215,323.3343312571392,154.7397492489679,168.5945820081713
D:\Obsidian\Web Clipper\001_inbox\RTPLAN_57661.dcm,NewPlan,2,Beam11,251,104.0,-117.28680992,0.68648869274527,1400.0,-150.0,150.0,-150.0,150.0,4.0,0.3703689600000075,0.0014135289252700245,47.46619999999999,250→251,0.09259224000000188,0.00381654263162333,10.650190555925414,421.5337052003408,205.3962621489621,216.1374430513787
D:\Obsidian\Web Clipper\001_inbox\RTPLAN_57661.dcm,NewPlan,2,Beam11,252,108.0,-116.91644096,0.68800698286,1400.0,-150.0,150.0,-150.0,150.0,4.0,0.3703689599999933,0.0015182901147299255,45.551899999999996,251→252,0.09259223999999833,0.0040993989202819615,5.1686296821419155,306.8153983530425,153.6465150859322,153.16888326711026
D:\Obsidian\Web Clipper\001_inbox\RTPLAN_57661.dcm,NewPlan,2,Beam11,253,112.0,-116.54607201,0.68954394255,1400.0,-150.0,150.0,-150.0,150.0,4.0,0.3703689499999996,0.001536959690000006,47.4001,252→253,0.0925922374999999,0.004149807077510163,4.990159137260312,355.26790245240625,175.1545317176293,180.11337073477696
D:\Obsidian\Web Clipper\001_inbox\RTPLAN_57661.dcm,NewPlan,2,Beam11,254,116.0,-116.17570305,0.69100975757,1400.0,-150.0,150.0,-150.0,150.0,4.0,0.3703689600000075,0.0014658150200000941,40.1208,253→254,0.09259224000000188,0.003957715624981274,19.654184843135482,242.93288508842153,120.92104046731968,122.01184462110186
D:\Obsidian\Web Clipper\001_inbox\RTPLAN_57661.dcm,NewPlan,2,Beam11,255,120.0,-115.80533409,0.69244801279,1400.0,-150.0,150.0,-150.0,150.0,4.0,0.3703689599999933,0.001438255219999962,46.490700000000004,254→255,0.09259223999999833,0.003883303881621149,17.198795493013552,274.751156252408,140.7545059931614,133.99665025924662
D:\Obsidian\Web Clipper\001_inbox\RTPLAN_57661.dcm,NewPlan,2,Beam11,256,124.0,-115.43496513,0.69380942477,1400.0,-150.0,150.0,-150.0,150.0,4.0,0.3703689600000075,0.0013614119799999491,64.0338,255→256,0.09259224000000188,0.0036758263435465043,47.36655037182284,280.0420964002974,161.25136404519102,118.79073235510639
D:\Obsidian\Web Clipper\001_inbox\RTPLAN_57661.dcm,NewPlan,2,Beam11,257,128.0,-115.06459618,0.69534295643,1400.0,-150.0,150.0,-150.0,150.0,4.0,0.3703689499999996,0.0015335316600000315,62.0765,256→257,0.0925922374999999,0.0041405513610145595,5.28473026694057,232.95446338036737,111.23043656872439,121.72402681164297
D:\Obsidian\Web Clipper\001_inbox\RTPLAN_57661.dcm,NewPlan,2,Beam11,258,132.0,-114.69422722,0.69695013502,1400.0,-150.0,150.0,-150.0,150.0,4.0,0.3703689599999933,0.0016071785900000357,60.5124,257→258,0.09259223999999833,0.00433939871743049,4.223086081511884,180.30290659347156,80.14170517961475,100.1612014138568
D:\Obsidian\Web Clipper\001_inbox\RTPLAN_57661.dcm,NewPlan,2,Beam11,259,136.0,-114.32385826,0.69852243349,1400.0,-150.0,150.0,-150.0,150.0,4.0,0.3703689600000075,0.0015722984699999554,57.9407,258→259,0.09259224000000188,0.004245222034805302,6.943616441291267,221.2118423746913,103.26378322848446,117.94805914620683
D:\Obsidian\Web Clipper\001_inbox\RTPLAN_57661.dcm,NewPlan,2,Beam11,260,140.0,-113.9534893,0.70004742219,1400.0,-150.0,150.0,-150.0,150.0,4.0,0.3703689599999933,0.0015249887000000628,47.972,259→260,0.09259223999999833,0.004117485169383769,26.9155924945767,273.30638075070283,134.90925373444065,138.39712701626217
D:\Obsidian\Web Clipper\001_inbox\RTPLAN_57661.dcm,NewPlan,2,Beam11,261,144.0,-113.58312035,0.70136185936,1400.0,-150.0,150.0,-150.0,150.0,4.0,0.3703689499999996,0.0013144371699999047,37.3866,260→261,0.0925922374999999,0.0035489939693916193,28.580689606944674,445.73147938022396,258.85809272078586,186.87338665943807
D:\Obsidian\Web Clipper\001_inbox\RTPLAN_57661.dcm,NewPlan,2,Beam11,262,148.0,-113.21275138855,0.70268538087,1400.0,-150.0,150.0,-150.0,150.0,4.0,0.37036896144999787,0.0013235215100000364,36.7465,261→262,0.09259224036249947,0.0035735216709803044,1.7282765745110134,289.4429910657423,120.41289806089999,169.03009300484234
D:\Obsidian\Web Clipper\001_inbox\RTPLAN_57661.dcm,NewPlan,2,Beam11,263,152.0,-112.84238243103,0.70415759058918,1400.0,-150.0,150.0,-150.0,150.0,4.0,0.3703689575200002,0.001472209719180051,45.3172,262→263,0.09259223938000005,0.003974981405131801,23.14097827579726,244.94061437398176,101.21339609833718,143.72721827564456
D:\Obsidian\Web Clipper\001_inbox\RTPLAN_57661.dcm,NewPlan,2,Beam11,264,156.0,-112.47201347,0.7057167508,1400.0,-150.0,150.0,-150.0,150.0,4.0,0.37036896103001027,0.001559160210819921,52.2067,263→264,0.09259224025750257,0.004209748588228983,18.601720783620838,209.36554668175035,96.10686570766873,113.2586809740816
D:\Obsidian\Web Clipper\001_inbox\RTPLAN_57661.dcm,NewPlan,2,Beam11,265,160.0,-112.10164452,0.70738202286,1400.0,-150.0,150.0,-150.0,150.0,4.0,0.3703689499999996,0.0016652720600000004,36.1877,264→265,0.0925922374999999,0.0044962518051256785,43.25146586937165,323.55223082280554,155.52518643909016,168.0270443837154
D:\Obsidian\Web Clipper\001_inbox\RTPLAN_57661.dcm,NewPlan,2,Beam11,266,164.0,-111.73127556,0.70905383988,1400.0,-150.0,150.0,-150.0,150.0,4.0,0.3703689599999933,0.001671817020000077,23.6599,265→266,0.09259223999999833,0.004513923143019618,33.82518880631958,268.1126409729417,80.5904468884232,187.52219408451845
D:\Obsidian\Web Clipper\001_inbox\RTPLAN_57661.dcm,NewPlan,2,Beam11,267,168.0,-111.3609066,0.71072868518,1400.0,-150.0,150.0,-150.0,150.0,4.0,0.3703689599999933,0.0016748452999999497,26.7486,266→267,0.09259223999999833,0.004522099530154956,8.339521756899,153.20614340899687,69.94916636642678,83.25697704257007
D:\Obsidian\Web Clipper\001_inbox\RTPLAN_57661.dcm,NewPlan,2,Beam11,268,172.0,-110.99053764,0.7124230748,1400.0,-150.0,150.0,-150.0,150.0,4.0,0.3703689600000075,0.0016943896200000141,42.8579,267→268,0.09259224000000188,0.004574869395102602,43.49527563000872,262.61569004054235,120.78117993473073,141.83451010581163
D:\Obsidian\Web Clipper\001_inbox\RTPLAN_57661.dcm,NewPlan,2,Beam11,269,176.0,-110.62016869,0.71410690938,1400.0,-150.0,150.0,-150.0,150.0,4.0,0.3703689499999996,0.0016838345799999876,62.3707,268→269,0.0925922374999999,0.004546370801331995,52.6847620460625,347.86366405715205,186.85853660248807,161.00512745466395
D:\Obsidian\Web Clipper\001_inbox\RTPLAN_57661.dcm,NewPlan,2,Beam11,270,180.0,-110.24979973,0.71583307994,1400.0,-150.0,150.0,-150.0,150.0,4.0,0.3703689599999933,0.0017261705600000177,87.24,269→270,0.09259223999999833,0.004660678259862945,67.14736569716977,338.5380891530496,197.43096181710618,141.10712733594343
D:\Obsidian\Web Clipper\001_inbox\RTPLAN_57661.dcm,NewPlan,2,Beam11,271,184.0,-109.87943077,0.71761362742,1400.0,-150.0,150.0,-150.0,150.0,4.0,0.3703689600000075,0.0017805474800000054,65.4499,270→271,0.09259224000000188,0.0048074965029466,58.83349403794409,330.23339752877104,182.7177957893626,147.51560173940842
D:\Obsidian\Web Clipper\001_inbox\RTPLAN_57661.dcm,NewPlan,2,Beam11,272,188.0,-109.50906181,0.71948319250615,1400.0,-150.0,150.0,-150.0,150.0,4.0,0.3703689599999933,0.0018695650861499935,53.5241,271→272,0.09259223999999833,0.005047844954798661,32.199782616772794,327.4926170918918,178.2830289017773,149.20958819011452
D:\Obsidian\Web Clipper\001_inbox\RTPLAN_57661.dcm,NewPlan,2,Beam11,273,192.0,-109.13869286,0.72147030417,1400.0,-150.0,150.0,-150.0,150.0,4.0,0.3703689499999996,0.0019871116638500164,54.0114,272→273,0.0925922374999999,0.005365222068021681,1.3157150457672147,230.01172209495445,114.47827902420016,115.53344307075429
D:\Obsidian\Web Clipper\001_inbox\RTPLAN_57661.dcm,NewPlan,2,Beam11,274,196.0,-108.7683239,0.72330182308,1400.0,-150.0,150.0,-150.0,150.0,4.0,0.3703689600000075,0.0018315189099999962,41.0107,273→274,0.09259224000000188,0.004945119888016423,35.102023668505424,268.79277356287633,106.01833371781267,162.77443984506365
D:\Obsidian\Web Clipper\001_inbox\RTPLAN_57661.dcm,NewPlan,2,Beam11,275,200.0,-108.39795494,0.7249987467902,1400.0,-150.0,150.0,-150.0,150.0,4.0,0.3703689599999933,0.0016969237102000267,38.0464,274→275,0.09259223999999833,0.004581711464697413,8.003640477863089,235.72493764056676,110.1814795710762,125.54345806949057
D:\Obsidian\Web Clipper\001_inbox\RTPLAN_57661.dcm,NewPlan,2,Beam11,276,204.0,-108.02758598,0.72662345217,1400.0,-150.0,150.0,-150.0,150.0,4.0,0.3703689600000075,0.0016247053797999733,58.135999999999996,275→276,0.09259224000000188,0.004386721230094283,54.24212655401681,296.77892013412185,174.02052267014682,122.75839746397504
D:\Obsidian\Web Clipper\001_inbox\RTPLAN_57661.dcm,NewPlan,2,Beam11,277,208.0,-107.65721703,0.72818243939,1400.0,-150.0,150.0,-150.0,150.0,4.0,0.3703689499999996,0.0015589872200000299,56.1452,276→277,0.0925922374999999,0.004209281636595162,5.3751806138176415,291.45342772389563,174.1088177073161,117.34461001657957
D:\Obsidian\Web Clipper\001_inbox\RTPLAN_57661.dcm,NewPlan,2,Beam11,278,212.0,-107.28684807,0.72977237507514,1400.0,-150.0,150.0,-150.0,150.0,4.0,0.3703689599999933,0.001589935685139987,50.384,277→278,0.09259223999999833,0.004292842697023033,15.555299234579772,347.5763735708368,142.04754091703833,205.52883265379845
D:\Obsidian\Web Clipper\001_inbox\RTPLAN_57661.dcm,NewPlan,2,Beam11,279,216.0,-106.91647911,0.73149491069,1400.0,-150.0,150.0,-150.0,150.0,4.0,0.3703689600000075,0.0017225356148600213,44.03489999999999,278→279,0.09259224000000188,0.004650863870611583,17.142635279154813,249.0870185233615,87.45738303771283,161.62963548564866
D:\Obsidian\Web Clipper\001_inbox\RTPLAN_57661.dcm,NewPlan,2,Beam11,280,220.0,-106.54611015,0.73325891075,1400.0,-150.0,150.0,-150.0,150.0,4.0,0.3703689599999933,0.0017640000599999928,56.9565,279→280,0.09259223999999833,0.004762818298812148,34.88845285522912,373.10470078270737,233.33272853103446,139.77197225167288
D:\Obsidian\Web Clipper\001_inbox\RTPLAN_57661.dcm,NewPlan,2,Beam11,281,224.0,-106.1757412,0.73515023467,1400.0,-150.0,150.0,-150.0,150.0,4.0,0.3703689499999996,0.00189132391999991,52.4634,280→281,0.0925922374999999,0.005106594167788396,12.131416523982379,236.99043885833328,141.58260296928253,95.40783588905073
D:\Obsidian\Web Clipper\001_inbox\RTPLAN_57661.dcm,NewPlan,2,Beam11,282,228.0,-105.80537224,0.73711272119,1400.0,-150.0,150.0,-150.0,150.0,4.0,0.3703689600000075,0.001962486520000084,59.7658,281→282,0.09259224000000188,0.005298733781578359,19.716555080641342,158.22249251124828,79.17267148953142,79.04982102171685
D:\Obsidian\Web Clipper\001_inbox\RTPLAN_57661.dcm,NewPlan,2,Beam11,283,232.0,-105.43500328064,0.73902542034,1400.0,-150.0,150.0,-150.0,150.0,4.0,0.37036895935999326,0.001912699149999919,64.9008,282→283,0.09259223983999831,0.0051643073796063,13.864552820175353,179.60333423985466,87.27945251097567,92.32388172887899
D:\Obsidian\Web Clipper\001_inbox\RTPLAN_57661.dcm,NewPlan,2,Beam11,284,236.0,-105.06463432312,0.74089061753,1400.0,-150.0,150.0,-150.0,150.0,4.0,0.3703689575200002,0.0018651971900000008,40.979699999999994,283→284,0.09259223938000005,0.0050360516240059855,64.58721638059596,334.7807570868148,142.69284432982244,192.08791275699232
D:\Obsidian\Web Clipper\001_inbox\RTPLAN_57661.dcm,NewPlan,2,Beam11,285,240.0,-104.69426537,0.7426326925,1400.0,-150.0,150.0,-150.0,150.0,4.0,0.37036895312000695,0.001742074970000007,39.9849,284→285,0.09259223828000174,0.004703620417760935,2.6859702780693278,358.4655216955555,162.1372404304699,196.32828126508556
D:\Obsidian\Web Clipper\001_inbox\RTPLAN_57661.dcm,NewPlan,2,Beam11,286,244.0,-104.32389641,0.74443755674,1400.0,-150.0,150.0,-150.0,150.0,4.0,0.3703689599999933,0.001804864240000037,33.8193,285→286,0.09259223999999833,0.004873152004963023,16.647183392474673,278.98396237093374,137.6173640469248,141.36659832400895
D:\Obsidian\Web Clipper\001_inbox\RTPLAN_57661.dcm,NewPlan,2,Beam11,287,248.0,-103.95352745,0.74620605625,1400.0,-150.0,150.0,-150.0,150.0,4.0,0.3703689600000075,0.0017684995100000211,40.4728,286→287,0.09259224000000188,0.004774966860073763,17.964518408885738,251.56643796499066,129.47278303235515,122.09365493263552
D:\Obsidian\Web Clipper\001_inbox\RTPLAN_57661.dcm,NewPlan,2,Beam11,288,252.0,-103.58315849,0.74801145323,1400.0,-150.0,150.0,-150.0,150.0,4.0,0.3703689599999933,0.0018053969799999292,43.99329999999999,287→288,0.09259223999999833,0.004874590408440172,9.505386196510784,256.2066756350254,114.83413728839686,141.37253834662857
D:\Obsidian\Web Clipper\001_inbox\RTPLAN_57661.dcm,NewPlan,2,Beam11,289,256.0,-103.21278954,0.74976747557,1400.0,-150.0,150.0,-150.0,150.0,4.0,0.3703689499999996,0.0017560223400000519,51.1689,288→289,0.0925922374999999,0.004741278500803196,19.37419430003519,291.51687796722734,127.46154881503985,164.05532915218748
D:\Obsidian\Web Clipper\001_inbox\RTPLAN_57661.dcm,NewPlan,2,Beam11,290,260.0,-102.84242058,0.75155966965,1400.0,-150.0,150.0,-150.0,150.0,4.0,0.3703689600000075,0.0017921940799999758,53.2269,289→290,0.09259224000000188,0.004838942442692658,5.556621159613263,155.45822198490615,80.13468515287943,75.32353683202672
D:\Obsidian\Web Clipper\001_inbox\RTPLAN_57661.dcm,NewPlan,2,Beam11,291,264.0,-102.47205162,0.75334832639056,1400.0,-150.0,150.0,-150.0,150.0,4.0,0.3703689599999933,0.0017886567405600573,53.452299999999994,290→291,0.09259223999999833,0.004829391589835416,0.6085823174814581,187.2335629854112,68.88698232162992,118.3465806637813
D:\Obsidian\Web Clipper\001_inbox\RTPLAN_57661.dcm,NewPlan,2,Beam11,292,268.0,-102.10168266,0.75515613137,1400.0,-150.0,150.0,-150.0,150.0,4.0,0.3703689600000075,0.0018078049794399975,47.7457,291→292,0.09259224000000188,0.004881092031686351,15.40787867320166,256.6370572739089,112.19487723809024,144.44218003581864
D:\Obsidian\Web Clipper\001_inbox\RTPLAN_57661.dcm,NewPlan,2,Beam11,293,272.0,-101.73131371,0.75699832261,1400.0,-150.0,150.0,-150.0,150.0,4.0,0.3703689499999996,0.0018421912399999574,47.5707,292→293,0.0925922374999999,0.004973935423042238,0.472501812044442,450.75916866141233,252.22740729210724,198.5317613693051
D:\Obsidian\Web Clipper\001_inbox\RTPLAN_57661.dcm,NewPlan,2,Beam11,294,276.0,-101.36094475,0.75895774132,1400.0,-150.0,150.0,-150.0,150.0,4.0,0.3703689599999933,0.0019594187100000493,52.9995,293→294,0.09259223999999833,0.005290450663036354,14.657815816962884,402.2575217966503,206.5896666934545,195.6678551031958
D:\Obsidian\Web Clipper\001_inbox\RTPLAN_57661.dcm,NewPlan,2,Beam11,295,280.0,-100.99057579,0.76104905455,1400.0,-150.0,150.0,-150.0,150.0,4.0,0.3703689600000075,0.0020913132300000026,47.00209999999999,294→295,0.09259224000000188,0.005646567223127878,16.193041663102342,331.9935342313716,155.5835024619742,176.4100317693974
D:\Obsidian\Web Clipper\001_inbox\RTPLAN_57661.dcm,NewPlan,2,Beam11,296,284.0,-100.62020683,0.7632312736,1400.0,-150.0,150.0,-150.0,150.0,4.0,0.3703689599999933,0.002182219049999934,44.632400000000004,295→296,0.09259223999999833,0.005892013871788752,6.398214364400381,255.81004412465262,123.56219052482375,132.2478535998289
D:\Obsidian\Web Clipper\001_inbox\RTPLAN_57661.dcm,NewPlan,2,Beam11,297,288.0,-100.24983788,0.76537349713,1400.0,-150.0,150.0,-150.0,150.0,4.0,0.3703689499999996,0.0021422235300000425,59.0444,296→297,0.0925922374999999,0.00578402571273873,38.912549229626336,275.0268347279115,137.62762780195277,137.3992069259587
D:\Obsidian\Web Clipper\001_inbox\RTPLAN_57661.dcm,NewPlan,2,Beam11,298,292.0,-99.879468918,0.76729822632,1400.0,-150.0,150.0,-150.0,150.0,4.0,0.3703689620000006,0.0019247291899999741,54.13119999999999,297→298,0.09259224050000014,0.005196788574308155,13.26569044411449,381.649961262142,234.86201308629057,146.78794817585148
D:\Obsidian\Web Clipper\001_inbox\RTPLAN_57661.dcm,NewPlan,2,Beam11,299,296.0,-99.50909996,0.76919656906,1400.0,-150.0,150.0,-150.0,150.0,4.0,0.37036895800000025,0.001898342740000003,54.52910000000001,298→299,0.09259223950000006,0.005125544943753093,1.0743340968656825,352.5441243917637,199.39441037064435,153.14971402111934
D:\Obsidian\Web Clipper\001_inbox\RTPLAN_57661.dcm,NewPlan,2,Beam11,300,300.0,-99.138731003,0.77102024258648,1400.0,-150.0,150.0,-150.0,150.0,4.0,0.3703689569999966,0.0018236735264800519,68.9196,299→300,0.09259223924999915,0.00492393731173336,38.8544982726512,309.1927599104939,132.38339518827559,176.80936472221833
D:\Obsidian\Web Clipper\001_inbox\RTPLAN_57661.dcm,NewPlan,2,Beam11,301,304.0,-98.768362045,0.77279671262,1400.0,-150.0,150.0,-150.0,150.0,4.0,0.37036895800000025,0.0017764700335199946,77.7936,300→301,0.09259223950000006,0.0047964873814289625,23.959891368649718,264.5772489388809,119.85237704505452,144.7248718938264
D:\Obsidian\Web Clipper\001_inbox\RTPLAN_57661.dcm,NewPlan,2,Beam11,302,308.0,-98.397993088,0.77455559488,1400.0,-150.0,150.0,-150.0,150.0,4.0,0.3703689569999966,0.0017588822599999832,70.12650000000001,301→302,0.09259223924999915,0.004749000224659755,20.701248998036466,326.31001523165213,137.850916052882,188.45909917877012
D:\Obsidian\Web Clipper\001_inbox\RTPLAN_57661.dcm,NewPlan,2,Beam11,303,312.0,-98.02762413,0.77632863528,1400.0,-150.0,150.0,-150.0,150.0,4.0,0.37036895800000025,0.0017730403999999256,73.8168,302→303,0.09259223950000006,0.004787227335612518,9.963847996137924,358.20010596028385,162.14263831473684,196.057467645547
D:\Obsidian\Web Clipper\001_inbox\RTPLAN_57661.dcm,NewPlan,2,Beam11,304,316.0,-97.657255173,0.77835638948,1400.0,-150.0,150.0,-150.0,150.0,4.0,0.3703689570000108,0.0020277542000000093,85.9668,303→304,0.0925922392500027,0.005474957232984162,32.80512518763729,305.97596763488116,140.22854512614697,165.7474225087342
D:\Obsidian\Web Clipper\001_inbox\RTPLAN_57661.dcm,NewPlan,2,Beam11,305,320.0,-97.28688621521,0.78048538193,1400.0,-150.0,150.0,-150.0,150.0,4.0,0.37036895778999224,0.002128992450000089,55.15,304→305,0.09259223944749806,0.005748301538832736,83.20567734370937,307.691283524408,193.78594909321896,113.90533443118902
D:\Obsidian\Web Clipper\001_inbox\RTPLAN_57661.dcm,NewPlan,2,Beam11,306,324.0,-96.916517258,0.7826227325,1400.0,-150.0,150.0,-150.0,150.0,4.0,0.3703689572100046,0.002137350569999974,47.6421,305→306,0.09259223930250116,0.005770868557939279,20.27140734622343,365.92834621167606,168.1612316247265,197.76711458694956
D:\Obsidian\Web Clipper\001_inbox\RTPLAN_57661.dcm,NewPlan,2,Beam11,307,328.0,-96.546148300171,0.78481344778,1400.0,-150.0,150.0,-150.0,150.0,4.0,0.37036895782900103,0.002190715279999922,67.20020000000001,306→307,0.09259223945725026,0.0059149538148155845,52.80707139886698,287.5918668356054,164.29049658123216,123.30137025437321
D:\Obsidian\Web Clipper\001_inbox\RTPLAN_57661.dcm,NewPlan,2,Beam11,308,332.0,-96.175779343,0.78699698102,1400.0,-150.0,150.0,-150.0,150.0,4.0,0.3703689571709958,0.0021835332400000906,65.8173,307→308,0.09259223929274896,0.005895562243333407,3.7338442469991744,328.9498151535172,104.95939048707149,223.99042466644573
D:\Obsidian\Web Clipper\001_inbox\RTPLAN_57661.dcm,NewPlan,2,Beam11,309,336.0,-95.805410385,0.78913120234,1400.0,-150.0,150.0,-150.0,150.0,4.0,0.37036895800000025,0.0021342213199999627,88.74459999999999,308→309,0.09259223950000006,0.005762419538410563,61.90394606450785,376.02827394621966,182.75397691401542,193.2742970322042
D:\Obsidian\Web Clipper\001_inbox\RTPLAN_57661.dcm,NewPlan,2,Beam11,310,340.0,-95.435041428,0.79104975607,1400.0,-150.0,150.0,-150.0,150.0,4.0,0.3703689569999966,0.00191855373000005,108.715,309→310,0.09259223924999915,0.005180114838836418,53.92028576520303,288.3983605569863,144.67006207542516,143.72829848156115
D:\Obsidian\Web Clipper\001_inbox\RTPLAN_57661.dcm,NewPlan,2,Beam11,311,344.0,-95.06467247,0.79290905387,1400.0,-150.0,150.0,-150.0,150.0,4.0,0.37036895800000025,0.0018592977999999372,84.156,310→311,0.09259223950000006,0.005020123203737652,66.30955286484884,326.0194932427353,156.25094584735677,169.76854739537853
D:\Obsidian\Web Clipper\001_inbox\RTPLAN_57661.dcm,NewPlan,2,Beam11,312,348.0,-94.694303513,0.79484377238119,1400.0,-150.0,150.0,-150.0,150.0,4.0,0.3703689570000108,0.0019347185111899812,59.86619999999999,311→312,0.0925922392500027,0.005223759914603007,65.58271027017878,356.69161117084695,183.1497989179423,173.54181225290466
D:\Obsidian\Web Clipper\001_inbox\RTPLAN_57661.dcm,NewPlan,2,Beam11,313,352.0,-94.323934555,0.7968395067,1400.0,-150.0,150.0,-150.0,150.0,4.0,0.37036895800000025,0.0019957343188100607,60.491,312→313,0.09259223950000006,0.005388503209305299,1.6869664330778151,521.1060371857618,282.4594171307411,238.64662005502075
D:\Obsidian\Web Clipper\001_inbox\RTPLAN_57661.dcm,NewPlan,2,Beam11,314,356.0,-93.953565598,0.79888235682,1400.0,-150.0,150.0,-150.0,150.0,4.0,0.3703689569999966,0.0020428501199999394,67.99119999999999,313→314,0.09259223924999915,0.005515716372525136,20.250617278380762,282.74291897525575,151.11147665650748,131.63144231874824
D:\Obsidian\Web Clipper\001_inbox\RTPLAN_57661.dcm,NewPlan,2,Beam11,315,0.0,-93.58319664,0.80090036622,1400.0,-150.0,150.0,-150.0,150.0,4.0,0.37036895800000025,0.002018009400000076,74.2324,314→315,0.09259223950000006,0.005448646157867459,16.851304260763673,318.5890649075399,100.75655422504383,217.8325106824961
D:\Obsidian\Web Clipper\001_inbox\RTPLAN_57661.dcm,NewPlan,2,Beam11,316,4.0,-93.212827682,0.80294525978,1400.0,-150.0,150.0,-150.0,150.0,4.0,0.37036895800000025,0.0020448935599999274,82.3332,315→316,0.09259223950000006,0.005521233666672265,21.872243407613013,239.98744516812323,120.01113765047224,119.976307517651
D:\Obsidian\Web Clipper\001_inbox\RTPLAN_57661.dcm,NewPlan,2,Beam11,317,8.0,-92.842458725,0.80496405014,1400.0,-150.0,150.0,-150.0,150.0,4.0,0.3703689569999966,0.002018790360000078,68.2317,316→317,0.09259223924999915,0.005450754772625548,38.07419529493702,386.34825434357697,208.3921952454582,177.95605909811877
D:\Obsidian\Web Clipper\001_inbox\RTPLAN_57661.dcm,NewPlan,2,Beam11,318,12.0,-92.472089767,0.80693433531,1400.0,-150.0,150.0,-150.0,150.0,4.0,0.37036895800000025,0.0019702851699999746,78.654,317→318,0.09259223950000006,0.00531979024548805,28.140317310285994,412.6045034260131,219.11150555981516,193.49299786619792
D:\Obsidian\Web Clipper\001_inbox\RTPLAN_57661.dcm,NewPlan,2,Beam11,319,16.0,-92.10172081,0.80879043984,1400.0,-150.0,150.0,-150.0,150.0,4.0,0.3703689569999966,0.001856104529999958,85.59670000000001,318→319,0.09259223924999915,0.005011501355390254,18.745361534174368,374.169857869598,157.2291600021989,216.9406978673991
D:\Obsidian\Web Clipper\001_inbox\RTPLAN_57661.dcm,NewPlan,2,Beam11,320,20.0,-91.731351852417,0.81066039621,1400.0,-150.0,150.0,-150.0,150.0,4.0,0.3703689575829969,0.001869956369999981,81.30389999999998,319→320,0.09259223939574923,0.005048901458165369,11.590604212660137,467.14147192324754,228.8077827932155,238.333689130032
D:\Obsidian\Web Clipper\001_inbox\RTPLAN_57661.dcm,NewPlan,2,Beam11,321,24.0,-91.360982895,0.81265873167,1400.0,-150.0,150.0,-150.0,150.0,4.0,0.37036895741699993,0.001998335460000056,90.47670000000001,320→321,0.09259223935424998,0.0053955263257933405,24.76665448414547,439.29707590696694,212.67954136694198,226.61753454002493
D:\Obsidian\Web Clipper\001_inbox\RTPLAN_57661.dcm,NewPlan,2,Beam11,322,28.0,-90.990613937378,0.81464263151,1400.0,-150.0,150.0,-150.0,150.0,4.0,0.3703689576220057,0.001983899840000025,78.7574,321→322,0.09259223940550143,0.005356550000134651,31.64223069677612,261.5518876689042,158.58159489689987,102.97029277200437
D:\Obsidian\Web Clipper\001_inbox\RTPLAN_57661.dcm,NewPlan,2,Beam11,323,32.0,-90.62024498,0.81667693659,1400.0,-150.0,150.0,-150.0,150.0,4.0,0.37036895737800535,0.0020343050799999096,65.3158,322→323,0.09259223934450134,0.005492644670875212,36.29245845861014,214.39026791589157,117.56249851026456,96.827769405627
D:\Obsidian\Web Clipper\001_inbox\RTPLAN_57661.dcm,NewPlan,2,Beam11,324,36.0,-90.249876022,0.81858662907,1400.0,-150.0,150.0,-150.0,150.0,4.0,0.37036895800000025,0.001909692480000058,64.5158,323→324,0.09259223950000006,0.005156189358612654,2.160008236975402,271.7325462248916,109.50728759509043,162.22525862980117
D:\Obsidian\Web Clipper\001_inbox\RTPLAN_57661.dcm,NewPlan,2,Beam11,325,40.0,-89.879507065,0.82038743892,1400.0,-150.0,150.0,-150.0,150.0,4.0,0.3703689569999966,0.0018008098499999736,63.5762,324→325,0.09259223924999915,0.0048622051496610445,2.536929681177376,383.29643269752034,149.8511118468293,233.44532085069105
D:\Obsidian\Web Clipper\001_inbox\RTPLAN_57661.dcm,NewPlan,2,Beam11,326,44.0,-89.509138107,0.82220000003,1400.0,-150.0,150.0,-150.0,150.0,4.0,0.37036895800000025,0.001812561110000055,69.24730000000001,325→326,0.09259223950000006,0.004893933659526763,15.312028390889083,273.0936214152157,98.7085964153615,174.3850249998542
D:\Obsidian\Web Clipper\001_inbox\RTPLAN_57661.dcm,NewPlan,2,Beam11,327,48.0,-89.13876915,0.82402097559,1400.0,-150.0,150.0,-150.0,150.0,4.0,0.3703689569999966,0.0018209755599999378,67.6682,326→327,0.09259223924999915,0.0049166527744385295,4.2635862702716345,271.01056420341655,123.93236293829135,147.0782012651252
D:\Obsidian\Web Clipper\001_inbox\RTPLAN_57661.dcm,NewPlan,2,Beam11,328,52.0,-88.768400192,0.82587894657,1400.0,-150.0,150.0,-150.0,150.0,4.0,0.37036895800000025,0.0018579709800000677,65.32469999999999,327→328,0.09259223950000006,0.005016540776076775,6.327474129189856,281.98988534022857,148.8553476449826,133.13453769524597
D:\Obsidian\Web Clipper\001_inbox\RTPLAN_57661.dcm,NewPlan,2,Beam11,329,56.0,-88.398031235,0.82776443206,1400.0,-150.0,150.0,-150.0,150.0,4.0,0.3703689569999966,0.001885485490000005,67.739,328→329,0.09259223924999915,0.0050908302501173775,6.51863487576264,277.9522906937391,178.86731257555317,99.0849781181859
D:\Obsidian\Web Clipper\001_inbox\RTPLAN_57661.dcm,NewPlan,2,Beam11,330,60.0,-88.027662277,0.82963451453,1400.0,-150.0,150.0,-150.0,150.0,4.0,0.37036895800000025,0.0018700824699999785,82.1264,329→330,0.09259223950000006,0.005049241923779091,38.846128135825005,278.66860267484924,171.5762042886973,107.09239838615191
D:\Obsidian\Web Clipper\001_inbox\RTPLAN_57661.dcm,NewPlan,2,Beam11,331,64.0,-87.65729332,0.83137765771,1400.0,-150.0,150.0,-150.0,150.0,4.0,0.3703689570000108,0.0017431431800000174,88.60159999999999,330→331,0.0925922392500027,0.004706504546491909,17.483106717282997,298.68836982467934,153.84955710529036,144.83881271938898
D:\Obsidian\Web Clipper\001_inbox\RTPLAN_57661.dcm,NewPlan,2,Beam11,332,68.0,-87.286924362,0.83305535605,1400.0,-150.0,150.0,-150.0,150.0,4.0,0.37036895800000025,0.0016776983399999779,92.7858,331→332,0.09259223950000006,0.004529802791949904,11.297383081440646,244.09821084411706,99.83612071506266,144.2620901290544
D:\Obsidian\Web Clipper\001_inbox\RTPLAN_57661.dcm,NewPlan,2,Beam11,333,72.0,-86.916555405,0.83463649288442,1400.0,-150.0,150.0,-150.0,150.0,4.0,0.3703689569999966,0.0015811368344199606,101.6496,332→333,0.09259223924999915,0.004269085744192041,23.932351328246156,219.00998576400866,87.62775439627431,131.38223136773433
D:\Obsidian\Web Clipper\001_inbox\RTPLAN_57661.dcm,NewPlan,2,Beam11,334,76.0,-86.546186447,0.83609550993,1400.0,-150.0,150.0,-150.0,150.0,4.0,0.37036895800000025,0.0014590170455800466,100.66290000000001,333→334,0.09259223950000006,0.003939361045425534,2.664100159279543,288.0797585633511,122.52133722286727,165.55842134048385
D:\Obsidian\Web Clipper\001_inbox\RTPLAN_57661.dcm,NewPlan,2,Beam11,335,80.0,-86.17581749,0.83754035716,1400.0,-150.0,150.0,-150.0,150.0,4.0,0.3703689569999966,0.0014448472299999349,94.2062,334→335,0.09259223924999915,0.003901102407996759,17.433156526668814,312.0998610042824,107.49578021464785,204.60408078963457
D:\Obsidian\Web Clipper\001_inbox\RTPLAN_57661.dcm,NewPlan,2,Beam11,336,84.0,-85.805448532,0.83898284296,1400.0,-150.0,150.0,-150.0,150.0,4.0,0.37036895800000025,0.0014424858000000595,73.5496,335→336,0.09259223950000006,0.0038947265121502396,55.77303268488279,434.5123869695361,213.77088519389343,220.74150177564272
D:\Obsidian\Web Clipper\001_inbox\RTPLAN_57661.dcm,NewPlan,2,Beam11,337,88.0,-85.435079574585,0.84071427088132,1400.0,-150.0,150.0,-150.0,150.0,4.0,0.3703689574149962,0.0017314279213199724,63.9436,336→337,0.09259223935374905,0.0046748732221094805,25.93629894644904,377.87427158260357,200.7792459687095,177.0950256138941
D:\Obsidian\Web Clipper\001_inbox\RTPLAN_57661.dcm,NewPlan,2,Beam11,338,92.0,-85.064710617,0.84249250766,1400.0,-150.0,150.0,-150.0,150.0,4.0,0.37036895758500066,0.0017782367786799425,64.88600000000001,337→338,0.09259223939625016,0.0048012576169314414,2.544489706008158,206.98251953906356,121.17214221362026,85.81037732544328
D:\Obsidian\Web Clipper\001_inbox\RTPLAN_57661.dcm,NewPlan,2,Beam11,339,96.0,-84.694341659546,0.84428197176,1400.0,-150.0,150.0,-150.0,150.0,4.0,0.370368957454005,0.0017894641000000266,67.3694,338→339,0.09259223936350125,0.004831571501837474,6.705205579515651,159.7236993258175,84.19982121172444,75.52387811409308
D:\Obsidian\Web Clipper\001_inbox\RTPLAN_57661.dcm,NewPlan,2,Beam11,340,100.0,-84.323972702,0.84617171089,1400.0,-150.0,150.0,-150.0,150.0,4.0,0.37036895754599186,0.0018897391300000121,59.1003,339→340,0.09259223938649797,0.00510231511442302,22.326655167835327,236.89728367449547,113.97175475959867,122.9255289148968
D:\Obsidian\Web Clipper\001_inbox\RTPLAN_57661.dcm,NewPlan,2,Beam11,341,104.0,-83.953603745,0.84805252298,1400.0,-150.0,150.0,-150.0,150.0,4.0,0.3703689570000108,0.001880812090000017,60.5686,340→341,0.0925922392500027,0.005078212021964794,3.9644251286426346,182.4477962390299,95.32926378600074,87.11853245302916
D:\Obsidian\Web Clipper\001_inbox\RTPLAN_57661.dcm,NewPlan,2,Beam11,342,108.0,-83.583234787,0.8498971412616,1400.0,-150.0,150.0,-150.0,150.0,4.0,0.37036895800000025,0.0018446182815999856,65.6061,341→342,0.09259223950000006,0.004980488352914243,13.601301867204516,293.07315760517906,143.09892569344316,149.9742319117359
D:\Obsidian\Web Clipper\001_inbox\RTPLAN_57661.dcm,NewPlan,2,Beam11,343,112.0,-83.212865829,0.851637646,1400.0,-150.0,150.0,-150.0,150.0,4.0,0.37036895800000025,0.0017405047384000394,56.4521,342→343,0.09259223950000006,0.004699380714298519,24.715894251591113,318.1724533188333,192.4715839711382,125.70086934769509
D:\Obsidian\Web Clipper\001_inbox\RTPLAN_57661.dcm,NewPlan,2,Beam11,344,116.0,-82.842496872,0.8531457626,1400.0,-150.0,150.0,-150.0,150.0,4.0,0.3703689569999966,0.0015081165999999424,80.8379,343→344,0.09259223924999915,0.004071930358893324,65.84191125931817,532.7803431430723,185.4518277027214,347.32851544035094
D:\Obsidian\Web Clipper\001_inbox\RTPLAN_57661.dcm,NewPlan,2,Beam11,345,120.0,-82.472127914,0.85462034141572,1400.0,-150.0,150.0,-150.0,150.0,4.0,0.37036895800000025,0.0014745788157199957,111.3283,344→345,0.09259223950000006,0.003981377985030794,82.32439393584376,572.0195913395094,162.38185922698187,409.63773211252743
D:\Obsidian\Web Clipper\001_inbox\RTPLAN_57661.dcm,NewPlan,2,Beam11,346,124.0,-82.101758957,0.85595773885,1400.0,-150.0,150.0,-150.0,150.0,4.0,0.3703689569999966,0.0013373974342800743,108.5726,345→346,0.09259223924999915,0.0036109868524431613,7.440418393380711,340.3381887645653,119.37258553772479,220.9656032268405
D:\Obsidian\Web Clipper\001_inbox\RTPLAN_57661.dcm,NewPlan,2,Beam11,347,128.0,-81.731389999,0.85747075801,1400.0,-150.0,150.0,-150.0,150.0,4.0,0.37036895800000025,0.0015130191599999065,110.9548,346→347,0.09259223950000006,0.004085167310376767,6.431964527653557,319.72468923812977,120.25008856168765,199.47460067644212
D:\Obsidian\Web Clipper\001_inbox\RTPLAN_57661.dcm,NewPlan,2,Beam11,348,132.0,-81.361021042,0.85901545057907,1400.0,-150.0,150.0,-150.0,150.0,4.0,0.3703689569999966,0.001544692569070083,95.5223,347→348,0.09259223924999915,0.004170685852243543,41.66790900890796,451.7060537554759,193.28995761380907,258.41609614166686
D:\Obsidian\Web Clipper\001_inbox\RTPLAN_57661.dcm,NewPlan,2,Beam11,349,136.0,-80.990652084,0.86060956116,1400.0,-150.0,150.0,-150.0,150.0,4.0,0.37036895800000025,0.0015941105809299527,102.3027,348→349,0.09259223950000006,0.004304114981822941,18.307149812485083,435.0067588547739,227.02820574935964,207.97855310541428
D:\Obsidian\Web Clipper\001_inbox\RTPLAN_57661.dcm,NewPlan,2,Beam11,350,140.0,-80.620283127,0.86223247996,1400.0,-150.0,150.0,-150.0,150.0,4.0,0.3703689570000108,0.001622918799999984,53.892500000000005,349→350,0.0925922392500027,0.004381897481758808,130.708038794943,569.973255074922,300.3434761407305,269.6297789341915
D:\Obsidian\Web Clipper\001_inbox\RTPLAN_57661.dcm,NewPlan,2,Beam11,351,144.0,-80.249914169,0.86379268773,1400.0,-150.0,150.0,-150.0,150.0,4.0,0.37036895800000025,0.0015602077699999883,34.8972,350→351,0.09259223950000006,0.0042125770432412625,51.287505579773764,555.9299599833091,327.63895941840764,228.29100056490142
D:\Obsidian\Web Clipper\001_inbox\RTPLAN_57661.dcm,NewPlan,2,Beam11,352,148.0,-79.879545211792,0.86572154141,1400.0,-150.0,150.0,-150.0,150.0,4.0,0.3703689572079867,0.0019288536800000644,40.5183,351→352,0.09259223930199667,0.0052079248070374465,15.177027908533343,287.34967639373485,147.812873985702,139.53680240803283
D:\Obsidian\Web Clipper\001_inbox\RTPLAN_57661.dcm,NewPlan,2,Beam11,353,152.0,-79.509176254,0.86785359095,1400.0,-150.0,150.0,-150.0,150.0,4.0,0.3703689577920102,0.002132049540000014,55.4818,352→353,0.09259223944800254,0.005756555713282318,40.401604090165456,287.5988868911029,157.54722087904628,130.05166601205661
D:\Obsidian\Web Clipper\001_inbox\RTPLAN_57661.dcm,NewPlan,2,Beam11,354,156.0,-79.138807296753,0.87010215069,1400.0,-150.0,150.0,-150.0,150.0,4.0,0.3703689572469955,0.0022485597399999335,62.390899999999995,353→354,0.09259223931174887,0.006071134462007276,18.654641175535623,213.8092257747997,118.22886109431144,95.58036468048827
D:\Obsidian\Web Clipper\001_inbox\RTPLAN_57661.dcm,NewPlan,2,Beam11,355,160.0,-78.768438339,0.87213325371,1400.0,-150.0,150.0,-150.0,150.0,4.0,0.3703689577530014,0.0020311030199999802,34.846,354→355,0.09259223943825035,0.00548399907033926,74.37151365792826,376.56422624114964,280.078818239349,96.48540800180064
D:\Obsidian\Web Clipper\001_inbox\RTPLAN_57661.dcm,NewPlan,2,Beam11,356,164.0,-78.398069382,0.87389254900793,1400.0,-150.0,150.0,-150.0,150.0,4.0,0.3703689569999966,0.0017592952979300636,55.364200000000004,355→356,0.09259223924999915,0.004750115431326712,55.39935140946544,491.96158737461815,176.8509448808924,315.1106424937257
D:\Obsidian\Web Clipper\001_inbox\RTPLAN_57661.dcm,NewPlan,2,Beam11,357,168.0,-78.027700424,0.87548724899,1400.0,-150.0,150.0,-150.0,150.0,4.0,0.37036895800000025,0.0015946999820699581,80.1365,356→357,0.09259223950000006,0.004305706370969559,66.8854650610324,378.1005318485679,82.1310731986345,295.9694586499334
D:\Obsidian\Web Clipper\001_inbox\RTPLAN_57661.dcm,NewPlan,2,Beam11,358,172.0,-77.657331467,0.87735443745,1400.0,-150.0,150.0,-150.0,150.0,4.0,0.3703689569999966,0.0018671884600000022,54.628,357→358,0.09259223924999915,0.00504142808059375,68.87321282706809,440.75184195310806,214.48287848811455,226.26896346499353
D:\Obsidian\Web Clipper\001_inbox\RTPLAN_57661.dcm,NewPlan,2,Beam11,359,176.0,-77.286962509,0.87932814809,1400.0,-150.0,150.0,-150.0,150.0,4.0,0.37036895800000025,0.0019737106400000703,59.7352,358→359,0.09259223950000006,0.005329039049757699,13.789492584851011,422.56646141494366,232.71280742701967,189.853653987924
D:\Obsidian\Web Clipper\001_inbox\RTPLAN_57661.dcm,NewPlan,2,Beam11,360,180.0,-76.916593552,0.88135867659,1400.0,-150.0,150.0,-150.0,150.0,4.0,0.3703689570000108,0.0020305284999999618,61.099999999999994,359→360,0.0925922392500027,0.00548244787156906,3.6849740622293985,341.6674038369698,132.16955437223257,209.49784946473721
D:\Obsidian\Web Clipper\001_inbox\RTPLAN_57661.dcm,NewPlan,2,Beam11,361,184.0,-76.546224594,0.88347988784,1400.0,-150.0,150.0,-150.0,150.0,4.0,0.37036895800000025,0.002121211249999977,65.5294,360→361,0.09259223950000006,0.005727292215456068,11.959425606073602,247.85662517645426,99.66683006948968,148.1897951069646
D:\Obsidian\Web Clipper\001_inbox\RTPLAN_57661.dcm,NewPlan,2,Beam11,362,188.0,-76.175855637,0.88570926734,1400.0,-150.0,150.0,-150.0,150.0,4.0,0.3703689569999966,0.002229379500000017,81.9519,361→362,0.09259223924999915,0.006019347620432556,44.3409192093822,260.41788378068867,157.7713220711436,102.64656170954508
D:\Obsidian\Web Clipper\001_inbox\RTPLAN_57661.dcm,NewPlan,2,Beam11,363,192.0,-75.805486679,0.88796061356,1400.0,-150.0,150.0,-150.0,150.0,4.0,0.37036895800000025,0.0022513462200000056,116.4003,362→363,0.09259223950000006,0.00607865797435433,93.01103468827964,272.067887503682,179.98538635627222,92.08250114740981
D:\Obsidian\Web Clipper\001_inbox\RTPLAN_57661.dcm,NewPlan,2,Beam11,364,196.0,-75.435117722,0.8901830421,1400.0,-150.0,150.0,-150.0,150.0,4.0,0.3703689569999966,0.0022224285399999877,119.9054,363→364,0.09259223924999915,0.0060005799568131945,9.463806114830598,346.65891288508067,148.92878832715047,197.73012455793017
D:\Obsidian\Web Clipper\001_inbox\RTPLAN_57661.dcm,NewPlan,2,Beam11,365,200.0,-75.064748764,0.89223899526,1400.0,-150.0,150.0,-150.0,150.0,4.0,0.37036895800000025,0.002055953159999957,128.77190000000002,364→365,0.09259223950000006,0.005551094700544411,23.939641291428128,432.2057681734761,172.9907396828866,259.2150284905895
D:\Obsidian\Web Clipper\001_inbox\RTPLAN_57661.dcm,NewPlan,2,Beam11,366,204.0,-74.694379807,0.89425022542,1400.0,-150.0,150.0,-150.0,150.0,4.0,0.3703689569999966,0.0020112301600000437,125.38080000000001,365→366,0.09259223924999915,0.005430342154728865,9.15600494023056,456.25341110864633,223.17394165408078,233.07946945456553
D:\Obsidian\Web Clipper\001_inbox\RTPLAN_57661.dcm,NewPlan,2,Beam11,367,208.0,-74.324010849,0.89633190059,1400.0,-150.0,150.0,-150.0,150.0,4.0,0.37036895800000025,0.002081675170000019,143.13150000000002,366→367,0.09259223950000006,0.005620544392384034,47.927072765099275,316.64910750970637,124.5900851118305,192.05902239787588
D:\Obsidian\Web Clipper\001_inbox\RTPLAN_57661.dcm,NewPlan,2,Beam11,368,212.0,-73.953641891,0.89843447683,1400.0,-150.0,150.0,-150.0,150.0,4.0,0.37036895800000025,0.002102576239999987,142.4604,367→368,0.09259223950000006,0.0056769774965859466,1.8119769097928113,329.6893472373565,80.17248572975703,249.51686150759951
D:\Obsidian\Web Clipper\001_inbox\RTPLAN_57661.dcm,NewPlan,2,Beam11,369,216.0,-73.58327293396,0.90053333137,1400.0,-150.0,150.0,-150.0,150.0,4.0,0.37036895704000017,0.002098854540000028,123.5186,368→369,0.09259223926000004,0.005666928882955355,51.14305516148929,420.0657129674,124.44995490003225,295.6157580673677
D:\Obsidian\Web Clipper\001_inbox\RTPLAN_57661.dcm,NewPlan,2,Beam11,370,220.0,-73.212903976,0.90252672795,1400.0,-150.0,150.0,-150.0,150.0,4.0,0.3703689579599967,0.001993396579999973,115.8672,369→370,0.09259223948999917,0.005382191291029521,20.65885878272345,215.38981139077077,110.95206311658129,104.43774827418949
D:\Obsidian\Web Clipper\001_inbox\RTPLAN_57661.dcm,NewPlan,2,Beam11,371,224.0,-72.842535018921,0.90459908129,1400.0,-150.0,150.0,-150.0,150.0,4.0,0.37036895707900896,0.0020723533399999994,106.5,370→371,0.09259223926975224,0.005595375369318316,25.29153650963717,152.86783332632837,82.51933488443048,70.34849844189787
D:\Obsidian\Web Clipper\001_inbox\RTPLAN_57661.dcm,NewPlan,2,Beam11,372,228.0,-72.472166061,0.90663636968,1400.0,-150.0,150.0,-150.0,150.0,4.0,0.3703689579210021,0.0020372883900000582,110.55879999999999,371→372,0.09259223948025053,0.005500699630541396,10.958801792632181,159.07245664083538,61.116353074136576,97.95610356669881
D:\Obsidian\Web Clipper\001_inbox\RTPLAN_57661.dcm,NewPlan,2,Beam11,373,232.0,-72.101797104,0.90859395284,1400.0,-150.0,150.0,-150.0,150.0,4.0,0.3703689569999966,0.0019575831599999427,85.16699999999999,372→373,0.09259223924999915,0.005285494701976226,68.55812162464856,281.45285405223893,118.0247403942129,163.42811365802604
D:\Obsidian\Web Clipper\001_inbox\RTPLAN_57661.dcm,NewPlan,2,Beam11,374,236.0,-71.731428146,0.91058477162893,1400.0,-150.0,150.0,-150.0,150.0,4.0,0.37036895800000025,0.0019908187889300377,93.5654,373→374,0.09259223950000006,0.0053752312280178636,22.675766471767872,336.9437349012385,165.7908922269883,171.15284267425017
D:\Obsidian\Web Clipper\001_inbox\RTPLAN_57661.dcm,NewPlan,2,Beam11,375,240.0,-71.361059189,0.91253857564211,1400.0,-150.0,150.0,-150.0,150.0,4.0,0.3703689569999966,0.001953804013180016,105.9909,374→375,0.09259223924999915,0.0052752909666239495,33.54897802625535,292.0036843152624,120.60433023818574,171.39935407707665
D:\Obsidian\Web Clipper\001_inbox\RTPLAN_57661.dcm,NewPlan,2,Beam11,376,244.0,-70.990690231,0.91452943044,1400.0,-150.0,150.0,-150.0,150.0,4.0,0.37036895800000025,0.0019908547978899627,100.2568,375→376,0.09259223950000006,0.005375328452580416,15.482129039550864,183.02613795187432,96.86934940157693,86.1567885502974
D:\Obsidian\Web Clipper\001_inbox\RTPLAN_57661.dcm,NewPlan,2,Beam11,377,248.0,-70.620321274,0.9166355885,1400.0,-150.0,150.0,-150.0,150.0,4.0,0.3703689569999966,0.0021061580600000296,97.2288,376→377,0.09259223924999915,0.0056866484628193305,8.17563119902627,264.630439856224,118.63899273826128,145.99144711796268
D:\Obsidian\Web Clipper\001_inbox\RTPLAN_57661.dcm,NewPlan,2,Beam11,378,252.0,-70.249952316,0.91883109224,1400.0,-150.0,150.0,-150.0,150.0,4.0,0.37036895800000025,0.0021955037399999933,85.1195,377→378,0.09259223950000006,0.005927882703387879,32.69523468000792,151.37121723899975,80.94765868580158,70.42355855319816
D:\Obsidian\Web Clipper\001_inbox\RTPLAN_57661.dcm,NewPlan,2,Beam11,379,256.0,-69.879583359,0.92105173643,1400.0,-150.0,150.0,-150.0,150.0,4.0,0.3703689570000108,0.0022206441900000096,110.95739999999999,378→379,0.0925922392500027,0.005995762193427957,69.76259622104138,272.83685117269977,182.03928468010895,90.79756649259083
D:\Obsidian\Web Clipper\001_inbox\RTPLAN_57661.dcm,NewPlan,2,Beam11,380,260.0,-69.509214401,0.92324697179,1400.0,-150.0,150.0,-150.0,150.0,4.0,0.37036895800000025,0.002195235359999992,102.5347,379→380,0.09259223950000006,0.005927158074624576,22.741376721965953,184.05484187473388,87.0777620623378,96.97707981239608
D:\Obsidian\Web Clipper\001_inbox\RTPLAN_57661.dcm,NewPlan,2,Beam11,381,264.0,-69.138845444,0.92551938502,1400.0,-150.0,150.0,-150.0,150.0,4.0,0.3703689569999966,0.0022724132299999367,83.4649,380→381,0.09259223924999915,0.006135539134830777,51.488656485862485,247.77805554584003,144.68950214961046,103.08855339622957
D:\Obsidian\Web Clipper\001_inbox\RTPLAN_57661.dcm,NewPlan,2,Beam11,382,268.0,-68.768476486,0.92773656581,1400.0,-150.0,150.0,-150.0,150.0,4.0,0.37036895800000025,0.002217180789999995,87.9605,381→382,0.09259223950000006,0.005986410961579544,12.138166287683303,283.3531205387897,141.2340285818445,142.1190919569452
D:\Obsidian\Web Clipper\001_inbox\RTPLAN_57661.dcm,NewPlan,2,Beam11,383,272.0,-68.398107529,0.92994302642,1400.0,-150.0,150.0,-150.0,150.0,4.0,0.3703689569999966,0.0022064606100000717,89.19510000000001,382→383,0.09259223924999915,0.005957466381287705,3.3334327207126755,341.6787438802576,162.84518143349837,178.83356244675926
D:\Obsidian\Web Clipper\001_inbox\RTPLAN_57661.dcm,NewPlan,2,Beam11,384,276.0,-68.027738571167,0.93227076505,1400.0,-150.0,150.0,-150.0,150.0,4.0,0.3703689578329943,0.002327738629999909,57.5071,383→384,0.09259223945824857,0.006284918270741055,85.55792630517558,349.81954415958876,176.829344400757,172.99019975883172
D:\Obsidian\Web Clipper\001_inbox\RTPLAN_57661.dcm,NewPlan,2,Beam11,385,280.0,-67.657369614,0.93472341122832,1400.0,-150.0,150.0,-150.0,150.0,4.0,0.3703689571670026,0.0024526461783200837,41.8829,384→385,0.09259223929175064,0.0066221699493409876,42.1855009650685,368.19905491838995,217.49635988978835,150.7026950286016
D:\Obsidian\Web Clipper\001_inbox\RTPLAN_57661.dcm,NewPlan,2,Beam11,386,284.0,-67.287000656128,0.937254576,1400.0,-150.0,150.0,-150.0,150.0,4.0,0.3703689578720031,0.002531164771679917,38.2868,385→386,0.09259223946800077,0.006834170947325098,9.70950702958963,333.2358108766048,182.60628641391986,150.62952446268488
D:\Obsidian\Web Clipper\001_inbox\RTPLAN_57661.dcm,NewPlan,2,Beam11,387,288.0,-66.916631699,0.93955860487,1400.0,-150.0,150.0,-150.0,150.0,4.0,0.3703689571279938,0.00230402887000003,32.2064,386→387,0.09259223928199845,0.006220901686433167,16.417142643784548,335.43280992922604,180.0094168717275,155.42339305749854
D:\Obsidian\Web Clipper\001_inbox\RTPLAN_57661.dcm,NewPlan,2,Beam11,388,292.0,-66.546262741,0.94193102507,1400.0,-150.0,150.0,-150.0,150.0,4.0,0.37036895800000025,0.0023724202000000583,47.0113,387→388,0.09259223950000006,0.0064055589669587175,39.97338243449654,365.1858425996919,162.99827157760873,202.1875710220832
D:\Obsidian\Web Clipper\001_inbox\RTPLAN_57661.dcm,NewPlan,2,Beam11,389,296.0,-66.175893784,0.94449946403,1400.0,-150.0,150.0,-150.0,150.0,4.0,0.3703689570000108,0.002568438959999919,53.2392,388→389,0.0925922392500027,0.006934811655934339,16.815394169225193,250.61792638306156,72.74853761569226,177.8693887673693
D:\Obsidian\Web Clipper\001_inbox\RTPLAN_57661.dcm,NewPlan,2,Beam11,390,300.0,-65.805524826,0.94710927991,1400.0,-150.0,150.0,-150.0,150.0,4.0,0.37036895800000025,0.002609815880000088,59.6072,389→390,0.09259223950000006,0.007046529747236772,17.193665566324263,297.24575351695626,111.84819652191254,185.39755699504374
D:\Obsidian\Web Clipper\001_inbox\RTPLAN_57661.dcm,NewPlan,2,Beam11,391,304.0,-65.435155869,0.94981442105311,1400.0,-150.0,150.0,-150.0,150.0,4.0,0.3703689569999966,0.002705141143109935,108.30930000000001,390→391,0.09259223924999915,0.0073039089588438685,131.49617180254245,492.9387211034581,226.44662414296445,266.49209696049365
D:\Obsidian\Web Clipper\001_inbox\RTPLAN_57661.dcm,NewPlan,2,Beam11,392,308.0,-65.064796447754,0.95278599525,1400.0,-150.0,150.0,-150.0,150.0,4.0,0.3703594212459933,0.002971574196889981,122.9643,391→392,0.09258985531149833,0.008023487527042702,39.569669783737226,545.6672313616386,195.21739114063965,350.449840220999
D:\Obsidian\Web Clipper\001_inbox\RTPLAN_57661.dcm,NewPlan,2,Beam11,393,312.0,-64.69442749,0.95555403576,1400.0,-150.0,150.0,-150.0,150.0,4.0,0.37036895775401035,0.002768040510000014,122.2098,392→393,0.09259223943850259,0.0074737378823159254,2.037157769850444,512.1846635051745,215.0906503695433,297.09401313563126
D:\Obsidian\Web Clipper\001_inbox\RTPLAN_57661.dcm,NewPlan,2,Beam11,394,316.0,-64.324058533,0.9586117795,1400.0,-150.0,150.0,-150.0,150.0,4.0,0.3703689569999966,0.0030577437400000074,96.4431,393→394,0.09259223924999915,0.008255939603491216,69.57035548743421,419.14986951782095,260.18703289973865,158.9628366180823
D:\Obsidian\Web Clipper\001_inbox\RTPLAN_57661.dcm,NewPlan,2,Beam11,395,320.0,-63.953689575,0.96173753625668,1400.0,-150.0,150.0,-150.0,150.0,4.0,0.37036895800000025,0.0031257567566800315,86.47800000000001,394→395,0.09259223950000006,0.00843957542651301,26.905872602854547,345.06455586917707,151.0015858294473,194.0629700397298
D:\Obsidian\Web Clipper\001_inbox\RTPLAN_57661.dcm,NewPlan,2,Beam11,396,324.0,-63.583320618,0.96486169142,1400.0,-150.0,150.0,-150.0,150.0,4.0,0.3703689569999966,0.003124155163319986,80.8639,395→396,0.09259223924999915,0.00843525113072588,15.158127844931828,344.7586456334708,105.27178172764721,239.48686390582355
D:\Obsidian\Web Clipper\001_inbox\RTPLAN_57661.dcm,NewPlan,2,Beam11,397,328.0,-63.21295166,0.96792913242,1400.0,-150.0,150.0,-150.0,150.0,4.0,0.37036895800000025,0.003067441000000004,94.3272,396→397,0.09259223950000006,0.00828212228304512,36.3510486210888,380.5629412387199,152.31217082723214,228.2507704114877
D:\Obsidian\Web Clipper\001_inbox\RTPLAN_57661.dcm,NewPlan,2,Beam11,398,332.0,-62.842582703,0.97156215283,1400.0,-150.0,150.0,-150.0,150.0,4.0,0.3703689570000037,0.0036330204100000207,77.8573,397→398,0.09259223925000093,0.00980919253985961,44.46889969776772,532.3920816614175,264.25621842815247,268.135863233265
D:\Obsidian\Web Clipper\001_inbox\RTPLAN_57661.dcm,NewPlan,2,Beam11,399,336.0,-62.472213745,0.97565877361,1400.0,-150.0,150.0,-150.0,150.0,4.0,0.37036895800000025,0.004096620779999949,47.1032,398→399,0.09259223950000006,0.011060918285705644,83.03638665095679,578.0246842393304,340.29525768193537,237.72942655739507
D:\Obsidian\Web Clipper\001_inbox\RTPLAN_57661.dcm,NewPlan,2,Beam11,400,340.0,-62.101844788,0.97994540637,1400.0,-150.0,150.0,-150.0,150.0,4.0,0.3703689569999966,0.004286632760000075,59.3852,399→400,0.09259223924999915,0.0115739526193609,33.161526547701754,360.98354754931916,243.9664510003759,117.01709654894321
D:\Obsidian\Web Clipper\001_inbox\RTPLAN_57661.dcm,NewPlan,2,Beam11,401,344.0,-61.73147583,0.98375547815,1400.0,-150.0,150.0,-150.0,150.0,4.0,0.37036895800000025,0.003810071779999924,49.483200000000004,400→401,0.09259223950000006,0.010287233035334244,26.735501953163112,247.8479851435064,185.09893585628188,62.749049287224516
D:\Obsidian\Web Clipper\001_inbox\RTPLAN_57661.dcm,NewPlan,2,Beam11,402,348.0,-61.361106873,0.98789727771,1400.0,-150.0,150.0,-150.0,150.0,4.0,0.3703689570000037,0.004141799560000048,39.5395,401→402,0.09259223925000093,0.011182901487070383,26.848092455005368,300.6798974245536,224.3427761144657,76.33712131008787
D:\Obsidian\Web Clipper\001_inbox\RTPLAN_57661.dcm,NewPlan,2,Beam11,403,352.0,-60.990737915,0.99199128421,1400.0,-150.0,150.0,-150.0,150.0,4.0,0.37036895800000025,0.004094006500000025,36.7216,402→403,0.09259223950000006,0.01105385970278865,7.608359013716243,179.7315853884276,94.32161968606444,85.40996570236315
D:\Obsidian\Web Clipper\001_inbox\RTPLAN_57661.dcm,NewPlan,2,Beam11,404,356.0,-60.620368958,0.99601036114,1400.0,-150.0,150.0,-150.0,150.0,4.0,0.3703689569999966,0.004019076929999921,40.9553,403→404,0.09259223924999915,0.010851549121596488,11.431033621967506,145.8329565131467,70.96518081022714,74.86777570291956
D:\Obsidian\Web Clipper\001_inbox\RTPLAN_57661.dcm,NewPlan,2,Beam11,405,0.0,-60.25,1.0,1400.0,-150.0,150.0,-150.0,150.0,4.0,0.37036895800000025,0.003989638860000033,46.5487,404→405,0.09259223950000006,0.010772066000196567,15.102237590872807,241.01641909201237,125.48783853532336,115.528580556689
