platform,group,metric_key,display_name,symbol_or_short_name,mathematical_definition,physical_meaning,unit,inputs_required,implementation_status,notes
VMAT_IMRT,Plan prescription,mus,MUs,MUs,MUs = sum_beams(MU_beam),Total monitor units delivered by the plan.,MU,"Plan MU, prescription, fraction count, beam list",implemented,
VMAT_IMRT,Plan prescription,pmu,PMU,PMU,PMU = MUs * (2 Gy / fraction dose in Gy),Monitor units normalized to a standard 2 Gy fraction.,MU,"Plan MU, prescription, fraction count, beam list",implemented,
VMAT_IMRT,Plan prescription,muca,MUCA,MUCA,MUCA = MUs / N_control_arcs,Average monitor units delivered per control arc.,MU/control arc,"Plan MU, prescription, fraction count, beam list",implemented,
VMAT_IMRT,Plan prescription,fraction_dose_gy,Prescribed Dose,Prescribed Dose,Fraction dose = prescribed dose / number of fractions,Dose prescribed per fraction.,Gy,"Plan MU, prescription, fraction count, beam list",implemented,
VMAT_IMRT,Plan prescription,fractions_count,Fractions,Fractions,Fractions = N_fx,Number of planned treatment fractions.,count,"Plan MU, prescription, fraction count, beam list",implemented,
VMAT_IMRT,Plan prescription,mucgy,MUcGy,MUcGy,MUcGy = MUs / prescribed dose in cGy,Monitor units delivered per centigray of prescribed dose.,MU/cGy,"Plan MU, prescription, fraction count, beam list",implemented,
VMAT_IMRT,Leaf travel,lt,LT,LT,LT = weighted mean over control arcs of total leaf travel between adjacent apertures,Average total leaf travel across a control arc.,mm,"MLC leaf positions, jaw positions, gantry angle, and control-point meterset weights",implemented,"For Halcyon/Ethos-style plans, the workflow also exports per-layer MLCX1 and MLCX2 variants."
VMAT_IMRT,Leaf travel,lt_mlcx1,LT MLCX1,LT MLCX1,"Same formula as LT, but computed using MLCX1 apertures only.",Average total leaf travel across a control arc. Reported for MLCX1.,mm,"MLCX1 leaf positions, control-point weights, and beam geometry",implemented_flattened,Layer-specific flattened export for LT.
VMAT_IMRT,Leaf travel,lt_mlcx2,LT MLCX2,LT MLCX2,"Same formula as LT, but computed using MLCX2 apertures only.",Average total leaf travel across a control arc. Reported for MLCX2.,mm,"MLCX2 leaf positions, control-point weights, and beam geometry",implemented_flattened,Layer-specific flattened export for LT.
VMAT_IMRT,Leaf travel,ltmu,LTMU,LTMU,LTMU = sum(control-arc leaf travel) / MU_beam,Leaf travel normalized by delivered monitor units.,mm/MU,"MLC leaf positions, jaw positions, gantry angle, and control-point meterset weights",implemented,"For Halcyon/Ethos-style plans, the workflow also exports per-layer MLCX1 and MLCX2 variants."
VMAT_IMRT,Leaf travel,ltmu_mlcx1,LTMU MLCX1,LTMU MLCX1,"Same formula as LTMU, but computed using MLCX1 apertures only.",Leaf travel normalized by delivered monitor units. Reported for MLCX1.,mm/MU,"MLCX1 leaf positions, control-point weights, and beam geometry",implemented_flattened,Layer-specific flattened export for LTMU.
VMAT_IMRT,Leaf travel,ltmu_mlcx2,LTMU MLCX2,LTMU MLCX2,"Same formula as LTMU, but computed using MLCX2 apertures only.",Leaf travel normalized by delivered monitor units. Reported for MLCX2.,mm/MU,"MLCX2 leaf positions, control-point weights, and beam geometry",implemented_flattened,Layer-specific flattened export for LTMU.
VMAT_IMRT,Leaf travel,ltnlmu,LTNLMU,LTNLMU,LTNLMU = sum(leaf travel / active leaves) / MU_beam,"Leaf travel per involved leaf, normalized by monitor units.",mm/(leaf*MU),"MLC leaf positions, jaw positions, gantry angle, and control-point meterset weights",implemented,"For Halcyon/Ethos-style plans, the workflow also exports per-layer MLCX1 and MLCX2 variants."
VMAT_IMRT,Leaf travel,ltnlmu_mlcx1,LTNLMU MLCX1,LTNLMU MLCX1,"Same formula as LTNLMU, but computed using MLCX1 apertures only.","Leaf travel per involved leaf, normalized by monitor units. Reported for MLCX1.",mm/(leaf*MU),"MLCX1 leaf positions, control-point weights, and beam geometry",implemented_flattened,Layer-specific flattened export for LTNLMU.
VMAT_IMRT,Leaf travel,ltnlmu_mlcx2,LTNLMU MLCX2,LTNLMU MLCX2,"Same formula as LTNLMU, but computed using MLCX2 apertures only.","Leaf travel per involved leaf, normalized by monitor units. Reported for MLCX2.",mm/(leaf*MU),"MLCX2 leaf positions, control-point weights, and beam geometry",implemented_flattened,Layer-specific flattened export for LTNLMU.
VMAT_IMRT,Leaf travel,nl,NL,NL,NL = weighted mean over control points of the number of active leaf pairs,Average number of leaves actively shaping the aperture.,count,"MLC leaf positions, jaw positions, gantry angle, and control-point meterset weights",implemented,"For Halcyon/Ethos-style plans, the workflow also exports per-layer MLCX1 and MLCX2 variants."
VMAT_IMRT,Leaf travel,nl_mlcx1,NL MLCX1,NL MLCX1,"Same formula as NL, but computed using MLCX1 apertures only.",Average number of leaves actively shaping the aperture. Reported for MLCX1.,count,"MLCX1 leaf positions, control-point weights, and beam geometry",implemented_flattened,Layer-specific flattened export for NL.
VMAT_IMRT,Leaf travel,nl_mlcx2,NL MLCX2,NL MLCX2,"Same formula as NL, but computed using MLCX2 apertures only.",Average number of leaves actively shaping the aperture. Reported for MLCX2.,count,"MLCX2 leaf positions, control-point weights, and beam geometry",implemented_flattened,Layer-specific flattened export for NL.
VMAT_IMRT,Leaf travel,ltnl,LTNL,LTNL,LTNL = weighted mean of (leaf travel / active leaves),Leaf travel normalized by the number of involved leaves.,mm/leaf,"MLC leaf positions, jaw positions, gantry angle, and control-point meterset weights",implemented,"For Halcyon/Ethos-style plans, the workflow also exports per-layer MLCX1 and MLCX2 variants."
VMAT_IMRT,Leaf travel,ltnl_mlcx1,LTNL MLCX1,LTNL MLCX1,"Same formula as LTNL, but computed using MLCX1 apertures only.",Leaf travel normalized by the number of involved leaves. Reported for MLCX1.,mm/leaf,"MLCX1 leaf positions, control-point weights, and beam geometry",implemented_flattened,Layer-specific flattened export for LTNL.
VMAT_IMRT,Leaf travel,ltnl_mlcx2,LTNL MLCX2,LTNL MLCX2,"Same formula as LTNL, but computed using MLCX2 apertures only.",Leaf travel normalized by the number of involved leaves. Reported for MLCX2.,mm/leaf,"MLCX2 leaf positions, control-point weights, and beam geometry",implemented_flattened,Layer-specific flattened export for LTNL.
VMAT_IMRT,Arc geometry,al,AL,AL,AL = total gantry travel / N_beams,Average arc length delivered per beam.,deg,Beam gantry rotation angle and beam MU,implemented,
VMAT_IMRT,Leaf travel,lna,LNA,LNA,LNA = weighted mean of (leaf travel / active leaves / gantry-step),Leaf travel per involved leaf and per unit gantry travel.,mm/(leaf*deg),"MLC leaf positions, jaw positions, gantry angle, and control-point meterset weights",implemented,"For Halcyon/Ethos-style plans, the workflow also exports per-layer MLCX1 and MLCX2 variants."
VMAT_IMRT,Leaf travel,lna_mlcx1,LNA MLCX1,LNA MLCX1,"Same formula as LNA, but computed using MLCX1 apertures only.",Leaf travel per involved leaf and per unit gantry travel. Reported for MLCX1.,mm/(leaf*deg),"MLCX1 leaf positions, control-point weights, and beam geometry",implemented_flattened,Layer-specific flattened export for LNA.
VMAT_IMRT,Leaf travel,lna_mlcx2,LNA MLCX2,LNA MLCX2,"Same formula as LNA, but computed using MLCX2 apertures only.",Leaf travel per involved leaf and per unit gantry travel. Reported for MLCX2.,mm/(leaf*deg),"MLCX2 leaf positions, control-point weights, and beam geometry",implemented_flattened,Layer-specific flattened export for LNA.
VMAT_IMRT,Arc geometry,cal,CAL,CAL,CAL = total gantry travel / N_control_arcs,Average control-arc length between successive control points.,deg/control arc,Beam gantry rotation angle and beam MU,implemented,
VMAT_IMRT,Arc geometry,gt,GT,GT,GT = sum_beams(abs(gantry rotation angle)),Total gantry travel delivered by the plan.,deg,Beam gantry rotation angle and beam MU,implemented,
VMAT_IMRT,Arc geometry,mudeg,MUdeg,MUdeg,MUdeg = MUs / GT,Monitor units delivered per degree of gantry rotation.,MU/deg,Beam gantry rotation angle and beam MU,implemented,
VMAT_IMRT,Leaf travel,ltal,LTAL,LTAL,LTAL = weighted mean of (leaf travel / gantry-step),Leaf travel normalized by unit gantry angle.,mm/deg,"MLC leaf positions, jaw positions, gantry angle, and control-point meterset weights",implemented,"For Halcyon/Ethos-style plans, the workflow also exports per-layer MLCX1 and MLCX2 variants."
VMAT_IMRT,Leaf travel,ltal_mlcx1,LTAL MLCX1,LTAL MLCX1,"Same formula as LTAL, but computed using MLCX1 apertures only.",Leaf travel normalized by unit gantry angle. Reported for MLCX1.,mm/deg,"MLCX1 leaf positions, control-point weights, and beam geometry",implemented_flattened,Layer-specific flattened export for LTAL.
VMAT_IMRT,Leaf travel,ltal_mlcx2,LTAL MLCX2,LTAL MLCX2,"Same formula as LTAL, but computed using MLCX2 apertures only.",Leaf travel normalized by unit gantry angle. Reported for MLCX2.,mm/deg,"MLCX2 leaf positions, control-point weights, and beam geometry",implemented_flattened,Layer-specific flattened export for LTAL.
VMAT_IMRT,Plan prescription,narcs,NArcs,NArcs,NArcs = number of treatment beams/arcs,Number of treatment arcs or beams contributing to the plan.,count,"Plan MU, prescription, fraction count, beam list",implemented,
VMAT_IMRT,Delivery dynamics,mdrv,mDRV,mDRV,mDRV = mean(delta dose-rate / delta gantry),Mean variation of dose rate during delivery.,MU/(min*deg),"Control-point MLC motion, dose rate, gantry angle, and meterset timing",implemented,"For Halcyon/Ethos-style plans, the workflow also exports per-layer MLCX1 and MLCX2 variants."
VMAT_IMRT,Delivery dynamics,mdrv_mlcx1,mDRV MLCX1,mDRV MLCX1,"Same formula as mDRV, but computed using MLCX1 apertures only.",Mean variation of dose rate during delivery. Reported for MLCX1.,MU/(min*deg),"MLCX1 leaf positions, control-point weights, and beam geometry",implemented_flattened,Layer-specific flattened export for mDRV.
VMAT_IMRT,Delivery dynamics,mdrv_mlcx2,mDRV MLCX2,mDRV MLCX2,"Same formula as mDRV, but computed using MLCX2 apertures only.",Mean variation of dose rate during delivery. Reported for MLCX2.,MU/(min*deg),"MLCX2 leaf positions, control-point weights, and beam geometry",implemented_flattened,Layer-specific flattened export for mDRV.
VMAT_IMRT,Delivery dynamics,mgsv,mGSV,mGSV,mGSV = mean(delta gantry-speed / delta gantry),Mean variation of gantry speed during delivery.,deg/s/deg,"Control-point MLC motion, dose rate, gantry angle, and meterset timing",implemented,"For Halcyon/Ethos-style plans, the workflow also exports per-layer MLCX1 and MLCX2 variants."
VMAT_IMRT,Delivery dynamics,mgsv_mlcx1,mGSV MLCX1,mGSV MLCX1,"Same formula as mGSV, but computed using MLCX1 apertures only.",Mean variation of gantry speed during delivery. Reported for MLCX1.,deg/s/deg,"MLCX1 leaf positions, control-point weights, and beam geometry",implemented_flattened,Layer-specific flattened export for mGSV.
VMAT_IMRT,Delivery dynamics,mgsv_mlcx2,mGSV MLCX2,mGSV MLCX2,"Same formula as mGSV, but computed using MLCX2 apertures only.",Mean variation of gantry speed during delivery. Reported for MLCX2.,deg/s/deg,"MLCX2 leaf positions, control-point weights, and beam geometry",implemented_flattened,Layer-specific flattened export for mGSV.
VMAT_IMRT,Delivery dynamics,dr,DR,DR,DR = mean(control-point dose rate),Average dose rate used during delivery.,MU/min,"Control-point MLC motion, dose rate, gantry angle, and meterset timing",implemented,"For Halcyon/Ethos-style plans, the workflow also exports per-layer MLCX1 and MLCX2 variants."
VMAT_IMRT,Delivery dynamics,dr_mlcx1,DR MLCX1,DR MLCX1,"Same formula as DR, but computed using MLCX1 apertures only.",Average dose rate used during delivery. Reported for MLCX1.,MU/min,"MLCX1 leaf positions, control-point weights, and beam geometry",implemented_flattened,Layer-specific flattened export for DR.
VMAT_IMRT,Delivery dynamics,dr_mlcx2,DR MLCX2,DR MLCX2,"Same formula as DR, but computed using MLCX2 apertures only.",Average dose rate used during delivery. Reported for MLCX2.,MU/min,"MLCX2 leaf positions, control-point weights, and beam geometry",implemented_flattened,Layer-specific flattened export for DR.
VMAT_IMRT,Delivery dynamics,gs,GS,GS,GS = mean(control-point gantry speed),Average gantry speed during arc delivery.,deg/s,"Control-point MLC motion, dose rate, gantry angle, and meterset timing",implemented,"For Halcyon/Ethos-style plans, the workflow also exports per-layer MLCX1 and MLCX2 variants."
VMAT_IMRT,Delivery dynamics,gs_mlcx1,GS MLCX1,GS MLCX1,"Same formula as GS, but computed using MLCX1 apertures only.",Average gantry speed during arc delivery. Reported for MLCX1.,deg/s,"MLCX1 leaf positions, control-point weights, and beam geometry",implemented_flattened,Layer-specific flattened export for GS.
VMAT_IMRT,Delivery dynamics,gs_mlcx2,GS MLCX2,GS MLCX2,"Same formula as GS, but computed using MLCX2 apertures only.",Average gantry speed during arc delivery. Reported for MLCX2.,deg/s,"MLCX2 leaf positions, control-point weights, and beam geometry",implemented_flattened,Layer-specific flattened export for GS.
VMAT_IMRT,Delivery dynamics,ls,LS,LS,LS = mean(leaf speed),Average leaf speed during delivery.,mm/s,"Control-point MLC motion, dose rate, gantry angle, and meterset timing",implemented,"For Halcyon/Ethos-style plans, the workflow also exports per-layer MLCX1 and MLCX2 variants."
VMAT_IMRT,Delivery dynamics,ls_mlcx1,LS MLCX1,LS MLCX1,"Same formula as LS, but computed using MLCX1 apertures only.",Average leaf speed during delivery. Reported for MLCX1.,mm/s,"MLCX1 leaf positions, control-point weights, and beam geometry",implemented_flattened,Layer-specific flattened export for LS.
VMAT_IMRT,Delivery dynamics,ls_mlcx2,LS MLCX2,LS MLCX2,"Same formula as LS, but computed using MLCX2 apertures only.",Average leaf speed during delivery. Reported for MLCX2.,mm/s,"MLCX2 leaf positions, control-point weights, and beam geometry",implemented_flattened,Layer-specific flattened export for LS.
VMAT_IMRT,McNiven-style modulation,mcsv,MCSv,MCSv,MCSv = weighted mean[((AAV_i + AAV_{i+1}) / 2) * ((LSV_i + LSV_{i+1}) / 2)],Overall aperture modulation score combining area and leaf sequence variability.,dimensionless,"MLC leaf positions, jaw positions, gantry angle, and control-point meterset weights",implemented,"For Halcyon/Ethos-style plans, the workflow also exports per-layer MLCX1 and MLCX2 variants."
VMAT_IMRT,McNiven-style modulation,mcsv_mlcx1,MCSv MLCX1,MCSv MLCX1,"Same formula as MCSv, but computed using MLCX1 apertures only.",Overall aperture modulation score combining area and leaf sequence variability. Reported for MLCX1.,dimensionless,"MLCX1 leaf positions, control-point weights, and beam geometry",implemented_flattened,Layer-specific flattened export for MCSv.
VMAT_IMRT,McNiven-style modulation,mcsv_mlcx2,MCSv MLCX2,MCSv MLCX2,"Same formula as MCSv, but computed using MLCX2 apertures only.",Overall aperture modulation score combining area and leaf sequence variability. Reported for MLCX2.,dimensionless,"MLCX2 leaf positions, control-point weights, and beam geometry",implemented_flattened,Layer-specific flattened export for MCSv.
VMAT_IMRT,McNiven-style modulation,aav,AAV,AAV,"AAV = aperture area / arc-level union aperture area, then weighted over the arc",Variability of aperture area across control points.,dimensionless,"MLC leaf positions, jaw positions, gantry angle, and control-point meterset weights",implemented,"For Halcyon/Ethos-style plans, the workflow also exports per-layer MLCX1 and MLCX2 variants."
VMAT_IMRT,McNiven-style modulation,aav_mlcx1,AAV MLCX1,AAV MLCX1,"Same formula as AAV, but computed using MLCX1 apertures only.",Variability of aperture area across control points. Reported for MLCX1.,dimensionless,"MLCX1 leaf positions, control-point weights, and beam geometry",implemented_flattened,Layer-specific flattened export for AAV.
VMAT_IMRT,McNiven-style modulation,aav_mlcx2,AAV MLCX2,AAV MLCX2,"Same formula as AAV, but computed using MLCX2 apertures only.",Variability of aperture area across control points. Reported for MLCX2.,dimensionless,"MLCX2 leaf positions, control-point weights, and beam geometry",implemented_flattened,Layer-specific flattened export for AAV.
VMAT_IMRT,McNiven-style modulation,lsv,LSV,LSV,"LSV = bank_LSV(left) * bank_LSV(right), then weighted over the arc",Variability of the leaf sequence pattern across the aperture.,dimensionless,"MLC leaf positions, jaw positions, gantry angle, and control-point meterset weights",implemented,"For Halcyon/Ethos-style plans, the workflow also exports per-layer MLCX1 and MLCX2 variants."
VMAT_IMRT,McNiven-style modulation,lsv_mlcx1,LSV MLCX1,LSV MLCX1,"Same formula as LSV, but computed using MLCX1 apertures only.",Variability of the leaf sequence pattern across the aperture. Reported for MLCX1.,dimensionless,"MLCX1 leaf positions, control-point weights, and beam geometry",implemented_flattened,Layer-specific flattened export for LSV.
VMAT_IMRT,McNiven-style modulation,lsv_mlcx2,LSV MLCX2,LSV MLCX2,"Same formula as LSV, but computed using MLCX2 apertures only.",Variability of the leaf sequence pattern across the aperture. Reported for MLCX2.,dimensionless,"MLCX2 leaf positions, control-point weights, and beam geometry",implemented_flattened,Layer-specific flattened export for LSV.
VMAT_IMRT,McNiven-style modulation,tg,TG,TG,TG = weighted mean of adjacent-leaf left/right offset magnitudes,Average tongue-and-groove offset between neighboring leaves.,mm,"MLC leaf positions, jaw positions, gantry angle, and control-point meterset weights",implemented,"For Halcyon/Ethos-style plans, the workflow also exports per-layer MLCX1 and MLCX2 variants."
VMAT_IMRT,McNiven-style modulation,tg_mlcx1,TG MLCX1,TG MLCX1,"Same formula as TG, but computed using MLCX1 apertures only.",Average tongue-and-groove offset between neighboring leaves. Reported for MLCX1.,mm,"MLCX1 leaf positions, control-point weights, and beam geometry",implemented_flattened,Layer-specific flattened export for TG.
VMAT_IMRT,McNiven-style modulation,tg_mlcx2,TG MLCX2,TG MLCX2,"Same formula as TG, but computed using MLCX2 apertures only.",Average tongue-and-groove offset between neighboring leaves. Reported for MLCX2.,mm,"MLCX2 leaf positions, control-point weights, and beam geometry",implemented_flattened,Layer-specific flattened export for TG.
VMAT_IMRT,MI family,mi_0_2,MI(0.2),MI(0.2),"MI(k=0.2) = (MIs, MIa, MIt) at threshold factor k = 0.2",Modulation index using a 0.2 threshold factor.,dimensionless,"MLC leaf positions, jaw positions, gantry angle, and control-point meterset weights",implemented,"The base key returns a tuple of speed, acceleration, and total MI components before flattening."
VMAT_IMRT,MI components,mi_0_2_mis,MI(0.2) Speed,MI(0.2) Speed,"MIs(0.2) = mean_beams[ mean_CP min(v / sigma_v, 0.2) ]",Leaf speed contribution to the modulation index with threshold factor 0.2.,dimensionless,"MLC speed, MLC acceleration, speed/acceleration spread, gantry and dose-rate weights",implemented_flattened,Flattened export component of the Park 2014 modulation-index tuple.
VMAT_IMRT,MI components,mi_0_2_mia,MI(0.2) Acceleration,MI(0.2) Acceleration,"MIa(0.2) = mean_beams[ mean_CP min(max(v / sigma_v, a / (alpha * sigma_a)), 0.2) ]",Leaf acceleration contribution to the modulation index with threshold factor 0.2.,dimensionless,"MLC speed, MLC acceleration, speed/acceleration spread, gantry and dose-rate weights",implemented_flattened,Flattened export component of the Park 2014 modulation-index tuple.
VMAT_IMRT,MI components,mi_0_2_mit,MI(0.2) Total,MI(0.2) Total,"MIt(0.2) = weighted mean over control points of min(max(v / sigma_v, a / (alpha * sigma_a)), 0.2)",Total modulation index with threshold factor 0.2.,dimensionless,"MLC speed, MLC acceleration, speed/acceleration spread, gantry and dose-rate weights",implemented_flattened,Flattened export component of the Park 2014 modulation-index tuple.
VMAT_IMRT,MI components,mi_0_2_mlcx1_mis,MI(0.2) MLCX1 Speed,MI(0.2) MLCX1 Speed,"Same speed-component MI formula as MI(0.2), but restricted to MLCX1 leaf positions.",Leaf speed contribution to the modulation index with threshold factor 0.2 for MLCX1.,dimensionless,Per-layer MLC speed and acceleration traces,implemented_flattened,Layer-specific flattened export for MLCX1.
VMAT_IMRT,MI components,mi_0_2_mlcx1_mia,MI(0.2) MLCX1 Acceleration,MI(0.2) MLCX1 Acceleration,"Same acceleration-component MI formula as MI(0.2), but restricted to MLCX1 leaf positions.",Leaf acceleration contribution to the modulation index with threshold factor 0.2 for MLCX1.,dimensionless,Per-layer MLC speed and acceleration traces,implemented_flattened,Layer-specific flattened export for MLCX1.
VMAT_IMRT,MI components,mi_0_2_mlcx1_mit,MI(0.2) MLCX1 Total,MI(0.2) MLCX1 Total,"Same total-component MI formula as MI(0.2), but restricted to MLCX1 leaf positions.",Total modulation index with threshold factor 0.2 for MLCX1.,dimensionless,Per-layer MLC speed and acceleration traces,implemented_flattened,Layer-specific flattened export for MLCX1.
VMAT_IMRT,MI components,mi_0_2_mlcx2_mis,MI(0.2) MLCX2 Speed,MI(0.2) MLCX2 Speed,"Same speed-component MI formula as MI(0.2), but restricted to MLCX2 leaf positions.",Leaf speed contribution to the modulation index with threshold factor 0.2 for MLCX2.,dimensionless,Per-layer MLC speed and acceleration traces,implemented_flattened,Layer-specific flattened export for MLCX2.
VMAT_IMRT,MI components,mi_0_2_mlcx2_mia,MI(0.2) MLCX2 Acceleration,MI(0.2) MLCX2 Acceleration,"Same acceleration-component MI formula as MI(0.2), but restricted to MLCX2 leaf positions.",Leaf acceleration contribution to the modulation index with threshold factor 0.2 for MLCX2.,dimensionless,Per-layer MLC speed and acceleration traces,implemented_flattened,Layer-specific flattened export for MLCX2.
VMAT_IMRT,MI components,mi_0_2_mlcx2_mit,MI(0.2) MLCX2 Total,MI(0.2) MLCX2 Total,"Same total-component MI formula as MI(0.2), but restricted to MLCX2 leaf positions.",Total modulation index with threshold factor 0.2 for MLCX2.,dimensionless,Per-layer MLC speed and acceleration traces,implemented_flattened,Layer-specific flattened export for MLCX2.
VMAT_IMRT,MI family,mi_0_5,MI(0.5),MI(0.5),"MI(k=0.5) = (MIs, MIa, MIt) at threshold factor k = 0.5",Modulation index using a 0.5 threshold factor.,dimensionless,"MLC leaf positions, jaw positions, gantry angle, and control-point meterset weights",implemented,"The base key returns a tuple of speed, acceleration, and total MI components before flattening."
VMAT_IMRT,MI components,mi_0_5_mis,MI(0.5) Speed,MI(0.5) Speed,"MIs(0.5) = mean_beams[ mean_CP min(v / sigma_v, 0.5) ]",Leaf speed contribution to the modulation index with threshold factor 0.5.,dimensionless,"MLC speed, MLC acceleration, speed/acceleration spread, gantry and dose-rate weights",implemented_flattened,Flattened export component of the Park 2014 modulation-index tuple.
VMAT_IMRT,MI components,mi_0_5_mia,MI(0.5) Acceleration,MI(0.5) Acceleration,"MIa(0.5) = mean_beams[ mean_CP min(max(v / sigma_v, a / (alpha * sigma_a)), 0.5) ]",Leaf acceleration contribution to the modulation index with threshold factor 0.5.,dimensionless,"MLC speed, MLC acceleration, speed/acceleration spread, gantry and dose-rate weights",implemented_flattened,Flattened export component of the Park 2014 modulation-index tuple.
VMAT_IMRT,MI components,mi_0_5_mit,MI(0.5) Total,MI(0.5) Total,"MIt(0.5) = weighted mean over control points of min(max(v / sigma_v, a / (alpha * sigma_a)), 0.5)",Total modulation index with threshold factor 0.5.,dimensionless,"MLC speed, MLC acceleration, speed/acceleration spread, gantry and dose-rate weights",implemented_flattened,Flattened export component of the Park 2014 modulation-index tuple.
VMAT_IMRT,MI components,mi_0_5_mlcx1_mis,MI(0.5) MLCX1 Speed,MI(0.5) MLCX1 Speed,"Same speed-component MI formula as MI(0.5), but restricted to MLCX1 leaf positions.",Leaf speed contribution to the modulation index with threshold factor 0.5 for MLCX1.,dimensionless,Per-layer MLC speed and acceleration traces,implemented_flattened,Layer-specific flattened export for MLCX1.
VMAT_IMRT,MI components,mi_0_5_mlcx1_mia,MI(0.5) MLCX1 Acceleration,MI(0.5) MLCX1 Acceleration,"Same acceleration-component MI formula as MI(0.5), but restricted to MLCX1 leaf positions.",Leaf acceleration contribution to the modulation index with threshold factor 0.5 for MLCX1.,dimensionless,Per-layer MLC speed and acceleration traces,implemented_flattened,Layer-specific flattened export for MLCX1.
VMAT_IMRT,MI components,mi_0_5_mlcx1_mit,MI(0.5) MLCX1 Total,MI(0.5) MLCX1 Total,"Same total-component MI formula as MI(0.5), but restricted to MLCX1 leaf positions.",Total modulation index with threshold factor 0.5 for MLCX1.,dimensionless,Per-layer MLC speed and acceleration traces,implemented_flattened,Layer-specific flattened export for MLCX1.
VMAT_IMRT,MI components,mi_0_5_mlcx2_mis,MI(0.5) MLCX2 Speed,MI(0.5) MLCX2 Speed,"Same speed-component MI formula as MI(0.5), but restricted to MLCX2 leaf positions.",Leaf speed contribution to the modulation index with threshold factor 0.5 for MLCX2.,dimensionless,Per-layer MLC speed and acceleration traces,implemented_flattened,Layer-specific flattened export for MLCX2.
VMAT_IMRT,MI components,mi_0_5_mlcx2_mia,MI(0.5) MLCX2 Acceleration,MI(0.5) MLCX2 Acceleration,"Same acceleration-component MI formula as MI(0.5), but restricted to MLCX2 leaf positions.",Leaf acceleration contribution to the modulation index with threshold factor 0.5 for MLCX2.,dimensionless,Per-layer MLC speed and acceleration traces,implemented_flattened,Layer-specific flattened export for MLCX2.
VMAT_IMRT,MI components,mi_0_5_mlcx2_mit,MI(0.5) MLCX2 Total,MI(0.5) MLCX2 Total,"Same total-component MI formula as MI(0.5), but restricted to MLCX2 leaf positions.",Total modulation index with threshold factor 0.5 for MLCX2.,dimensionless,Per-layer MLC speed and acceleration traces,implemented_flattened,Layer-specific flattened export for MLCX2.
VMAT_IMRT,MI family,mi_1_0,MI(1.0),MI(1.0),"MI(k=1.0) = (MIs, MIa, MIt) at threshold factor k = 1.0",Modulation index using a 1.0 threshold factor.,dimensionless,"MLC leaf positions, jaw positions, gantry angle, and control-point meterset weights",implemented,"The base key returns a tuple of speed, acceleration, and total MI components before flattening."
VMAT_IMRT,MI components,mi_1_0_mis,MI(1.0) Speed,MI(1.0) Speed,"MIs(1.0) = mean_beams[ mean_CP min(v / sigma_v, 1.0) ]",Leaf speed contribution to the modulation index with threshold factor 1.0.,dimensionless,"MLC speed, MLC acceleration, speed/acceleration spread, gantry and dose-rate weights",implemented_flattened,Flattened export component of the Park 2014 modulation-index tuple.
VMAT_IMRT,MI components,mi_1_0_mia,MI(1.0) Acceleration,MI(1.0) Acceleration,"MIa(1.0) = mean_beams[ mean_CP min(max(v / sigma_v, a / (alpha * sigma_a)), 1.0) ]",Leaf acceleration contribution to the modulation index with threshold factor 1.0.,dimensionless,"MLC speed, MLC acceleration, speed/acceleration spread, gantry and dose-rate weights",implemented_flattened,Flattened export component of the Park 2014 modulation-index tuple.
VMAT_IMRT,MI components,mi_1_0_mit,MI(1.0) Total,MI(1.0) Total,"MIt(1.0) = weighted mean over control points of min(max(v / sigma_v, a / (alpha * sigma_a)), 1.0)",Total modulation index with threshold factor 1.0.,dimensionless,"MLC speed, MLC acceleration, speed/acceleration spread, gantry and dose-rate weights",implemented_flattened,Flattened export component of the Park 2014 modulation-index tuple.
VMAT_IMRT,MI components,mi_1_0_mlcx1_mis,MI(1.0) MLCX1 Speed,MI(1.0) MLCX1 Speed,"Same speed-component MI formula as MI(1.0), but restricted to MLCX1 leaf positions.",Leaf speed contribution to the modulation index with threshold factor 1.0 for MLCX1.,dimensionless,Per-layer MLC speed and acceleration traces,implemented_flattened,Layer-specific flattened export for MLCX1.
VMAT_IMRT,MI components,mi_1_0_mlcx1_mia,MI(1.0) MLCX1 Acceleration,MI(1.0) MLCX1 Acceleration,"Same acceleration-component MI formula as MI(1.0), but restricted to MLCX1 leaf positions.",Leaf acceleration contribution to the modulation index with threshold factor 1.0 for MLCX1.,dimensionless,Per-layer MLC speed and acceleration traces,implemented_flattened,Layer-specific flattened export for MLCX1.
VMAT_IMRT,MI components,mi_1_0_mlcx1_mit,MI(1.0) MLCX1 Total,MI(1.0) MLCX1 Total,"Same total-component MI formula as MI(1.0), but restricted to MLCX1 leaf positions.",Total modulation index with threshold factor 1.0 for MLCX1.,dimensionless,Per-layer MLC speed and acceleration traces,implemented_flattened,Layer-specific flattened export for MLCX1.
VMAT_IMRT,MI components,mi_1_0_mlcx2_mis,MI(1.0) MLCX2 Speed,MI(1.0) MLCX2 Speed,"Same speed-component MI formula as MI(1.0), but restricted to MLCX2 leaf positions.",Leaf speed contribution to the modulation index with threshold factor 1.0 for MLCX2.,dimensionless,Per-layer MLC speed and acceleration traces,implemented_flattened,Layer-specific flattened export for MLCX2.
VMAT_IMRT,MI components,mi_1_0_mlcx2_mia,MI(1.0) MLCX2 Acceleration,MI(1.0) MLCX2 Acceleration,"Same acceleration-component MI formula as MI(1.0), but restricted to MLCX2 leaf positions.",Leaf acceleration contribution to the modulation index with threshold factor 1.0 for MLCX2.,dimensionless,Per-layer MLC speed and acceleration traces,implemented_flattened,Layer-specific flattened export for MLCX2.
VMAT_IMRT,MI components,mi_1_0_mlcx2_mit,MI(1.0) MLCX2 Total,MI(1.0) MLCX2 Total,"Same total-component MI formula as MI(1.0), but restricted to MLCX2 leaf positions.",Total modulation index with threshold factor 1.0 for MLCX2.,dimensionless,Per-layer MLC speed and acceleration traces,implemented_flattened,Layer-specific flattened export for MLCX2.
VMAT_IMRT,MI family,mi_2_0,MI(2.0),MI(2.0),"MI(k=2.0) = (MIs, MIa, MIt) at threshold factor k = 2.0",Modulation index using a 2.0 threshold factor.,dimensionless,"MLC leaf positions, jaw positions, gantry angle, and control-point meterset weights",implemented,"The base key returns a tuple of speed, acceleration, and total MI components before flattening."
VMAT_IMRT,MI components,mi_2_0_mis,MI(2.0) Speed,MI(2.0) Speed,"MIs(2.0) = mean_beams[ mean_CP min(v / sigma_v, 2.0) ]",Leaf speed contribution to the modulation index with threshold factor 2.0.,dimensionless,"MLC speed, MLC acceleration, speed/acceleration spread, gantry and dose-rate weights",implemented_flattened,Flattened export component of the Park 2014 modulation-index tuple.
VMAT_IMRT,MI components,mi_2_0_mia,MI(2.0) Acceleration,MI(2.0) Acceleration,"MIa(2.0) = mean_beams[ mean_CP min(max(v / sigma_v, a / (alpha * sigma_a)), 2.0) ]",Leaf acceleration contribution to the modulation index with threshold factor 2.0.,dimensionless,"MLC speed, MLC acceleration, speed/acceleration spread, gantry and dose-rate weights",implemented_flattened,Flattened export component of the Park 2014 modulation-index tuple.
VMAT_IMRT,MI components,mi_2_0_mit,MI(2.0) Total,MI(2.0) Total,"MIt(2.0) = weighted mean over control points of min(max(v / sigma_v, a / (alpha * sigma_a)), 2.0)",Total modulation index with threshold factor 2.0.,dimensionless,"MLC speed, MLC acceleration, speed/acceleration spread, gantry and dose-rate weights",implemented_flattened,Flattened export component of the Park 2014 modulation-index tuple.
VMAT_IMRT,MI components,mi_2_0_mlcx1_mis,MI(2.0) MLCX1 Speed,MI(2.0) MLCX1 Speed,"Same speed-component MI formula as MI(2.0), but restricted to MLCX1 leaf positions.",Leaf speed contribution to the modulation index with threshold factor 2.0 for MLCX1.,dimensionless,Per-layer MLC speed and acceleration traces,implemented_flattened,Layer-specific flattened export for MLCX1.
VMAT_IMRT,MI components,mi_2_0_mlcx1_mia,MI(2.0) MLCX1 Acceleration,MI(2.0) MLCX1 Acceleration,"Same acceleration-component MI formula as MI(2.0), but restricted to MLCX1 leaf positions.",Leaf acceleration contribution to the modulation index with threshold factor 2.0 for MLCX1.,dimensionless,Per-layer MLC speed and acceleration traces,implemented_flattened,Layer-specific flattened export for MLCX1.
VMAT_IMRT,MI components,mi_2_0_mlcx1_mit,MI(2.0) MLCX1 Total,MI(2.0) MLCX1 Total,"Same total-component MI formula as MI(2.0), but restricted to MLCX1 leaf positions.",Total modulation index with threshold factor 2.0 for MLCX1.,dimensionless,Per-layer MLC speed and acceleration traces,implemented_flattened,Layer-specific flattened export for MLCX1.
VMAT_IMRT,MI components,mi_2_0_mlcx2_mis,MI(2.0) MLCX2 Speed,MI(2.0) MLCX2 Speed,"Same speed-component MI formula as MI(2.0), but restricted to MLCX2 leaf positions.",Leaf speed contribution to the modulation index with threshold factor 2.0 for MLCX2.,dimensionless,Per-layer MLC speed and acceleration traces,implemented_flattened,Layer-specific flattened export for MLCX2.
VMAT_IMRT,MI components,mi_2_0_mlcx2_mia,MI(2.0) MLCX2 Acceleration,MI(2.0) MLCX2 Acceleration,"Same acceleration-component MI formula as MI(2.0), but restricted to MLCX2 leaf positions.",Leaf acceleration contribution to the modulation index with threshold factor 2.0 for MLCX2.,dimensionless,Per-layer MLC speed and acceleration traces,implemented_flattened,Layer-specific flattened export for MLCX2.
VMAT_IMRT,MI components,mi_2_0_mlcx2_mit,MI(2.0) MLCX2 Total,MI(2.0) MLCX2 Total,"Same total-component MI formula as MI(2.0), but restricted to MLCX2 leaf positions.",Total modulation index with threshold factor 2.0 for MLCX2.,dimensionless,Per-layer MLC speed and acceleration traces,implemented_flattened,Layer-specific flattened export for MLCX2.
VMAT_IMRT,Delivery dynamics,dt,dt,dt,dt = mean(control-point time increment) * N_control_points,Beam-on delivery time.,s,"Control-point MLC motion, dose rate, gantry angle, and meterset timing",implemented,"For Halcyon/Ethos-style plans, the workflow also exports per-layer MLCX1 and MLCX2 variants."
VMAT_IMRT,Delivery dynamics,dt_mlcx1,dt MLCX1,dt MLCX1,"Same formula as dt, but computed using MLCX1 apertures only.",Beam-on delivery time. Reported for MLCX1.,s,"MLCX1 leaf positions, control-point weights, and beam geometry",implemented_flattened,Layer-specific flattened export for dt.
VMAT_IMRT,Delivery dynamics,dt_mlcx2,dt MLCX2,dt MLCX2,"Same formula as dt, but computed using MLCX2 apertures only.",Beam-on delivery time. Reported for MLCX2.,s,"MLCX2 leaf positions, control-point weights, and beam geometry",implemented_flattened,Layer-specific flattened export for dt.
VMAT_IMRT,Shape modulation,pi,PI,PI,"PI = perimeter^2 / (4 * pi * area), aggregated over apertures",Irregularity of the aperture shape relative to its area.,dimensionless,"MLC leaf positions, jaw positions, gantry angle, and control-point meterset weights",implemented,"For Halcyon/Ethos-style plans, the workflow also exports per-layer MLCX1 and MLCX2 variants."
VMAT_IMRT,Shape modulation,pi_mlcx1,PI MLCX1,PI MLCX1,"Same formula as PI, but computed using MLCX1 apertures only.",Irregularity of the aperture shape relative to its area. Reported for MLCX1.,dimensionless,"MLCX1 leaf positions, control-point weights, and beam geometry",implemented_flattened,Layer-specific flattened export for PI.
VMAT_IMRT,Shape modulation,pi_mlcx2,PI MLCX2,PI MLCX2,"Same formula as PI, but computed using MLCX2 apertures only.",Irregularity of the aperture shape relative to its area. Reported for MLCX2.,dimensionless,"MLCX2 leaf positions, control-point weights, and beam geometry",implemented_flattened,Layer-specific flattened export for PI.
VMAT_IMRT,Shape modulation,pm,PM,PM,PM = mean over adjacent control points of normalized aperture-area change,Variation in aperture area between successive control points.,dimensionless,"MLC leaf positions, jaw positions, gantry angle, and control-point meterset weights",implemented,"For Halcyon/Ethos-style plans, the workflow also exports per-layer MLCX1 and MLCX2 variants."
VMAT_IMRT,Shape modulation,pm_mlcx1,PM MLCX1,PM MLCX1,"Same formula as PM, but computed using MLCX1 apertures only.",Variation in aperture area between successive control points. Reported for MLCX1.,dimensionless,"MLCX1 leaf positions, control-point weights, and beam geometry",implemented_flattened,Layer-specific flattened export for PM.
VMAT_IMRT,Shape modulation,pm_mlcx2,PM MLCX2,PM MLCX2,"Same formula as PM, but computed using MLCX2 apertures only.",Variation in aperture area between successive control points. Reported for MLCX2.,dimensionless,"MLCX2 leaf positions, control-point weights, and beam geometry",implemented_flattened,Layer-specific flattened export for PM.
VMAT_IMRT,Shape modulation,md,MD,MD,MD = union-area / weighted mean aperture area,Degree of modulation present in the delivered field shapes.,dimensionless,"MLC leaf positions, jaw positions, gantry angle, and control-point meterset weights",implemented,"For Halcyon/Ethos-style plans, the workflow also exports per-layer MLCX1 and MLCX2 variants."
VMAT_IMRT,Shape modulation,md_mlcx1,MD MLCX1,MD MLCX1,"Same formula as MD, but computed using MLCX1 apertures only.",Degree of modulation present in the delivered field shapes. Reported for MLCX1.,dimensionless,"MLCX1 leaf positions, control-point weights, and beam geometry",implemented_flattened,Layer-specific flattened export for MD.
VMAT_IMRT,Shape modulation,md_mlcx2,MD MLCX2,MD MLCX2,"Same formula as MD, but computed using MLCX2 apertures only.",Degree of modulation present in the delivered field shapes. Reported for MLCX2.,dimensionless,"MLCX2 leaf positions, control-point weights, and beam geometry",implemented_flattened,Layer-specific flattened export for MD.
VMAT_IMRT,Aperture geometry,pa,PA,PA,PA = weighted mean(aperture area),Average beam's-eye-view aperture area.,mm^2,"MLC leaf positions, jaw positions, gantry angle, and control-point meterset weights",implemented,"For Halcyon/Ethos-style plans, the workflow also exports per-layer MLCX1 and MLCX2 variants."
VMAT_IMRT,Aperture geometry,pa_mlcx1,PA MLCX1,PA MLCX1,"Same formula as PA, but computed using MLCX1 apertures only.",Average beam's-eye-view aperture area. Reported for MLCX1.,mm^2,"MLCX1 leaf positions, control-point weights, and beam geometry",implemented_flattened,Layer-specific flattened export for PA.
VMAT_IMRT,Aperture geometry,pa_mlcx2,PA MLCX2,PA MLCX2,"Same formula as PA, but computed using MLCX2 apertures only.",Average beam's-eye-view aperture area. Reported for MLCX2.,mm^2,"MLCX2 leaf positions, control-point weights, and beam geometry",implemented_flattened,Layer-specific flattened export for PA.
VMAT_IMRT,Aperture geometry,efs,EFS,EFS,EFS = weighted mean(4 * area / perimeter),Equivalent square field size of the aperture.,mm,"MLC leaf positions, jaw positions, gantry angle, and control-point meterset weights",implemented,"For Halcyon/Ethos-style plans, the workflow also exports per-layer MLCX1 and MLCX2 variants."
VMAT_IMRT,Aperture geometry,efs_mlcx1,EFS MLCX1,EFS MLCX1,"Same formula as EFS, but computed using MLCX1 apertures only.",Equivalent square field size of the aperture. Reported for MLCX1.,mm,"MLCX1 leaf positions, control-point weights, and beam geometry",implemented_flattened,Layer-specific flattened export for EFS.
VMAT_IMRT,Aperture geometry,efs_mlcx2,EFS MLCX2,EFS MLCX2,"Same formula as EFS, but computed using MLCX2 apertures only.",Equivalent square field size of the aperture. Reported for MLCX2.,mm,"MLCX2 leaf positions, control-point weights, and beam geometry",implemented_flattened,Layer-specific flattened export for EFS.
VMAT_IMRT,Aperture geometry,psmall,psmall,psmall,psmall = weighted fraction(EFS < 30 mm),Fraction of apertures classified as small fields.,dimensionless,"MLC leaf positions, jaw positions, gantry angle, and control-point meterset weights",implemented,"For Halcyon/Ethos-style plans, the workflow also exports per-layer MLCX1 and MLCX2 variants."
VMAT_IMRT,Aperture geometry,psmall_mlcx1,psmall MLCX1,psmall MLCX1,"Same formula as psmall, but computed using MLCX1 apertures only.",Fraction of apertures classified as small fields. Reported for MLCX1.,dimensionless,"MLCX1 leaf positions, control-point weights, and beam geometry",implemented_flattened,Layer-specific flattened export for psmall.
VMAT_IMRT,Aperture geometry,psmall_mlcx2,psmall MLCX2,psmall MLCX2,"Same formula as psmall, but computed using MLCX2 apertures only.",Fraction of apertures classified as small fields. Reported for MLCX2.,dimensionless,"MLCX2 leaf positions, control-point weights, and beam geometry",implemented_flattened,Layer-specific flattened export for psmall.
VMAT_IMRT,Aperture geometry,sas_5mm,SAS5mm,SAS5mm,SAS5mm = active leaf gaps below 5 mm / all active leaf gaps,Fraction of leaf gaps smaller than 5 mm.,dimensionless,"MLC leaf positions, jaw positions, gantry angle, and control-point meterset weights",implemented,"For Halcyon/Ethos-style plans, the workflow also exports per-layer MLCX1 and MLCX2 variants."
VMAT_IMRT,Aperture geometry,sas_5mm_mlcx1,SAS5mm MLCX1,SAS5mm MLCX1,"Same formula as SAS5mm, but computed using MLCX1 apertures only.",Fraction of leaf gaps smaller than 5 mm. Reported for MLCX1.,dimensionless,"MLCX1 leaf positions, control-point weights, and beam geometry",implemented_flattened,Layer-specific flattened export for SAS5mm.
VMAT_IMRT,Aperture geometry,sas_5mm_mlcx2,SAS5mm MLCX2,SAS5mm MLCX2,"Same formula as SAS5mm, but computed using MLCX2 apertures only.",Fraction of leaf gaps smaller than 5 mm. Reported for MLCX2.,dimensionless,"MLCX2 leaf positions, control-point weights, and beam geometry",implemented_flattened,Layer-specific flattened export for SAS5mm.
VMAT_IMRT,Aperture geometry,sas_10mm,SAS10mm,SAS10mm,SAS10mm = active leaf gaps below 10 mm / all active leaf gaps,Fraction of leaf gaps smaller than 10 mm.,dimensionless,"MLC leaf positions, jaw positions, gantry angle, and control-point meterset weights",implemented,"For Halcyon/Ethos-style plans, the workflow also exports per-layer MLCX1 and MLCX2 variants."
VMAT_IMRT,Aperture geometry,sas_10mm_mlcx1,SAS10mm MLCX1,SAS10mm MLCX1,"Same formula as SAS10mm, but computed using MLCX1 apertures only.",Fraction of leaf gaps smaller than 10 mm. Reported for MLCX1.,dimensionless,"MLCX1 leaf positions, control-point weights, and beam geometry",implemented_flattened,Layer-specific flattened export for SAS10mm.
VMAT_IMRT,Aperture geometry,sas_10mm_mlcx2,SAS10mm MLCX2,SAS10mm MLCX2,"Same formula as SAS10mm, but computed using MLCX2 apertures only.",Fraction of leaf gaps smaller than 10 mm. Reported for MLCX2.,dimensionless,"MLCX2 leaf positions, control-point weights, and beam geometry",implemented_flattened,Layer-specific flattened export for SAS10mm.
VMAT_IMRT,Aperture geometry,sas_20mm,SAS20mm,SAS20mm,SAS20mm = active leaf gaps below 20 mm / all active leaf gaps,Fraction of leaf gaps smaller than 20 mm.,dimensionless,"MLC leaf positions, jaw positions, gantry angle, and control-point meterset weights",implemented,"For Halcyon/Ethos-style plans, the workflow also exports per-layer MLCX1 and MLCX2 variants."
VMAT_IMRT,Aperture geometry,sas_20mm_mlcx1,SAS20mm MLCX1,SAS20mm MLCX1,"Same formula as SAS20mm, but computed using MLCX1 apertures only.",Fraction of leaf gaps smaller than 20 mm. Reported for MLCX1.,dimensionless,"MLCX1 leaf positions, control-point weights, and beam geometry",implemented_flattened,Layer-specific flattened export for SAS20mm.
VMAT_IMRT,Aperture geometry,sas_20mm_mlcx2,SAS20mm MLCX2,SAS20mm MLCX2,"Same formula as SAS20mm, but computed using MLCX2 apertures only.",Fraction of leaf gaps smaller than 20 mm. Reported for MLCX2.,dimensionless,"MLCX2 leaf positions, control-point weights, and beam geometry",implemented_flattened,Layer-specific flattened export for SAS20mm.
VMAT_IMRT,Aperture geometry,em,EM,EM,EM = aperture edge metric calculated from BEV perimeter relative to area,Relative amount of aperture edge compared with open field area.,dimensionless,"MLC leaf positions, jaw positions, gantry angle, and control-point meterset weights",implemented,"For Halcyon/Ethos-style plans, the workflow also exports per-layer MLCX1 and MLCX2 variants."
VMAT_IMRT,Aperture geometry,em_mlcx1,EM MLCX1,EM MLCX1,"Same formula as EM, but computed using MLCX1 apertures only.",Relative amount of aperture edge compared with open field area. Reported for MLCX1.,dimensionless,"MLCX1 leaf positions, control-point weights, and beam geometry",implemented_flattened,Layer-specific flattened export for EM.
VMAT_IMRT,Aperture geometry,em_mlcx2,EM MLCX2,EM MLCX2,"Same formula as EM, but computed using MLCX2 apertures only.",Relative amount of aperture edge compared with open field area. Reported for MLCX2.,dimensionless,"MLCX2 leaf positions, control-point weights, and beam geometry",implemented_flattened,Layer-specific flattened export for EM.
VMAT_IMRT,Aperture geometry,bjar,BJAR,BJAR,BJAR = aperture area / jaw-defined area,Ratio between aperture area and jaw-defined area.,dimensionless,"MLC leaf positions, jaw positions, gantry angle, and control-point meterset weights",implemented,
VMAT_IMRT,Aperture geometry,mad,MAD,MAD,MAD = mean distance of open leaf ends from the beam central axis,Average distance of the aperture opening from the beam central axis.,mm,"MLC leaf positions, jaw positions, gantry angle, and control-point meterset weights",implemented,"For Halcyon/Ethos-style plans, the workflow also exports per-layer MLCX1 and MLCX2 variants."
VMAT_IMRT,Aperture geometry,mad_mlcx1,MAD MLCX1,MAD MLCX1,"Same formula as MAD, but computed using MLCX1 apertures only.",Average distance of the aperture opening from the beam central axis. Reported for MLCX1.,mm,"MLCX1 leaf positions, control-point weights, and beam geometry",implemented_flattened,Layer-specific flattened export for MAD.
VMAT_IMRT,Aperture geometry,mad_mlcx2,MAD MLCX2,MAD MLCX2,"Same formula as MAD, but computed using MLCX2 apertures only.",Average distance of the aperture opening from the beam central axis. Reported for MLCX2.,mm,"MLCX2 leaf positions, control-point weights, and beam geometry",implemented_flattened,Layer-specific flattened export for MAD.
VMAT_IMRT,Aperture geometry,alg,ALG,ALG,ALG = mean(opposing leaf gap over active leaf pairs),Average gap between opposing leaf pairs.,mm,"MLC leaf positions, jaw positions, gantry angle, and control-point meterset weights",implemented,"For Halcyon/Ethos-style plans, the workflow also exports per-layer MLCX1 and MLCX2 variants."
VMAT_IMRT,Aperture geometry,alg_mlcx1,ALG MLCX1,ALG MLCX1,"Same formula as ALG, but computed using MLCX1 apertures only.",Average gap between opposing leaf pairs. Reported for MLCX1.,mm,"MLCX1 leaf positions, control-point weights, and beam geometry",implemented_flattened,Layer-specific flattened export for ALG.
VMAT_IMRT,Aperture geometry,alg_mlcx2,ALG MLCX2,ALG MLCX2,"Same formula as ALG, but computed using MLCX2 apertures only.",Average gap between opposing leaf pairs. Reported for MLCX2.,mm,"MLCX2 leaf positions, control-point weights, and beam geometry",implemented_flattened,Layer-specific flattened export for ALG.
VMAT_IMRT,Aperture geometry,alg_sd,ALG SD,ALG SD,ALG SD = std(opposing leaf gap over active leaf pairs),Standard deviation of the opposing leaf gap.,mm,"MLC leaf positions, jaw positions, gantry angle, and control-point meterset weights",implemented,"For Halcyon/Ethos-style plans, the workflow also exports per-layer MLCX1 and MLCX2 variants."
VMAT_IMRT,Aperture geometry,alg_sd_mlcx1,ALG SD MLCX1,ALG SD MLCX1,"Same formula as ALG SD, but computed using MLCX1 apertures only.",Standard deviation of the opposing leaf gap. Reported for MLCX1.,mm,"MLCX1 leaf positions, control-point weights, and beam geometry",implemented_flattened,Layer-specific flattened export for ALG SD.
VMAT_IMRT,Aperture geometry,alg_sd_mlcx2,ALG SD MLCX2,ALG SD MLCX2,"Same formula as ALG SD, but computed using MLCX2 apertures only.",Standard deviation of the opposing leaf gap. Reported for MLCX2.,mm,"MLCX2 leaf positions, control-point weights, and beam geometry",implemented_flattened,Layer-specific flattened export for ALG SD.
VMAT_IMRT,Aperture geometry,perimeter,P,P,P = mean aperture perimeter in beam's-eye view,Average perimeter of the beam's-eye-view aperture.,mm,"MLC leaf positions, jaw positions, gantry angle, and control-point meterset weights",implemented,"For Halcyon/Ethos-style plans, the workflow also exports per-layer MLCX1 and MLCX2 variants."
VMAT_IMRT,Aperture geometry,perimeter_mlcx1,P MLCX1,P MLCX1,"Same formula as P, but computed using MLCX1 apertures only.",Average perimeter of the beam's-eye-view aperture. Reported for MLCX1.,mm,"MLCX1 leaf positions, control-point weights, and beam geometry",implemented_flattened,Layer-specific flattened export for P.
VMAT_IMRT,Aperture geometry,perimeter_mlcx2,P MLCX2,P MLCX2,"Same formula as P, but computed using MLCX2 apertures only.",Average perimeter of the beam's-eye-view aperture. Reported for MLCX2.,mm,"MLCX2 leaf positions, control-point weights, and beam geometry",implemented_flattened,Layer-specific flattened export for P.
VMAT_IMRT,Aperture geometry,asr,ASR,ASR,ASR = mean number of disconnected open aperture sub-regions,Average number of disconnected open sub-regions in the aperture.,dimensionless,"MLC leaf positions, jaw positions, gantry angle, and control-point meterset weights",implemented,"For Halcyon/Ethos-style plans, the workflow also exports per-layer MLCX1 and MLCX2 variants."
VMAT_IMRT,Aperture geometry,asr_mlcx1,ASR MLCX1,ASR MLCX1,"Same formula as ASR, but computed using MLCX1 apertures only.",Average number of disconnected open sub-regions in the aperture. Reported for MLCX1.,dimensionless,"MLCX1 leaf positions, control-point weights, and beam geometry",implemented_flattened,Layer-specific flattened export for ASR.
VMAT_IMRT,Aperture geometry,asr_mlcx2,ASR MLCX2,ASR MLCX2,"Same formula as ASR, but computed using MLCX2 apertures only.",Average number of disconnected open sub-regions in the aperture. Reported for MLCX2.,dimensionless,"MLCX2 leaf positions, control-point weights, and beam geometry",implemented_flattened,Layer-specific flattened export for ASR.
VMAT_IMRT,Aperture geometry,axjd,AXJD,AXJD,AXJD = mean distance between aperture extent and X jaws,Distance between aperture extent and X jaws.,dimensionless,"MLC leaf positions, jaw positions, gantry angle, and control-point meterset weights",implemented,
VMAT_IMRT,Aperture geometry,ayjd,AYJD,AYJD,AYJD = mean distance between aperture extent and Y jaws,Distance between aperture extent and Y jaws.,dimensionless,"MLC leaf positions, jaw positions, gantry angle, and control-point meterset weights",implemented,
VMAT_IMRT,Aperture geometry,cam,CAM,CAM,CAM = converted-aperture complexity metric from transformed field geometry,Aperture complexity score based on converted field geometry.,dimensionless,"MLC leaf positions, jaw positions, gantry angle, and control-point meterset weights",implemented,"For Halcyon/Ethos-style plans, the workflow also exports per-layer MLCX1 and MLCX2 variants."
VMAT_IMRT,Aperture geometry,cam_mlcx1,CAM MLCX1,CAM MLCX1,"Same formula as CAM, but computed using MLCX1 apertures only.",Aperture complexity score based on converted field geometry. Reported for MLCX1.,dimensionless,"MLCX1 leaf positions, control-point weights, and beam geometry",implemented_flattened,Layer-specific flattened export for CAM.
VMAT_IMRT,Aperture geometry,cam_mlcx2,CAM MLCX2,CAM MLCX2,"Same formula as CAM, but computed using MLCX2 apertures only.",Aperture complexity score based on converted field geometry. Reported for MLCX2.,dimensionless,"MLCX2 leaf positions, control-point weights, and beam geometry",implemented_flattened,Layer-specific flattened export for CAM.
VMAT_IMRT,Aperture geometry,eam,EAM,EAM,EAM = combined edge-and-area aperture complexity metric,Combined edge-and-area measure of aperture complexity.,dimensionless,"MLC leaf positions, jaw positions, gantry angle, and control-point meterset weights",implemented,"For Halcyon/Ethos-style plans, the workflow also exports per-layer MLCX1 and MLCX2 variants."
VMAT_IMRT,Aperture geometry,eam_mlcx1,EAM MLCX1,EAM MLCX1,"Same formula as EAM, but computed using MLCX1 apertures only.",Combined edge-and-area measure of aperture complexity. Reported for MLCX1.,dimensionless,"MLCX1 leaf positions, control-point weights, and beam geometry",implemented_flattened,Layer-specific flattened export for EAM.
VMAT_IMRT,Aperture geometry,eam_mlcx2,EAM MLCX2,EAM MLCX2,"Same formula as EAM, but computed using MLCX2 apertures only.",Combined edge-and-area measure of aperture complexity. Reported for MLCX2.,dimensionless,"MLCX2 leaf positions, control-point weights, and beam geometry",implemented_flattened,Layer-specific flattened export for EAM.
VMAT_IMRT,Delivery dynamics,mlc_speed_acc,MLC Speed and Acceleration Proportions (Park 2015),MLC Speed/Acceleration Profile,"For each leaf, compute the proportion of valid intervals falling into each Park 2015 speed/acceleration bin; then average over leaves and beams.","Leaf-wise mean proportions for Park et al. VMAT delivery bins. Speed bins: 0-4, 4-8, 8-12, 12-16, 16-20 mm/s. Acceleration bins: 0-40, 40-80, 80-120, 120-160, 160-200 mm/s^2.",dimensionless,"Control-point MLC motion, dose rate, gantry angle, and meterset timing",implemented,The base key returns binned speed/acceleration proportions and summary statistics before flattening.
VMAT_IMRT,Motion bins,speed_0_4,Park Speed 0-4 mm/s,Park Speed 0-4 mm/s,mean_leaf [ proportion(intervals with speed in 0-4 mm/s) ],Leaf-wise mean proportion of valid control-point intervals with speed in 0-4 mm/s.,proportion,Per-leaf MLC speed over valid control-point intervals,implemented_flattened,"Park 2015 speed-bin proportion, averaged over leaves."
VMAT_IMRT,Motion bins,speed_4_8,Park Speed 4-8 mm/s,Park Speed 4-8 mm/s,mean_leaf [ proportion(intervals with speed in 4-8 mm/s) ],Leaf-wise mean proportion of valid control-point intervals with speed in 4-8 mm/s.,proportion,Per-leaf MLC speed over valid control-point intervals,implemented_flattened,"Park 2015 speed-bin proportion, averaged over leaves."
VMAT_IMRT,Motion bins,speed_8_12,Park Speed 8-12 mm/s,Park Speed 8-12 mm/s,mean_leaf [ proportion(intervals with speed in 8-12 mm/s) ],Leaf-wise mean proportion of valid control-point intervals with speed in 8-12 mm/s.,proportion,Per-leaf MLC speed over valid control-point intervals,implemented_flattened,"Park 2015 speed-bin proportion, averaged over leaves."
VMAT_IMRT,Motion bins,speed_12_16,Park Speed 12-16 mm/s,Park Speed 12-16 mm/s,mean_leaf [ proportion(intervals with speed in 12-16 mm/s) ],Leaf-wise mean proportion of valid control-point intervals with speed in 12-16 mm/s.,proportion,Per-leaf MLC speed over valid control-point intervals,implemented_flattened,"Park 2015 speed-bin proportion, averaged over leaves."
VMAT_IMRT,Motion bins,speed_16_20,Park Speed 16-20 mm/s,Park Speed 16-20 mm/s,mean_leaf [ proportion(intervals with speed in 16-20 mm/s) ],Leaf-wise mean proportion of valid control-point intervals with speed in 16-20 mm/s.,proportion,Per-leaf MLC speed over valid control-point intervals,implemented_flattened,"Park 2015 speed-bin proportion, averaged over leaves."
VMAT_IMRT,Motion bins,acc_0_40,Park Acceleration 0-40 mm/s^2,Park Acceleration 0-40 mm/s^2,mean_leaf [ proportion(intervals with acceleration in 0-40 mm/s^2) ],Leaf-wise mean proportion of valid control-point intervals with acceleration in 0-40 mm/s^2.,proportion,Per-leaf MLC acceleration over valid control-point intervals,implemented_flattened,"Park 2015 acceleration-bin proportion, averaged over leaves."
VMAT_IMRT,Motion bins,acc_40_80,Park Acceleration 40-80 mm/s^2,Park Acceleration 40-80 mm/s^2,mean_leaf [ proportion(intervals with acceleration in 40-80 mm/s^2) ],Leaf-wise mean proportion of valid control-point intervals with acceleration in 40-80 mm/s^2.,proportion,Per-leaf MLC acceleration over valid control-point intervals,implemented_flattened,"Park 2015 acceleration-bin proportion, averaged over leaves."
VMAT_IMRT,Motion bins,acc_80_120,Park Acceleration 80-120 mm/s^2,Park Acceleration 80-120 mm/s^2,mean_leaf [ proportion(intervals with acceleration in 80-120 mm/s^2) ],Leaf-wise mean proportion of valid control-point intervals with acceleration in 80-120 mm/s^2.,proportion,Per-leaf MLC acceleration over valid control-point intervals,implemented_flattened,"Park 2015 acceleration-bin proportion, averaged over leaves."
VMAT_IMRT,Motion bins,acc_120_160,Park Acceleration 120-160 mm/s^2,Park Acceleration 120-160 mm/s^2,mean_leaf [ proportion(intervals with acceleration in 120-160 mm/s^2) ],Leaf-wise mean proportion of valid control-point intervals with acceleration in 120-160 mm/s^2.,proportion,Per-leaf MLC acceleration over valid control-point intervals,implemented_flattened,"Park 2015 acceleration-bin proportion, averaged over leaves."
VMAT_IMRT,Motion bins,acc_160_200,Park Acceleration 160-200 mm/s^2,Park Acceleration 160-200 mm/s^2,mean_leaf [ proportion(intervals with acceleration in 160-200 mm/s^2) ],Leaf-wise mean proportion of valid control-point intervals with acceleration in 160-200 mm/s^2.,proportion,Per-leaf MLC acceleration over valid control-point intervals,implemented_flattened,"Park 2015 acceleration-bin proportion, averaged over leaves."
VMAT_IMRT,Motion bins,speed_average,Mean Leaf Speed (mm/s),Mean Leaf Speed (mm/s),mean_leaf(mean_interval(speed)),"Leaf-wise mean proportions for Park et al. VMAT delivery bins. Speed bins: 0-4, 4-8, 8-12, 12-16, 16-20 mm/s. Acceleration bins: 0-40, 40-80, 80-120, 120-160, 160-200 mm/s^2.",mm/s,Per-leaf motion time series,implemented_flattened,Park 2015 summary statistic flattened for export.
VMAT_IMRT,Motion bins,acc_average,Mean Leaf Acceleration (mm/s^2),Mean Leaf Acceleration (mm/s^2),mean_leaf(mean_interval(acceleration)),"Leaf-wise mean proportions for Park et al. VMAT delivery bins. Speed bins: 0-4, 4-8, 8-12, 12-16, 16-20 mm/s. Acceleration bins: 0-40, 40-80, 80-120, 120-160, 160-200 mm/s^2.",mm/s^2,Per-leaf motion time series,implemented_flattened,Park 2015 summary statistic flattened for export.
VMAT_IMRT,Motion bins,speed_std,Mean Leaf Speed SD (mm/s),Mean Leaf Speed SD (mm/s),mean_leaf(std_interval(speed)),"Leaf-wise mean proportions for Park et al. VMAT delivery bins. Speed bins: 0-4, 4-8, 8-12, 12-16, 16-20 mm/s. Acceleration bins: 0-40, 40-80, 80-120, 120-160, 160-200 mm/s^2.",mm/s,Per-leaf motion time series,implemented_flattened,Park 2015 summary statistic flattened for export.
VMAT_IMRT,Motion bins,acc_std,Mean Leaf Acceleration SD (mm/s^2),Mean Leaf Acceleration SD (mm/s^2),mean_leaf(std_interval(acceleration)),"Leaf-wise mean proportions for Park et al. VMAT delivery bins. Speed bins: 0-4, 4-8, 8-12, 12-16, 16-20 mm/s. Acceleration bins: 0-40, 40-80, 80-120, 120-160, 160-200 mm/s^2.",mm/s^2,Per-leaf motion time series,implemented_flattened,Park 2015 summary statistic flattened for export.
VMAT_IMRT,Motion bins,mlcx1_speed_0_4,MLCX1 Park Speed 0-4 mm/s,MLCX1 Park Speed 0-4 mm/s,"mean_leaf [ proportion(intervals with speed in 0-4 mm/s) ], restricted to MLCX1 leaf positions.",MLCX1-only Park 2015 derived motion statistic.,proportion,MLCX1 motion traces only,implemented_flattened,Layer-specific Park 2015 flattened export for MLCX1.
VMAT_IMRT,Motion bins,mlcx1_speed_4_8,MLCX1 Park Speed 4-8 mm/s,MLCX1 Park Speed 4-8 mm/s,"mean_leaf [ proportion(intervals with speed in 4-8 mm/s) ], restricted to MLCX1 leaf positions.",MLCX1-only Park 2015 derived motion statistic.,proportion,MLCX1 motion traces only,implemented_flattened,Layer-specific Park 2015 flattened export for MLCX1.
VMAT_IMRT,Motion bins,mlcx1_speed_8_12,MLCX1 Park Speed 8-12 mm/s,MLCX1 Park Speed 8-12 mm/s,"mean_leaf [ proportion(intervals with speed in 8-12 mm/s) ], restricted to MLCX1 leaf positions.",MLCX1-only Park 2015 derived motion statistic.,proportion,MLCX1 motion traces only,implemented_flattened,Layer-specific Park 2015 flattened export for MLCX1.
VMAT_IMRT,Motion bins,mlcx1_speed_12_16,MLCX1 Park Speed 12-16 mm/s,MLCX1 Park Speed 12-16 mm/s,"mean_leaf [ proportion(intervals with speed in 12-16 mm/s) ], restricted to MLCX1 leaf positions.",MLCX1-only Park 2015 derived motion statistic.,proportion,MLCX1 motion traces only,implemented_flattened,Layer-specific Park 2015 flattened export for MLCX1.
VMAT_IMRT,Motion bins,mlcx1_speed_16_20,MLCX1 Park Speed 16-20 mm/s,MLCX1 Park Speed 16-20 mm/s,"mean_leaf [ proportion(intervals with speed in 16-20 mm/s) ], restricted to MLCX1 leaf positions.",MLCX1-only Park 2015 derived motion statistic.,proportion,MLCX1 motion traces only,implemented_flattened,Layer-specific Park 2015 flattened export for MLCX1.
VMAT_IMRT,Motion bins,mlcx1_acc_0_40,MLCX1 Park Acceleration 0-40 mm/s^2,MLCX1 Park Acceleration 0-40 mm/s^2,"mean_leaf [ proportion(intervals with acceleration in 0-40 mm/s^2) ], restricted to MLCX1 leaf positions.",MLCX1-only Park 2015 derived motion statistic.,proportion,MLCX1 motion traces only,implemented_flattened,Layer-specific Park 2015 flattened export for MLCX1.
VMAT_IMRT,Motion bins,mlcx1_acc_40_80,MLCX1 Park Acceleration 40-80 mm/s^2,MLCX1 Park Acceleration 40-80 mm/s^2,"mean_leaf [ proportion(intervals with acceleration in 40-80 mm/s^2) ], restricted to MLCX1 leaf positions.",MLCX1-only Park 2015 derived motion statistic.,proportion,MLCX1 motion traces only,implemented_flattened,Layer-specific Park 2015 flattened export for MLCX1.
VMAT_IMRT,Motion bins,mlcx1_acc_80_120,MLCX1 Park Acceleration 80-120 mm/s^2,MLCX1 Park Acceleration 80-120 mm/s^2,"mean_leaf [ proportion(intervals with acceleration in 80-120 mm/s^2) ], restricted to MLCX1 leaf positions.",MLCX1-only Park 2015 derived motion statistic.,proportion,MLCX1 motion traces only,implemented_flattened,Layer-specific Park 2015 flattened export for MLCX1.
VMAT_IMRT,Motion bins,mlcx1_acc_120_160,MLCX1 Park Acceleration 120-160 mm/s^2,MLCX1 Park Acceleration 120-160 mm/s^2,"mean_leaf [ proportion(intervals with acceleration in 120-160 mm/s^2) ], restricted to MLCX1 leaf positions.",MLCX1-only Park 2015 derived motion statistic.,proportion,MLCX1 motion traces only,implemented_flattened,Layer-specific Park 2015 flattened export for MLCX1.
VMAT_IMRT,Motion bins,mlcx1_acc_160_200,MLCX1 Park Acceleration 160-200 mm/s^2,MLCX1 Park Acceleration 160-200 mm/s^2,"mean_leaf [ proportion(intervals with acceleration in 160-200 mm/s^2) ], restricted to MLCX1 leaf positions.",MLCX1-only Park 2015 derived motion statistic.,proportion,MLCX1 motion traces only,implemented_flattened,Layer-specific Park 2015 flattened export for MLCX1.
VMAT_IMRT,Motion bins,mlcx1_speed_average,MLCX1 Mean Leaf Speed (mm/s),MLCX1 Mean Leaf Speed (mm/s),"mean_leaf(mean_interval(speed)), restricted to MLCX1 leaf positions.",MLCX1-only Park 2015 derived motion statistic.,mm/s,MLCX1 motion traces only,implemented_flattened,Layer-specific Park 2015 flattened export for MLCX1.
VMAT_IMRT,Motion bins,mlcx1_acc_average,MLCX1 Mean Leaf Acceleration (mm/s^2),MLCX1 Mean Leaf Acceleration (mm/s^2),"mean_leaf(mean_interval(acceleration)), restricted to MLCX1 leaf positions.",MLCX1-only Park 2015 derived motion statistic.,mm/s^2,MLCX1 motion traces only,implemented_flattened,Layer-specific Park 2015 flattened export for MLCX1.
VMAT_IMRT,Motion bins,mlcx1_speed_std,MLCX1 Mean Leaf Speed SD (mm/s),MLCX1 Mean Leaf Speed SD (mm/s),"mean_leaf(std_interval(speed)), restricted to MLCX1 leaf positions.",MLCX1-only Park 2015 derived motion statistic.,mm/s,MLCX1 motion traces only,implemented_flattened,Layer-specific Park 2015 flattened export for MLCX1.
VMAT_IMRT,Motion bins,mlcx1_acc_std,MLCX1 Mean Leaf Acceleration SD (mm/s^2),MLCX1 Mean Leaf Acceleration SD (mm/s^2),"mean_leaf(std_interval(acceleration)), restricted to MLCX1 leaf positions.",MLCX1-only Park 2015 derived motion statistic.,mm/s^2,MLCX1 motion traces only,implemented_flattened,Layer-specific Park 2015 flattened export for MLCX1.
VMAT_IMRT,Motion bins,mlcx2_speed_0_4,MLCX2 Park Speed 0-4 mm/s,MLCX2 Park Speed 0-4 mm/s,"mean_leaf [ proportion(intervals with speed in 0-4 mm/s) ], restricted to MLCX2 leaf positions.",MLCX2-only Park 2015 derived motion statistic.,proportion,MLCX2 motion traces only,implemented_flattened,Layer-specific Park 2015 flattened export for MLCX2.
VMAT_IMRT,Motion bins,mlcx2_speed_4_8,MLCX2 Park Speed 4-8 mm/s,MLCX2 Park Speed 4-8 mm/s,"mean_leaf [ proportion(intervals with speed in 4-8 mm/s) ], restricted to MLCX2 leaf positions.",MLCX2-only Park 2015 derived motion statistic.,proportion,MLCX2 motion traces only,implemented_flattened,Layer-specific Park 2015 flattened export for MLCX2.
VMAT_IMRT,Motion bins,mlcx2_speed_8_12,MLCX2 Park Speed 8-12 mm/s,MLCX2 Park Speed 8-12 mm/s,"mean_leaf [ proportion(intervals with speed in 8-12 mm/s) ], restricted to MLCX2 leaf positions.",MLCX2-only Park 2015 derived motion statistic.,proportion,MLCX2 motion traces only,implemented_flattened,Layer-specific Park 2015 flattened export for MLCX2.
VMAT_IMRT,Motion bins,mlcx2_speed_12_16,MLCX2 Park Speed 12-16 mm/s,MLCX2 Park Speed 12-16 mm/s,"mean_leaf [ proportion(intervals with speed in 12-16 mm/s) ], restricted to MLCX2 leaf positions.",MLCX2-only Park 2015 derived motion statistic.,proportion,MLCX2 motion traces only,implemented_flattened,Layer-specific Park 2015 flattened export for MLCX2.
VMAT_IMRT,Motion bins,mlcx2_speed_16_20,MLCX2 Park Speed 16-20 mm/s,MLCX2 Park Speed 16-20 mm/s,"mean_leaf [ proportion(intervals with speed in 16-20 mm/s) ], restricted to MLCX2 leaf positions.",MLCX2-only Park 2015 derived motion statistic.,proportion,MLCX2 motion traces only,implemented_flattened,Layer-specific Park 2015 flattened export for MLCX2.
VMAT_IMRT,Motion bins,mlcx2_acc_0_40,MLCX2 Park Acceleration 0-40 mm/s^2,MLCX2 Park Acceleration 0-40 mm/s^2,"mean_leaf [ proportion(intervals with acceleration in 0-40 mm/s^2) ], restricted to MLCX2 leaf positions.",MLCX2-only Park 2015 derived motion statistic.,proportion,MLCX2 motion traces only,implemented_flattened,Layer-specific Park 2015 flattened export for MLCX2.
VMAT_IMRT,Motion bins,mlcx2_acc_40_80,MLCX2 Park Acceleration 40-80 mm/s^2,MLCX2 Park Acceleration 40-80 mm/s^2,"mean_leaf [ proportion(intervals with acceleration in 40-80 mm/s^2) ], restricted to MLCX2 leaf positions.",MLCX2-only Park 2015 derived motion statistic.,proportion,MLCX2 motion traces only,implemented_flattened,Layer-specific Park 2015 flattened export for MLCX2.
VMAT_IMRT,Motion bins,mlcx2_acc_80_120,MLCX2 Park Acceleration 80-120 mm/s^2,MLCX2 Park Acceleration 80-120 mm/s^2,"mean_leaf [ proportion(intervals with acceleration in 80-120 mm/s^2) ], restricted to MLCX2 leaf positions.",MLCX2-only Park 2015 derived motion statistic.,proportion,MLCX2 motion traces only,implemented_flattened,Layer-specific Park 2015 flattened export for MLCX2.
VMAT_IMRT,Motion bins,mlcx2_acc_120_160,MLCX2 Park Acceleration 120-160 mm/s^2,MLCX2 Park Acceleration 120-160 mm/s^2,"mean_leaf [ proportion(intervals with acceleration in 120-160 mm/s^2) ], restricted to MLCX2 leaf positions.",MLCX2-only Park 2015 derived motion statistic.,proportion,MLCX2 motion traces only,implemented_flattened,Layer-specific Park 2015 flattened export for MLCX2.
VMAT_IMRT,Motion bins,mlcx2_acc_160_200,MLCX2 Park Acceleration 160-200 mm/s^2,MLCX2 Park Acceleration 160-200 mm/s^2,"mean_leaf [ proportion(intervals with acceleration in 160-200 mm/s^2) ], restricted to MLCX2 leaf positions.",MLCX2-only Park 2015 derived motion statistic.,proportion,MLCX2 motion traces only,implemented_flattened,Layer-specific Park 2015 flattened export for MLCX2.
VMAT_IMRT,Motion bins,mlcx2_speed_average,MLCX2 Mean Leaf Speed (mm/s),MLCX2 Mean Leaf Speed (mm/s),"mean_leaf(mean_interval(speed)), restricted to MLCX2 leaf positions.",MLCX2-only Park 2015 derived motion statistic.,mm/s,MLCX2 motion traces only,implemented_flattened,Layer-specific Park 2015 flattened export for MLCX2.
VMAT_IMRT,Motion bins,mlcx2_acc_average,MLCX2 Mean Leaf Acceleration (mm/s^2),MLCX2 Mean Leaf Acceleration (mm/s^2),"mean_leaf(mean_interval(acceleration)), restricted to MLCX2 leaf positions.",MLCX2-only Park 2015 derived motion statistic.,mm/s^2,MLCX2 motion traces only,implemented_flattened,Layer-specific Park 2015 flattened export for MLCX2.
VMAT_IMRT,Motion bins,mlcx2_speed_std,MLCX2 Mean Leaf Speed SD (mm/s),MLCX2 Mean Leaf Speed SD (mm/s),"mean_leaf(std_interval(speed)), restricted to MLCX2 leaf positions.",MLCX2-only Park 2015 derived motion statistic.,mm/s,MLCX2 motion traces only,implemented_flattened,Layer-specific Park 2015 flattened export for MLCX2.
VMAT_IMRT,Motion bins,mlcx2_acc_std,MLCX2 Mean Leaf Acceleration SD (mm/s^2),MLCX2 Mean Leaf Acceleration SD (mm/s^2),"mean_leaf(std_interval(acceleration)), restricted to MLCX2 leaf positions.",MLCX2-only Park 2015 derived motion statistic.,mm/s^2,MLCX2 motion traces only,implemented_flattened,Layer-specific Park 2015 flattened export for MLCX2.
VMAT_IMRT,SPORT,sport,SPORT Modulation Index (Li and Xing 2013),SPORT,SPORT = weighted aggregate of station-wise MI(s) over the plan,"Station-wise SPORT modulation index MI(s) from Li and Xing, reported here as the framework's beam/plan aggregate summary.",dimensionless,"MLC leaf positions, jaw positions, gantry angle, and control-point meterset weights",implemented,
TOMO,Delivery,mf,MF,MF,MF = mean(non-zero LOT) / max(LOT),Ratio describing how strongly the sinogram is modulated overall.,dimensionless,"Sinogram metadata: projection time, projections per rotation, field width, pitch, couch travel, dose",implemented,Mathematical definition summarizes the current sinogram-based implementation.
TOMO,Delivery,nproj_rot,"N proj,rot","N proj,rot","N proj,rot = configured projections per rotation",Number of projections delivered in one full gantry rotation.,count,"Sinogram metadata: projection time, projections per rotation, field width, pitch, couch travel, dose",implemented,Mathematical definition summarizes the current sinogram-based implementation.
TOMO,Delivery,nproj,N proj,N proj,N proj = number of sinogram projections,Total number of projections in the plan.,count,"Sinogram metadata: projection time, projections per rotation, field width, pitch, couch travel, dose",implemented,Mathematical definition summarizes the current sinogram-based implementation.
TOMO,Delivery,nrot,N rot,N rot,"N rot = N proj / N proj,rot",Total number of gantry rotations in the plan.,count,"Sinogram metadata: projection time, projections per rotation, field width, pitch, couch travel, dose",implemented,Mathematical definition summarizes the current sinogram-based implementation.
TOMO,Delivery,projection_time_s,PT,PT,PT = projection time,Duration of each projection.,s,"Sinogram metadata: projection time, projections per rotation, field width, pitch, couch travel, dose",implemented,Mathematical definition summarizes the current sinogram-based implementation.
TOMO,Delivery,gantry_period_s,GP,GP,"GP = PT * N proj,rot",Time required for one full gantry rotation.,s,"Sinogram metadata: projection time, projections per rotation, field width, pitch, couch travel, dose",implemented,Mathematical definition summarizes the current sinogram-based implementation.
TOMO,Delivery,treatment_time_s,TT,TT,TT = PT * N proj,Total beam-on treatment time.,s,"Sinogram metadata: projection time, projections per rotation, field width, pitch, couch travel, dose",implemented,Mathematical definition summarizes the current sinogram-based implementation.
TOMO,Delivery,field_width_mm,FW,FW,FW = nominal tomotherapy field width,Nominal field width used for the plan.,mm,"Sinogram metadata: projection time, projections per rotation, field width, pitch, couch travel, dose",implemented,Mathematical definition summarizes the current sinogram-based implementation.
TOMO,Delivery,pitch,Pitch,Pitch,Pitch = couch advance per rotation / field width,Ratio between couch travel per rotation and field width.,dimensionless,"Sinogram metadata: projection time, projections per rotation, field width, pitch, couch travel, dose",implemented,Mathematical definition summarizes the current sinogram-based implementation.
TOMO,Delivery,couch_translation_mm,CT,CT,CT = total couch travel,Total couch translation during treatment.,mm,"Sinogram metadata: projection time, projections per rotation, field width, pitch, couch travel, dose",implemented,Mathematical definition summarizes the current sinogram-based implementation.
TOMO,Delivery,couch_speed_mm_s,CS,CS,CS = CT / TT,Average couch translation speed.,s,"Sinogram metadata: projection time, projections per rotation, field width, pitch, couch travel, dose",implemented,Mathematical definition summarizes the current sinogram-based implementation.
TOMO,Delivery,target_length_mm,TL,TL,TL = couch translation - field width,Estimated target length covered by the plan.,mm,"Sinogram metadata: projection time, projections per rotation, field width, pitch, couch travel, dose",implemented,Mathematical definition summarizes the current sinogram-based implementation.
TOMO,Delivery,ttdf_s_cgy,TTDF,TTDF,TTDF = TT / dose per fraction in cGy,Treatment time normalized by dose per fraction.,s/cGy,"Sinogram metadata: projection time, projections per rotation, field width, pitch, couch travel, dose",implemented,Mathematical definition summarizes the current sinogram-based implementation.
TOMO,Leaf open time,mlot,mLOT,mLOT,mLOT = mean(LOT),Mean leaf open time across all open leaves.,ms,"Sinogram matrix, non-zero leaf open times, and per-leaf open/closed topology",implemented,Mathematical definition summarizes the current sinogram-based implementation.
TOMO,Leaf open time,sdlot,sdLOT,sdLOT,sdLOT = std(LOT),Standard deviation of leaf open time.,ms,"Sinogram matrix, non-zero leaf open times, and per-leaf open/closed topology",implemented,Mathematical definition summarizes the current sinogram-based implementation.
TOMO,Leaf open time,mdlot,mdLOT,mdLOT,mdLOT = median(LOT),Median leaf open time.,ms,"Sinogram matrix, non-zero leaf open times, and per-leaf open/closed topology",implemented,Mathematical definition summarizes the current sinogram-based implementation.
TOMO,Leaf open time,molot,moLOT,moLOT,moLOT = mode(LOT),Most frequent leaf open time.,ms,"Sinogram matrix, non-zero leaf open times, and per-leaf open/closed topology",implemented,Mathematical definition summarizes the current sinogram-based implementation.
TOMO,Leaf open time,maxlot,maxLOT,maxLOT,maxLOT = max(LOT),Maximum leaf open time.,ms,"Sinogram matrix, non-zero leaf open times, and per-leaf open/closed topology",implemented,Mathematical definition summarizes the current sinogram-based implementation.
TOMO,Leaf open time,minlot,minLOT,minLOT,minLOT = min(non-zero LOT),Minimum non-zero leaf open time.,ms,"Sinogram matrix, non-zero leaf open times, and per-leaf open/closed topology",implemented,Mathematical definition summarizes the current sinogram-based implementation.
TOMO,Leaf open time,klot,kLOT,kLOT,kLOT = kurtosis(LOT),Kurtosis of the leaf open time distribution.,ms,"Sinogram matrix, non-zero leaf open times, and per-leaf open/closed topology",implemented,Mathematical definition summarizes the current sinogram-based implementation.
TOMO,Leaf open time,slot,sLOT,sLOT,sLOT = skewness(LOT),Skewness of the leaf open time distribution.,ms,"Sinogram matrix, non-zero leaf open times, and per-leaf open/closed topology",implemented,Mathematical definition summarizes the current sinogram-based implementation.
TOMO,Leaf open time,clns_10ms,CLNS10,CLNS10,CLNS10 = count(LOT < 10 ms) / count(non-zero LOT),Fraction of leaf open times shorter than 10 ms.,dimensionless,"Sinogram matrix, non-zero leaf open times, and per-leaf open/closed topology",implemented,Mathematical definition summarizes the current sinogram-based implementation.
TOMO,Leaf open time,clns_20ms,CLNS20,CLNS20,CLNS20 = count(LOT < 20 ms) / count(non-zero LOT),Fraction of leaf open times shorter than 20 ms.,dimensionless,"Sinogram matrix, non-zero leaf open times, and per-leaf open/closed topology",implemented,Mathematical definition summarizes the current sinogram-based implementation.
TOMO,Leaf open time,clns_30ms,CLNS30,CLNS30,CLNS30 = count(LOT < 30 ms) / count(non-zero LOT),Fraction of leaf open times shorter than 30 ms.,dimensionless,"Sinogram matrix, non-zero leaf open times, and per-leaf open/closed topology",implemented,Mathematical definition summarizes the current sinogram-based implementation.
TOMO,Leaf open time,clns_50ms,CLNS50,CLNS50,CLNS50 = count(LOT < 50 ms) / count(non-zero LOT),Fraction of leaf open times shorter than 50 ms.,dimensionless,"Sinogram matrix, non-zero leaf open times, and per-leaf open/closed topology",implemented,Mathematical definition summarizes the current sinogram-based implementation.
TOMO,Leaf open time,clns_pt_10ms,CLNSpt10,CLNSpt10,CLNSpt_10 = count(LOT < pt_10 ms) / count(non-zero LOT),Fraction of leaf open times within 10 ms of the projection time.,dimensionless,"Sinogram matrix, non-zero leaf open times, and per-leaf open/closed topology",implemented,Mathematical definition summarizes the current sinogram-based implementation.
TOMO,Leaf open time,clns_pt_20ms,CLNSpt20,CLNSpt20,CLNSpt_20 = count(LOT < pt_20 ms) / count(non-zero LOT),Fraction of leaf open times within 20 ms of the projection time.,dimensionless,"Sinogram matrix, non-zero leaf open times, and per-leaf open/closed topology",implemented,Mathematical definition summarizes the current sinogram-based implementation.
TOMO,Leaf open time,clns_pt_30ms,CLNSpt30,CLNSpt30,CLNSpt_30 = count(LOT < pt_30 ms) / count(non-zero LOT),Fraction of leaf open times within 30 ms of the projection time.,dimensionless,"Sinogram matrix, non-zero leaf open times, and per-leaf open/closed topology",implemented,Mathematical definition summarizes the current sinogram-based implementation.
TOMO,Leaf open time,clns_pt_50ms,CLNSpt50,CLNSpt50,CLNSpt_50 = count(LOT < pt_50 ms) / count(non-zero LOT),Fraction of leaf open times within 50 ms of the projection time.,dimensionless,"Sinogram matrix, non-zero leaf open times, and per-leaf open/closed topology",implemented,Mathematical definition summarizes the current sinogram-based implementation.
TOMO,Leaf open time,mflot,mFLOT,mFLOT,mFLOT = mean(FLOT),Mean fractional leaf open time.,dimensionless,"Sinogram matrix, non-zero leaf open times, and per-leaf open/closed topology",implemented,Mathematical definition summarizes the current sinogram-based implementation.
TOMO,Leaf open time,sdflot,sdFLOT,sdFLOT,sdFLOT = std(FLOT),Standard deviation of fractional leaf open time.,dimensionless,"Sinogram matrix, non-zero leaf open times, and per-leaf open/closed topology",implemented,Mathematical definition summarizes the current sinogram-based implementation.
TOMO,Leaf open time,mdflot,mdFLOT,mdFLOT,mdFLOT = median(FLOT),Median fractional leaf open time.,dimensionless,"Sinogram matrix, non-zero leaf open times, and per-leaf open/closed topology",implemented,Mathematical definition summarizes the current sinogram-based implementation.
TOMO,Leaf open time,moflot,moFLOT,moFLOT,moFLOT = mode(FLOT),Most frequent fractional leaf open time.,dimensionless,"Sinogram matrix, non-zero leaf open times, and per-leaf open/closed topology",implemented,Mathematical definition summarizes the current sinogram-based implementation.
TOMO,Leaf open time,maxflot,maxFLOT,maxFLOT,maxFLOT = max(FLOT),Maximum fractional leaf open time.,dimensionless,"Sinogram matrix, non-zero leaf open times, and per-leaf open/closed topology",implemented,Mathematical definition summarizes the current sinogram-based implementation.
TOMO,Leaf open time,minflot,minFLOT,minFLOT,minFLOT = min(non-zero FLOT),Minimum non-zero fractional leaf open time.,dimensionless,"Sinogram matrix, non-zero leaf open times, and per-leaf open/closed topology",implemented,Mathematical definition summarizes the current sinogram-based implementation.
TOMO,Leaf open time,cfns_0_1,CFNS0.1,CFNS0.1,CFNS0.1 = count(FLOT < 0.1) / count(non-zero FLOT),Fraction of fractional leaf open times below 0.1.,dimensionless,"Sinogram matrix, non-zero leaf open times, and per-leaf open/closed topology",implemented,Mathematical definition summarizes the current sinogram-based implementation.
TOMO,Leaf open time,cfns_0_25,CFNS0.25,CFNS0.25,CFNS0.25 = count(FLOT < 0.25) / count(non-zero FLOT),Fraction of fractional leaf open times below 0.25.,dimensionless,"Sinogram matrix, non-zero leaf open times, and per-leaf open/closed topology",implemented,Mathematical definition summarizes the current sinogram-based implementation.
TOMO,Leaf open time,cfns_0_5,CFNS0.5,CFNS0.5,CFNS0.5 = count(FLOT < 0.5) / count(non-zero FLOT),Fraction of fractional leaf open times below 0.5.,dimensionless,"Sinogram matrix, non-zero leaf open times, and per-leaf open/closed topology",implemented,Mathematical definition summarizes the current sinogram-based implementation.
TOMO,Leaf open time,cfns_0_75,CFNS0.75,CFNS0.75,CFNS0.75 = count(FLOT < 0.75) / count(non-zero FLOT),Fraction of fractional leaf open times below 0.75.,dimensionless,"Sinogram matrix, non-zero leaf open times, and per-leaf open/closed topology",implemented,Mathematical definition summarizes the current sinogram-based implementation.
TOMO,Sinogram geometry,ta,TA,TA,TA = mean projection treatment width across the sinogram,Average width of the treated sinogram area per projection.,mm,"Sinogram matrix, non-zero leaf open times, and per-leaf open/closed topology",implemented,Mathematical definition summarizes the current sinogram-based implementation.
TOMO,Sinogram geometry,ncc,nCC,nCC,nCC = mean number of connected open components per projection,Average number of disconnected open components per projection.,count,"Sinogram matrix, non-zero leaf open times, and per-leaf open/closed topology",implemented,Mathematical definition summarizes the current sinogram-based implementation.
TOMO,Sinogram geometry,lengthcc,lengthCC,lengthCC,lengthCC = mean connected-component length in the sinogram,Average length of connected open sinogram components.,mm,"Sinogram matrix, non-zero leaf open times, and per-leaf open/closed topology",implemented,Mathematical definition summarizes the current sinogram-based implementation.
TOMO,Sinogram geometry,fdisc,fDISC,fDISC,fDISC = fraction(projections with more than one connected component),Fraction of projections with discontinuous open regions.,dimensionless,"Sinogram matrix, non-zero leaf open times, and per-leaf open/closed topology",implemented,Mathematical definition summarizes the current sinogram-based implementation.
TOMO,Sinogram geometry,cls,CLS,CLS,CLS = mean[(N_leaves - open leaves) / N_leaves] over projections,Fraction of leaves that remain closed across the full sinogram width.,dimensionless,"Sinogram matrix, non-zero leaf open times, and per-leaf open/closed topology",implemented,Mathematical definition summarizes the current sinogram-based implementation.
TOMO,Sinogram geometry,clsin,CLSin,CLSin,CLSin = mean(closed leaves inside the treatment area),Closed leaf score within the treatment area.,dimensionless,"Sinogram matrix, non-zero leaf open times, and per-leaf open/closed topology",implemented,Mathematical definition summarizes the current sinogram-based implementation.
TOMO,Sinogram geometry,clsinarea,CLSinarea,CLSinarea,CLSinarea = mean(closed leaves inside the treatment area / treatment area),"Closed leaf score within the treatment area, normalized by area.",dimensionless,"Sinogram matrix, non-zero leaf open times, and per-leaf open/closed topology",implemented,Mathematical definition summarizes the current sinogram-based implementation.
TOMO,Sinogram geometry,clsindisc,CLSindisc,CLSindisc,CLSindisc = CLSin restricted to discontinuous projections,Closed leaf score within discontinuous treatment projections.,dimensionless,"Sinogram matrix, non-zero leaf open times, and per-leaf open/closed topology",implemented,Mathematical definition summarizes the current sinogram-based implementation.
TOMO,Sinogram geometry,clsinareadisc,CLSinareadisc,CLSinareadisc,CLSinareadisc = area-normalized CLSin restricted to discontinuous projections,Area-normalized closed leaf score for discontinuous projections.,dimensionless,"Sinogram matrix, non-zero leaf open times, and per-leaf open/closed topology",implemented,Mathematical definition summarizes the current sinogram-based implementation.
TOMO,Sinogram geometry,centroid,Centroid,Centroid,Centroid = mean lateral centroid of open leaves over projections,Average lateral position of the open sinogram barycenter.,mm,"Sinogram matrix, non-zero leaf open times, and per-leaf open/closed topology",implemented,Mathematical definition summarizes the current sinogram-based implementation.
TOMO,Sinogram geometry,l0ns,L0NS,L0NS,L0NS = mean fraction of open leaves with 0 open nearest neighbors,Fraction of open leaves with no open nearest neighbors.,count,"Sinogram matrix, non-zero leaf open times, and per-leaf open/closed topology",implemented,Mathematical definition summarizes the current sinogram-based implementation.
TOMO,Sinogram geometry,l1ns,L1NS,L1NS,L1NS = mean fraction of open leaves with 1 open nearest neighbor,Fraction of open leaves with one open nearest neighbor.,count,"Sinogram matrix, non-zero leaf open times, and per-leaf open/closed topology",implemented,Mathematical definition summarizes the current sinogram-based implementation.
TOMO,Sinogram geometry,l2ns,L2NS,L2NS,L2NS = mean fraction of open leaves with 2 open nearest neighbors,Fraction of open leaves with two open nearest neighbors.,count,"Sinogram matrix, non-zero leaf open times, and per-leaf open/closed topology",implemented,Mathematical definition summarizes the current sinogram-based implementation.
TOMO,Leaf open time,lotv,LOTV,LOTV,LOTV = mean over leaves of [ sum(max(LOT) - abs(delta LOT)) / ((N_proj - 1) * max(LOT)) ],Variability of leaf open time across consecutive projections.,ms,"Sinogram matrix, non-zero leaf open times, and per-leaf open/closed topology",implemented,Mathematical definition summarizes the current sinogram-based implementation.
TOMO,Leaf open time,elotv_1,ELOTV-1,ELOTV-1,ELOTV-1 = mean normalized abs(LOT_i - LOT_{i+1}) over leaves,Extended leaf open time variability using a one-projection offset.,ms,"Sinogram matrix, non-zero leaf open times, and per-leaf open/closed topology",implemented,Mathematical definition summarizes the current sinogram-based implementation.
TOMO,Leaf open time,elotv_5,ELOTV-5,ELOTV-5,ELOTV-5 = mean normalized abs(LOT_i - LOT_{i+5}) over leaves,Extended leaf open time variability using a five-projection offset.,ms,"Sinogram matrix, non-zero leaf open times, and per-leaf open/closed topology",implemented,Mathematical definition summarizes the current sinogram-based implementation.
TOMO,Sinogram modulation,pstv,PSTV,PSTV,PSTV = EPSTV with delta projection = 1 and delta leaf = 1,Plan sinogram time variability across neighboring projections and leaves.,dimensionless,"Sinogram matrix, non-zero leaf open times, and per-leaf open/closed topology",implemented,Mathematical definition summarizes the current sinogram-based implementation.
TOMO,Sinogram modulation,epstv_1_1,"EPSTV-1,1","EPSTV-1,1","EPSTV-1,1 = mean of abs(delta projection) + abs(delta leaf) sinogram differences for offsets (1,1)",Extended plan sinogram time variability using one-step projection and leaf offsets.,dimensionless,"Sinogram matrix, non-zero leaf open times, and per-leaf open/closed topology",implemented,Mathematical definition summarizes the current sinogram-based implementation.
TOMO,Sinogram modulation,epstv_1_0,"EPSTV-1,0","EPSTV-1,0","EPSTV-1,0 = mean sinogram difference for projection offset 1 and leaf offset 0",Extended plan sinogram time variability using only a projection offset.,dimensionless,"Sinogram matrix, non-zero leaf open times, and per-leaf open/closed topology",implemented,Mathematical definition summarizes the current sinogram-based implementation.
TOMO,Sinogram modulation,epstv_0_1,"EPSTV-0,1","EPSTV-0,1","EPSTV-0,1 = mean sinogram difference for projection offset 0 and leaf offset 1",Extended plan sinogram time variability using only a leaf offset.,dimensionless,"Sinogram matrix, non-zero leaf open times, and per-leaf open/closed topology",implemented,Mathematical definition summarizes the current sinogram-based implementation.
TOMO,Sinogram modulation,mi,MI,MI,MI = trapezoidal integral over threshold factor f of the mean fraction of directional sinogram differences exceeding f * sd(FLOT),Overall modulation index of the tomotherapy sinogram.,dimensionless,"Sinogram matrix, non-zero leaf open times, and per-leaf open/closed topology",implemented,Mathematical definition summarizes the current sinogram-based implementation.
TOMO,Sinogram modulation,noc,nOC,nOC,nOC = mean per leaf of [2 * merged open intervals / N_proj],Average number of leaf openings and closures per leaf.,count,"Sinogram matrix, non-zero leaf open times, and per-leaf open/closed topology",implemented,Mathematical definition summarizes the current sinogram-based implementation.
TOMO,Sinogram modulation,msa,mSA,mSA,mSA = sum(position * mean leaf opening) / sum(mean leaf opening),Mean left-right asymmetry of the sinogram.,dimensionless,"Sinogram matrix, non-zero leaf open times, and per-leaf open/closed topology",implemented,Mathematical definition summarizes the current sinogram-based implementation.
TOMO,Sinogram modulation,msi,mSI,mSI,mSI = mean leaf-open intensity over leaves,Mean sinogram intensity.,dimensionless,"Sinogram matrix, non-zero leaf open times, and per-leaf open/closed topology",implemented,Mathematical definition summarizes the current sinogram-based implementation.
TOMO,Sinogram modulation,mdsi,mdSI,mdSI,mdSI = median leaf-open intensity over leaves,Median sinogram intensity.,dimensionless,"Sinogram matrix, non-zero leaf open times, and per-leaf open/closed topology",implemented,Mathematical definition summarizes the current sinogram-based implementation.
TOMO,Sinogram modulation,sdsi,sdSI,sdSI,sdSI = std leaf-open intensity over leaves,Standard deviation of sinogram intensity.,dimensionless,"Sinogram matrix, non-zero leaf open times, and per-leaf open/closed topology",implemented,Mathematical definition summarizes the current sinogram-based implementation.
CYBERKNIFE_MLC,MLC-based subset,mcs,MCS (CyberKnife MLC),MCS,MCS = sum_segments[(MU_segment / MU_plan) * AAV_segment * LSV_segment],Overall modulation complexity of the delivered CyberKnife MLC apertures.,dimensionless,"CyberKnife MLC segment apertures, segment MU, and interval grouping from beam-path XML",implemented,Implements the paper-limited six-metric MLC subset only.
CYBERKNIFE_MLC,MLC-based subset,em,EM,EM,EM = sum_segments[(MU_segment / MU_plan) * aperture edge metric],Relative amount of aperture edge compared with open field area.,dimensionless,"CyberKnife MLC segment apertures, segment MU, and interval grouping from beam-path XML",implemented,Implements the paper-limited six-metric MLC subset only.
CYBERKNIFE_MLC,MLC-based subset,pi,PI,PI,PI = sum_segments[(MU_segment / MU_plan) * aperture irregularity],Irregularity of the CyberKnife MLC aperture shape.,dimensionless,"CyberKnife MLC segment apertures, segment MU, and interval grouping from beam-path XML",implemented,Implements the paper-limited six-metric MLC subset only.
CYBERKNIFE_MLC,MLC-based subset,pm,PM,PM,PM = sum_intervals[(MU_interval / MU_plan) * (1 - weighted beam area / (MU_interval * union area_interval))],Variation in aperture opening between successive segments.,dimensionless,"CyberKnife MLC segment apertures, segment MU, and interval grouping from beam-path XML",implemented,Implements the paper-limited six-metric MLC subset only.
CYBERKNIFE_MLC,MLC-based subset,lg,LG (Mean Leaf Gap),LG,LG = sum_segments[(MU_segment / MU_plan) * mean opposing leaf gap_segment],Average gap between opposing CyberKnife MLC leaves.,mm,"CyberKnife MLC segment apertures, segment MU, and interval grouping from beam-path XML",implemented,Implements the paper-limited six-metric MLC subset only.
CYBERKNIFE_MLC,MLC-based subset,sas10,SAS10 (CyberKnife),SAS10,SAS10 = count(open leaf gaps < 10 mm) / count(all open leaf gaps),Fraction of CyberKnife MLC gaps smaller than 10 mm.,dimensionless,"CyberKnife MLC segment apertures, segment MU, and interval grouping from beam-path XML",implemented,Implements the paper-limited six-metric MLC subset only.
AURORA,V2 paper-style physics,longitudinal_travel_mm,longitudinal_travel_mm,longitudinal_travel_mm,sum_i abs(delta z_i),Total absolute longitudinal travel reconstructed from adjacent control-point isocenter z positions.,mm,"Aurora RTPLAN control points: gantry angle, isocenter z, cumulative meterset weight, MLCX1 and MLCX2",implemented,Standalone Aurora SVMAT Lab metric.
AURORA,V2 paper-style physics,total_rotation_deg,total_rotation_deg,total_rotation_deg,sum_i abs(delta theta_i),Total absolute gantry rotation reconstructed from the observed angle sequence rather than declared direction tags.,deg,"Aurora RTPLAN control points: gantry angle, isocenter z, cumulative meterset weight, MLCX1 and MLCX2",implemented,Standalone Aurora SVMAT Lab metric.
AURORA,V2 paper-style physics,rotations,rotations,rotations,total rotation / 360,Total gantry rotation expressed in full 360-degree turns.,turns,"Aurora RTPLAN control points: gantry angle, isocenter z, cumulative meterset weight, MLCX1 and MLCX2",implemented,Standalone Aurora SVMAT Lab metric.
AURORA,V2 paper-style physics,travel_per_rotation_mm,travel_per_rotation_mm,travel_per_rotation_mm,longitudinal travel / rotations,"Average longitudinal travel per gantry rotation, derived from total travel and total rotation.",mm/rotation,"Aurora RTPLAN control points: gantry angle, isocenter z, cumulative meterset weight, MLCX1 and MLCX2",implemented,Standalone Aurora SVMAT Lab metric.
AURORA,V2 paper-style physics,projection_pitch_mean,projection_pitch_mean,projection_pitch_mean,mean_i(abs(delta z_i) / abs(delta theta_i)),"Mean projection pitch, defined as the mean of |delta z| / |delta theta| over valid adjacent control-point intervals.",mm/deg,"Aurora RTPLAN control points: gantry angle, isocenter z, cumulative meterset weight, MLCX1 and MLCX2",implemented,Standalone Aurora SVMAT Lab metric.
AURORA,V2 paper-style physics,projection_pitch_cv,projection_pitch_cv,projection_pitch_cv,std(projection pitch_i) / mean(projection pitch_i),Coefficient of variation of projection pitch. Lower values mean steadier theta-z coupling.,dimensionless,"Aurora RTPLAN control points: gantry angle, isocenter z, cumulative meterset weight, MLCX1 and MLCX2",implemented,Standalone Aurora SVMAT Lab metric.
AURORA,V2 paper-style physics,projection_mu_density_mean_proxy,projection_mu_density_mean_proxy,projection_mu_density_mean_proxy,mean_i(abs(delta w_i) / abs(delta z_i)),"Mean projection MU-density proxy, using cumulative meterset-weight change per millimeter of longitudinal travel.",weight/mm,"Aurora RTPLAN control points: gantry angle, isocenter z, cumulative meterset weight, MLCX1 and MLCX2",implemented,Standalone Aurora SVMAT Lab metric.
AURORA,V2 paper-style physics,projection_mu_density_cv_proxy,projection_mu_density_cv_proxy,projection_mu_density_cv_proxy,std(abs(delta w_i) / abs(delta z_i)) / mean(abs(delta w_i) / abs(delta z_i)),Coefficient of variation of the projection MU-density proxy across adjacent control-point intervals.,dimensionless,"Aurora RTPLAN control points: gantry angle, isocenter z, cumulative meterset weight, MLCX1 and MLCX2",implemented,Standalone Aurora SVMAT Lab metric.
AURORA,V2 paper-style physics,projection_aperture_change_mean,projection_aperture_change_mean,projection_aperture_change_mean,mean_i(abs(delta A_i) / abs(delta z_i)),"Mean projection aperture-change rate, defined as absolute aperture-width change per millimeter of longitudinal travel.",mm/mm,"Aurora RTPLAN control points: gantry angle, isocenter z, cumulative meterset weight, MLCX1 and MLCX2",implemented,Standalone Aurora SVMAT Lab metric.
AURORA,V2 paper-style physics,projection_aperture_change_cv,projection_aperture_change_cv,projection_aperture_change_cv,std(abs(delta A_i) / abs(delta z_i)) / mean(abs(delta A_i) / abs(delta z_i)),Coefficient of variation of the projection aperture-change rate.,dimensionless,"Aurora RTPLAN control points: gantry angle, isocenter z, cumulative meterset weight, MLCX1 and MLCX2",implemented,Standalone Aurora SVMAT Lab metric.
AURORA,V2 paper-style physics,projection_leaf_travel_mean,projection_leaf_travel_mean,projection_leaf_travel_mean,"mean_i(delta L_i / abs(delta z_i)), with delta L_i summed across both MLC layers","Mean projection leaf-travel rate, defined as summed leaf travel per millimeter of longitudinal travel.",mm/mm,"Aurora RTPLAN control points: gantry angle, isocenter z, cumulative meterset weight, MLCX1 and MLCX2",implemented,Standalone Aurora SVMAT Lab metric.
AURORA,V2 paper-style physics,projection_leaf_travel_cv,projection_leaf_travel_cv,projection_leaf_travel_cv,std(delta L_i / abs(delta z_i)) / mean(delta L_i / abs(delta z_i)),Coefficient of variation of the projection leaf-travel rate.,dimensionless,"Aurora RTPLAN control points: gantry angle, isocenter z, cumulative meterset weight, MLCX1 and MLCX2",implemented,Standalone Aurora SVMAT Lab metric.
AURORA,V2 paper-style physics,projection_leaf_travel_mean_mlcx1,projection_leaf_travel_mean_mlcx1,projection_leaf_travel_mean_mlcx1,mean_i(delta L_i_MLCX1 / abs(delta z_i)),"Mean projection leaf-travel rate for the MLCX1 layer only, normalized by longitudinal travel.",mm/mm,"Aurora RTPLAN control points: gantry angle, isocenter z, cumulative meterset weight, MLCX1 and MLCX2",implemented,Standalone Aurora SVMAT Lab metric.
AURORA,V2 paper-style physics,projection_leaf_travel_cv_mlcx1,projection_leaf_travel_cv_mlcx1,projection_leaf_travel_cv_mlcx1,std(delta L_i_MLCX1 / abs(delta z_i)) / mean(delta L_i_MLCX1 / abs(delta z_i)),Coefficient of variation of the MLCX1 projection leaf-travel rate.,dimensionless,"Aurora RTPLAN control points: gantry angle, isocenter z, cumulative meterset weight, MLCX1 and MLCX2",implemented,Standalone Aurora SVMAT Lab metric.
AURORA,V2 paper-style physics,projection_leaf_travel_mean_mlcx2,projection_leaf_travel_mean_mlcx2,projection_leaf_travel_mean_mlcx2,mean_i(delta L_i_MLCX2 / abs(delta z_i)),"Mean projection leaf-travel rate for the MLCX2 layer only, normalized by longitudinal travel.",mm/mm,"Aurora RTPLAN control points: gantry angle, isocenter z, cumulative meterset weight, MLCX1 and MLCX2",implemented,Standalone Aurora SVMAT Lab metric.
AURORA,V2 paper-style physics,projection_leaf_travel_cv_mlcx2,projection_leaf_travel_cv_mlcx2,projection_leaf_travel_cv_mlcx2,std(delta L_i_MLCX2 / abs(delta z_i)) / mean(delta L_i_MLCX2 / abs(delta z_i)),Coefficient of variation of the MLCX2 projection leaf-travel rate.,dimensionless,"Aurora RTPLAN control points: gantry angle, isocenter z, cumulative meterset weight, MLCX1 and MLCX2",implemented,Standalone Aurora SVMAT Lab metric.
AURORA,V2 paper-style physics,theta_z_coupling_cv,theta_z_coupling_cv,theta_z_coupling_cv,projection_pitch_cv,"Theta-z coupling variability, reported here as the same projection-pitch coefficient of variation.",dimensionless,"Aurora RTPLAN control points: gantry angle, isocenter z, cumulative meterset weight, MLCX1 and MLCX2",implemented,Standalone Aurora SVMAT Lab metric.
AURORA,V2 paper-style physics,mu_z_coupling_cv_proxy,mu_z_coupling_cv_proxy,mu_z_coupling_cv_proxy,projection_mu_density_cv_proxy,"MU-z coupling variability proxy, reported as the coefficient of variation of meterset-weight density over longitudinal travel.",dimensionless,"Aurora RTPLAN control points: gantry angle, isocenter z, cumulative meterset weight, MLCX1 and MLCX2",implemented,Standalone Aurora SVMAT Lab metric.
AURORA,V2 paper-style physics,mlc_z_coupling_cv,mlc_z_coupling_cv,mlc_z_coupling_cv,projection_leaf_travel_cv,"MLC-z coupling variability, reported here as the coefficient of variation of the projection leaf-travel rate.",dimensionless,"Aurora RTPLAN control points: gantry angle, isocenter z, cumulative meterset weight, MLCX1 and MLCX2",implemented,Standalone Aurora SVMAT Lab metric.
AURORA,V2 paper-style physics,mlcx1_z_coupling_cv,mlcx1_z_coupling_cv,mlcx1_z_coupling_cv,projection_leaf_travel_cv_mlcx1,"MLCX1-z coupling variability, reported as the coefficient of variation of the MLCX1 projection leaf-travel rate.",dimensionless,"Aurora RTPLAN control points: gantry angle, isocenter z, cumulative meterset weight, MLCX1 and MLCX2",implemented,Standalone Aurora SVMAT Lab metric.
AURORA,V2 paper-style physics,mlcx2_z_coupling_cv,mlcx2_z_coupling_cv,mlcx2_z_coupling_cv,projection_leaf_travel_cv_mlcx2,"MLCX2-z coupling variability, reported as the coefficient of variation of the MLCX2 projection leaf-travel rate.",dimensionless,"Aurora RTPLAN control points: gantry angle, isocenter z, cumulative meterset weight, MLCX1 and MLCX2",implemented,Standalone Aurora SVMAT Lab metric.
AURORA,V3 bidirectional symmetry,reversal_symmetry_index,reversal_symmetry_index,reversal_symmetry_index,mean over selected burden families of [1 - abs(forward_mean - backward_mean) / (abs(forward_mean) + abs(backward_mean))],Symmetry score comparing forward and backward beam groups across matched modulation summaries. Higher values mean more balanced bidirectional modulation.,dimensionless,"Aurora RTPLAN control points: gantry angle, isocenter z, cumulative meterset weight, MLCX1 and MLCX2",implemented,Standalone Aurora SVMAT Lab metric.
AURORA,V3 bidirectional symmetry,forward_backward_metric_difference,forward_backward_metric_difference,forward_backward_metric_difference,abs(mean_forward(coupled_modulation_index) - mean_backward(coupled_modulation_index)),Absolute difference in average modulation burden between forward-moving and backward-moving beam groups.,dimensionless,"Aurora RTPLAN control points: gantry angle, isocenter z, cumulative meterset weight, MLCX1 and MLCX2",implemented,Standalone Aurora SVMAT Lab metric.
AURORA,V3 bidirectional symmetry,beam_pair_balance_index,beam_pair_balance_index,beam_pair_balance_index,1 - abs(sum_forward(coupled_modulation_index) - sum_backward(coupled_modulation_index)) / (sum_forward + sum_backward),Balance score comparing the total modulation burden assigned to forward and backward beam groups.,dimensionless,"Aurora RTPLAN control points: gantry angle, isocenter z, cumulative meterset weight, MLCX1 and MLCX2",implemented,Standalone Aurora SVMAT Lab metric.
AURORA,V3 small-opening burden,small_opening_fraction,small_opening_fraction,small_opening_fraction,weighted count(gap < 10 mm and gap > 0) / weighted count(gap > 0),Weighted fraction of effective openings smaller than 10 mm.,dimensionless,"Aurora RTPLAN control points: gantry angle, isocenter z, cumulative meterset weight, MLCX1 and MLCX2",implemented,Standalone Aurora SVMAT Lab metric.
AURORA,V3 small-opening burden,near_closed_fraction,near_closed_fraction,near_closed_fraction,weighted count(gap < 2 mm and gap > 0) / weighted count(gap > 0),Weighted fraction of effective openings smaller than 2 mm.,dimensionless,"Aurora RTPLAN control points: gantry angle, isocenter z, cumulative meterset weight, MLCX1 and MLCX2",implemented,Standalone Aurora SVMAT Lab metric.
AURORA,V3 small-opening burden,effective_small_gap_burden,effective_small_gap_burden,effective_small_gap_burden,"weighted mean of max(0, 1 - gap / 10 mm) over open effective gaps","Weighted severity score for narrow effective openings, with smaller openings contributing more burden.",dimensionless,"Aurora RTPLAN control points: gantry angle, isocenter z, cumulative meterset weight, MLCX1 and MLCX2",implemented,Standalone Aurora SVMAT Lab metric.
AURORA,V3 local interval peaks,projection_pitch_p95,projection_pitch_p95,projection_pitch_p95,nearest-rank 95th percentile of projection_pitch_i,"95th percentile of projection pitch, using the nearest-rank interval summary.",mm/deg,"Aurora RTPLAN control points: gantry angle, isocenter z, cumulative meterset weight, MLCX1 and MLCX2",implemented,Standalone Aurora SVMAT Lab metric.
AURORA,V3 local interval peaks,projection_pitch_max,projection_pitch_max,projection_pitch_max,max(projection_pitch_i),Maximum projection pitch observed across adjacent control-point intervals.,mm/deg,"Aurora RTPLAN control points: gantry angle, isocenter z, cumulative meterset weight, MLCX1 and MLCX2",implemented,Standalone Aurora SVMAT Lab metric.
AURORA,V3 local interval peaks,projection_pitch_top3_mean,projection_pitch_top3_mean,projection_pitch_top3_mean,mean of the three largest projection_pitch_i values,"Mean of the three largest projection-pitch intervals, or all intervals if fewer than three exist.",mm/deg,"Aurora RTPLAN control points: gantry angle, isocenter z, cumulative meterset weight, MLCX1 and MLCX2",implemented,Standalone Aurora SVMAT Lab metric.
AURORA,V3 local interval peaks,projection_mu_density_p95_proxy,projection_mu_density_p95_proxy,projection_mu_density_p95_proxy,nearest-rank 95th percentile of projection_mu_density_proxy_i,"95th percentile of the projection MU-density proxy, using cumulative meterset-weight change per millimeter.",weight/mm,"Aurora RTPLAN control points: gantry angle, isocenter z, cumulative meterset weight, MLCX1 and MLCX2",implemented,Standalone Aurora SVMAT Lab metric.
AURORA,V3 local interval peaks,projection_mu_density_max_proxy,projection_mu_density_max_proxy,projection_mu_density_max_proxy,max(projection_mu_density_proxy_i),Maximum projection MU-density proxy observed across adjacent control-point intervals.,weight/mm,"Aurora RTPLAN control points: gantry angle, isocenter z, cumulative meterset weight, MLCX1 and MLCX2",implemented,Standalone Aurora SVMAT Lab metric.
AURORA,V3 local interval peaks,projection_mu_density_top3_mean_proxy,projection_mu_density_top3_mean_proxy,projection_mu_density_top3_mean_proxy,mean of the three largest projection_mu_density_proxy_i values,Mean of the three largest projection MU-density proxy values.,weight/mm,"Aurora RTPLAN control points: gantry angle, isocenter z, cumulative meterset weight, MLCX1 and MLCX2",implemented,Standalone Aurora SVMAT Lab metric.
AURORA,V3 local interval peaks,projection_aperture_change_p95,projection_aperture_change_p95,projection_aperture_change_p95,nearest-rank 95th percentile of projection_aperture_change_i,95th percentile of the projection aperture-change rate.,mm/mm,"Aurora RTPLAN control points: gantry angle, isocenter z, cumulative meterset weight, MLCX1 and MLCX2",implemented,Standalone Aurora SVMAT Lab metric.
AURORA,V3 local interval peaks,projection_aperture_change_max,projection_aperture_change_max,projection_aperture_change_max,max(projection_aperture_change_i),Maximum projection aperture-change rate observed across adjacent control-point intervals.,mm/mm,"Aurora RTPLAN control points: gantry angle, isocenter z, cumulative meterset weight, MLCX1 and MLCX2",implemented,Standalone Aurora SVMAT Lab metric.
AURORA,V3 local interval peaks,projection_aperture_change_top3_mean,projection_aperture_change_top3_mean,projection_aperture_change_top3_mean,mean of the three largest projection_aperture_change_i values,Mean of the three largest projection aperture-change rates.,mm/mm,"Aurora RTPLAN control points: gantry angle, isocenter z, cumulative meterset weight, MLCX1 and MLCX2",implemented,Standalone Aurora SVMAT Lab metric.
AURORA,V3 local interval peaks,projection_leaf_travel_p95,projection_leaf_travel_p95,projection_leaf_travel_p95,nearest-rank 95th percentile of projection_leaf_travel_i,95th percentile of the projection leaf-travel rate across both layers.,mm/mm,"Aurora RTPLAN control points: gantry angle, isocenter z, cumulative meterset weight, MLCX1 and MLCX2",implemented,Standalone Aurora SVMAT Lab metric.
AURORA,V3 local interval peaks,projection_leaf_travel_max,projection_leaf_travel_max,projection_leaf_travel_max,max(projection_leaf_travel_i),Maximum projection leaf-travel rate across both layers.,mm/mm,"Aurora RTPLAN control points: gantry angle, isocenter z, cumulative meterset weight, MLCX1 and MLCX2",implemented,Standalone Aurora SVMAT Lab metric.
AURORA,V3 local interval peaks,projection_leaf_travel_top3_mean,projection_leaf_travel_top3_mean,projection_leaf_travel_top3_mean,mean of the three largest projection_leaf_travel_i values,Mean of the three largest projection leaf-travel rates across both layers.,mm/mm,"Aurora RTPLAN control points: gantry angle, isocenter z, cumulative meterset weight, MLCX1 and MLCX2",implemented,Standalone Aurora SVMAT Lab metric.
AURORA,V3 axial regions,head_mu_density_mean_proxy,head_mu_density_mean_proxy,head_mu_density_mean_proxy,mean(projection_mu_density_proxy_i) over head-third intervals,Mean projection MU-density proxy inside the head longitudinal third of the covered z-range.,weight/mm,"Aurora RTPLAN control points: gantry angle, isocenter z, cumulative meterset weight, MLCX1 and MLCX2",implemented,Standalone Aurora SVMAT Lab metric.
AURORA,V3 axial regions,head_mu_density_cv_proxy,head_mu_density_cv_proxy,head_mu_density_cv_proxy,CV(projection_mu_density_proxy_i) over head-third intervals,Coefficient of variation of the projection MU-density proxy inside the head longitudinal third.,dimensionless,"Aurora RTPLAN control points: gantry angle, isocenter z, cumulative meterset weight, MLCX1 and MLCX2",implemented,Standalone Aurora SVMAT Lab metric.
AURORA,V3 axial regions,head_aperture_change_mean,head_aperture_change_mean,head_aperture_change_mean,mean(projection_aperture_change_i) over head-third intervals,Mean projection aperture-change rate inside the head longitudinal third of the covered z-range.,mm/mm,"Aurora RTPLAN control points: gantry angle, isocenter z, cumulative meterset weight, MLCX1 and MLCX2",implemented,Standalone Aurora SVMAT Lab metric.
AURORA,V3 axial regions,head_aperture_change_cv,head_aperture_change_cv,head_aperture_change_cv,CV(projection_aperture_change_i) over head-third intervals,Coefficient of variation of the projection aperture-change rate inside the head longitudinal third.,dimensionless,"Aurora RTPLAN control points: gantry angle, isocenter z, cumulative meterset weight, MLCX1 and MLCX2",implemented,Standalone Aurora SVMAT Lab metric.
AURORA,V3 axial regions,head_leaf_travel_mean,head_leaf_travel_mean,head_leaf_travel_mean,mean(projection_leaf_travel_i) over head-third intervals,Mean projection leaf-travel rate inside the head longitudinal third of the covered z-range.,mm/mm,"Aurora RTPLAN control points: gantry angle, isocenter z, cumulative meterset weight, MLCX1 and MLCX2",implemented,Standalone Aurora SVMAT Lab metric.
AURORA,V3 axial regions,head_leaf_travel_cv,head_leaf_travel_cv,head_leaf_travel_cv,CV(projection_leaf_travel_i) over head-third intervals,Coefficient of variation of the projection leaf-travel rate inside the head longitudinal third.,dimensionless,"Aurora RTPLAN control points: gantry angle, isocenter z, cumulative meterset weight, MLCX1 and MLCX2",implemented,Standalone Aurora SVMAT Lab metric.
AURORA,V3 axial regions,mid_mu_density_mean_proxy,mid_mu_density_mean_proxy,mid_mu_density_mean_proxy,mean(projection_mu_density_proxy_i) over mid-third intervals,Mean projection MU-density proxy inside the mid longitudinal third of the covered z-range.,weight/mm,"Aurora RTPLAN control points: gantry angle, isocenter z, cumulative meterset weight, MLCX1 and MLCX2",implemented,Standalone Aurora SVMAT Lab metric.
AURORA,V3 axial regions,mid_mu_density_cv_proxy,mid_mu_density_cv_proxy,mid_mu_density_cv_proxy,CV(projection_mu_density_proxy_i) over mid-third intervals,Coefficient of variation of the projection MU-density proxy inside the mid longitudinal third.,dimensionless,"Aurora RTPLAN control points: gantry angle, isocenter z, cumulative meterset weight, MLCX1 and MLCX2",implemented,Standalone Aurora SVMAT Lab metric.
AURORA,V3 axial regions,mid_aperture_change_mean,mid_aperture_change_mean,mid_aperture_change_mean,mean(projection_aperture_change_i) over mid-third intervals,Mean projection aperture-change rate inside the mid longitudinal third of the covered z-range.,mm/mm,"Aurora RTPLAN control points: gantry angle, isocenter z, cumulative meterset weight, MLCX1 and MLCX2",implemented,Standalone Aurora SVMAT Lab metric.
AURORA,V3 axial regions,mid_aperture_change_cv,mid_aperture_change_cv,mid_aperture_change_cv,CV(projection_aperture_change_i) over mid-third intervals,Coefficient of variation of the projection aperture-change rate inside the mid longitudinal third.,dimensionless,"Aurora RTPLAN control points: gantry angle, isocenter z, cumulative meterset weight, MLCX1 and MLCX2",implemented,Standalone Aurora SVMAT Lab metric.
AURORA,V3 axial regions,mid_leaf_travel_mean,mid_leaf_travel_mean,mid_leaf_travel_mean,mean(projection_leaf_travel_i) over mid-third intervals,Mean projection leaf-travel rate inside the mid longitudinal third of the covered z-range.,mm/mm,"Aurora RTPLAN control points: gantry angle, isocenter z, cumulative meterset weight, MLCX1 and MLCX2",implemented,Standalone Aurora SVMAT Lab metric.
AURORA,V3 axial regions,mid_leaf_travel_cv,mid_leaf_travel_cv,mid_leaf_travel_cv,CV(projection_leaf_travel_i) over mid-third intervals,Coefficient of variation of the projection leaf-travel rate inside the mid longitudinal third.,dimensionless,"Aurora RTPLAN control points: gantry angle, isocenter z, cumulative meterset weight, MLCX1 and MLCX2",implemented,Standalone Aurora SVMAT Lab metric.
AURORA,V3 axial regions,tail_mu_density_mean_proxy,tail_mu_density_mean_proxy,tail_mu_density_mean_proxy,mean(projection_mu_density_proxy_i) over tail-third intervals,Mean projection MU-density proxy inside the tail longitudinal third of the covered z-range.,weight/mm,"Aurora RTPLAN control points: gantry angle, isocenter z, cumulative meterset weight, MLCX1 and MLCX2",implemented,Standalone Aurora SVMAT Lab metric.
AURORA,V3 axial regions,tail_mu_density_cv_proxy,tail_mu_density_cv_proxy,tail_mu_density_cv_proxy,CV(projection_mu_density_proxy_i) over tail-third intervals,Coefficient of variation of the projection MU-density proxy inside the tail longitudinal third.,dimensionless,"Aurora RTPLAN control points: gantry angle, isocenter z, cumulative meterset weight, MLCX1 and MLCX2",implemented,Standalone Aurora SVMAT Lab metric.
AURORA,V3 axial regions,tail_aperture_change_mean,tail_aperture_change_mean,tail_aperture_change_mean,mean(projection_aperture_change_i) over tail-third intervals,Mean projection aperture-change rate inside the tail longitudinal third of the covered z-range.,mm/mm,"Aurora RTPLAN control points: gantry angle, isocenter z, cumulative meterset weight, MLCX1 and MLCX2",implemented,Standalone Aurora SVMAT Lab metric.
AURORA,V3 axial regions,tail_aperture_change_cv,tail_aperture_change_cv,tail_aperture_change_cv,CV(projection_aperture_change_i) over tail-third intervals,Coefficient of variation of the projection aperture-change rate inside the tail longitudinal third.,dimensionless,"Aurora RTPLAN control points: gantry angle, isocenter z, cumulative meterset weight, MLCX1 and MLCX2",implemented,Standalone Aurora SVMAT Lab metric.
AURORA,V3 axial regions,tail_leaf_travel_mean,tail_leaf_travel_mean,tail_leaf_travel_mean,mean(projection_leaf_travel_i) over tail-third intervals,Mean projection leaf-travel rate inside the tail longitudinal third of the covered z-range.,mm/mm,"Aurora RTPLAN control points: gantry angle, isocenter z, cumulative meterset weight, MLCX1 and MLCX2",implemented,Standalone Aurora SVMAT Lab metric.
AURORA,V3 axial regions,tail_leaf_travel_cv,tail_leaf_travel_cv,tail_leaf_travel_cv,CV(projection_leaf_travel_i) over tail-third intervals,Coefficient of variation of the projection leaf-travel rate inside the tail longitudinal third.,dimensionless,"Aurora RTPLAN control points: gantry angle, isocenter z, cumulative meterset weight, MLCX1 and MLCX2",implemented,Standalone Aurora SVMAT Lab metric.
AURORA,V3 dual-layer coordination,layer_imbalance_index,layer_imbalance_index,layer_imbalance_index,abs(mean(leaf_travel_i_MLCX1) - mean(leaf_travel_i_MLCX2)) / (abs(mean_MLCX1) + abs(mean_MLCX2)),Normalized difference between the mean MLCX1 and MLCX2 leaf-travel rates.,dimensionless,"Aurora RTPLAN control points: gantry angle, isocenter z, cumulative meterset weight, MLCX1 and MLCX2",implemented,Standalone Aurora SVMAT Lab metric.
AURORA,V3 dual-layer coordination,layer_correlation_index,layer_correlation_index,layer_correlation_index,"correlation(projection_leaf_travel_i_MLCX1, projection_leaf_travel_i_MLCX2)",Correlation between the interval-by-interval MLCX1 and MLCX2 leaf-travel rates.,dimensionless,"Aurora RTPLAN control points: gantry angle, isocenter z, cumulative meterset weight, MLCX1 and MLCX2",implemented,Standalone Aurora SVMAT Lab metric.
AURORA,V3 dual-layer coordination,x1_x2_aperture_disparity,x1_x2_aperture_disparity,x1_x2_aperture_disparity,mean over control points of abs(sum|MLCX1| - sum|MLCX2|) / (sum|MLCX1| + sum|MLCX2|),"Surrogate side-opening disparity, computed from the relative difference in MLCX1 and MLCX2 position magnitudes.",dimensionless,"Aurora RTPLAN control points: gantry angle, isocenter z, cumulative meterset weight, MLCX1 and MLCX2",implemented,Standalone Aurora SVMAT Lab metric.
AURORA,V3 dual-layer coordination,x1_x2_leaf_travel_ratio,x1_x2_leaf_travel_ratio,x1_x2_leaf_travel_ratio,mean(projection_leaf_travel_i_MLCX1) / mean(projection_leaf_travel_i_MLCX2),Ratio of mean MLCX1 leaf-travel rate to mean MLCX2 leaf-travel rate.,dimensionless,"Aurora RTPLAN control points: gantry angle, isocenter z, cumulative meterset weight, MLCX1 and MLCX2",implemented,Standalone Aurora SVMAT Lab metric.
AURORA,Legacy engineering,axial_travel_mm,axial_travel_mm,axial_travel_mm,sum_i abs(delta z_i),Legacy engineering metric for total absolute axial travel reconstructed from adjacent control-point isocenter z positions.,mm,"Aurora RTPLAN control points: gantry angle, isocenter z, cumulative meterset weight, MLCX1 and MLCX2",implemented,Retained for comparison against the v2 paper-style metrics.
AURORA,Legacy engineering,gantry_rotation_deg,gantry_rotation_deg,gantry_rotation_deg,sum_i abs(delta theta_i),Legacy engineering metric for total absolute gantry rotation reconstructed from the observed angle sequence.,deg,"Aurora RTPLAN control points: gantry angle, isocenter z, cumulative meterset weight, MLCX1 and MLCX2",implemented,Retained for comparison against the v2 paper-style metrics.
AURORA,Legacy engineering,mm_per_deg,mm_per_deg,mm_per_deg,axial travel / total rotation,Legacy engineering metric for total axial travel divided by total gantry rotation.,mm/deg,"Aurora RTPLAN control points: gantry angle, isocenter z, cumulative meterset weight, MLCX1 and MLCX2",implemented,Retained for comparison against the v2 paper-style metrics.
AURORA,Legacy engineering,mm_per_rotation,mm_per_rotation,mm_per_rotation,axial travel / (total rotation / 360),Legacy engineering metric for total axial travel per full 360-degree gantry rotation.,mm/rotation,"Aurora RTPLAN control points: gantry angle, isocenter z, cumulative meterset weight, MLCX1 and MLCX2",implemented,Retained for comparison against the v2 paper-style metrics.
AURORA,Legacy engineering,pitch_consistency,pitch_consistency,pitch_consistency,std(abs(delta z_i) / abs(delta theta_i)) / mean(abs(delta z_i) / abs(delta theta_i)),"Legacy engineering pitch variability metric, equivalent to the coefficient of variation of interval pitch.",dimensionless,"Aurora RTPLAN control points: gantry angle, isocenter z, cumulative meterset weight, MLCX1 and MLCX2",implemented,Retained for comparison against the v2 paper-style metrics.
AURORA,Legacy engineering,mu_per_mm,mu_per_mm,mu_per_mm,MU_total / axial travel,"Legacy engineering MU density per millimeter of axial travel. Uses explicit total MU when available, otherwise cumulative meterset-weight span as a transparent proxy.",MU/mm,"Aurora RTPLAN control points: gantry angle, isocenter z, cumulative meterset weight, MLCX1 and MLCX2",implemented,Retained for comparison against the v2 paper-style metrics.
AURORA,Legacy engineering,aperture_change_per_mm,aperture_change_per_mm,aperture_change_per_mm,sum_i abs(delta A_i) / sum_i abs(delta z_i),Legacy engineering metric for total absolute aperture-width change normalized by total axial travel.,mm/mm,"Aurora RTPLAN control points: gantry angle, isocenter z, cumulative meterset weight, MLCX1 and MLCX2",implemented,Retained for comparison against the v2 paper-style metrics.
AURORA,Legacy engineering,leaf_travel_per_mm,leaf_travel_per_mm,leaf_travel_per_mm,sum_i delta L_i / sum_i abs(delta z_i),Legacy engineering metric for total absolute leaf travel normalized by total axial travel.,mm/mm,"Aurora RTPLAN control points: gantry angle, isocenter z, cumulative meterset weight, MLCX1 and MLCX2",implemented,Retained for comparison against the v2 paper-style metrics.
AURORA,Legacy engineering,coupled_modulation_index,coupled_modulation_index,coupled_modulation_index,"mean of normalized aperture-change/mm, leaf-travel/mm, MU-density variability, and pitch variability","Legacy engineering aggregate of normalized aperture change, leaf travel, MU-density variability, and pitch variability.",dimensionless,"Aurora RTPLAN control points: gantry angle, isocenter z, cumulative meterset weight, MLCX1 and MLCX2",implemented,Retained for comparison against the v2 paper-style metrics.
